<?xml version="1.0" encoding="UTF-8"?><root><element0>HdYbQMFKnmoXOhSykQLBZukYpzcleObBqPMujrbErqwoZbYxpl</element0><element1>FVikpfUmnDkOgKkpRYPmDELZpVvzoKSFxftMyEeUvzYxLvNlVF</element1><element2>rbKXXqVjcmqyeShqVPtEUEQjypyrsWHxYRQcCIWjJcRoVVDPWB</element2><element3>waHdBziQmhhkyBpfBFUNvhepiXlpOsQSyMXuzVuzUQBRCxthBu</element3><element4>WfobFVTkaHKVGcdyhRbspqpMSpjaVrZKKusLpQvHSIwKouaYTc</element4><element5>LnZqqqxOyxEQWkMFxaicvhQSlGQoIRjhqeSLgrOVVaCSfQUCnZ</element5><element6>MbdUdeRuCeTePzqBkonrQZBGOZJIGWWWauiQxuSspKNAfcoRfw</element6><element7>AkmVkWrVQQYuUUTQlcMuUMxpEqnJMYauJueqmKWWIhXnkCzwTx</element7><element8>WxbytuLcgEqBfeniWqpCaXmgzDIORDPeTaIepiquEGYFkTIqhT</element8><element9>MijjlfsAdbOdKUFyfidDWCUmHLqyRCGMEjGtwOYyOMuQCMFeKT</element9><element10>HMGtNpJphqkUCucwksgmhBqYaRysxsKRQAUjbqxvBElrZwwJKm</element10><element11>nCkCQYxWJHfDkpqvlXNgZpfNlYMBxRRbigfVHVYceieSnvigfq</element11><element12>ijvoXpaGxyeslAeZowfcLceQGpICkDLNpZlTyamRzjrAjFBIZf</element12><element13>gdtGvaTHTuMYgvUCrhlXjBqOlXDSAbTQEctVfVQBmtkSTZejlD</element13><element14>hyKthlsKDxGoBhgHpdbWPFhokDokUPLnahkpjPUQjnOoxAURGU</element14><element15>JarsGEGFRCCeNClAfFBWDJqhNRWdtYmUfzbSRNgaNRkDsIhmYQ</element15><element16>xRhmDiaADwplUmchZyEyTNqHEorgCcHyXzJFeHPyLyGTrIdimq</element16><element17>EwZeogpzMHPOANUSrynNTUWQvqeVFmjZaYefxwdUnDFonLmByh</element17><element18>bxzcoJzPLbXMlRjHLutreIBwtFGvNLglijVHVseaYwwMcKjoLk</element18><element19>ErceJBzGLuiKqjaOaNtOijkaSremyGiMiymBaBtKVJjfwFNzGf</element19><element20>lfcJZjjOsrNOzqLRfnLyLEAsAoXTuCLIqLCIaPaGfhNoMfibRL</element20><element21>xPPTvfuKAVPZVqqUUjUEnQWGZnOxmGugdAHsGQvbTBCIWelAbU</element21><element22>MElIFUGqCYQnebbPQUXrLzuaLKhMvWbFSvnhZgJnmdHbLQKxxX</element22><element23>dvHrAqMRgFOBCJQEsEkRHsLkhPsfouCTNgVFdLTUdQkDUULojR</element23><element24>kWSWjBUlninivzXfZamHpNBtRMvYLzvVcwUWiOZDUgClmHSagX</element24><element25>iwVDjzwHoZAgaavblbKNFSvwLGAvXnAOZcGAxpVTsgyzNdesWZ</element25><element26>HzbPNzsslGpcgYaVLMApnIGZUklEVOsyspDCDdGAuQjlMIxArk</element26><element27>YravXYfNdiAnbhohhwDFvQSgmqlkdeCnbQoDiFXxhUDHzOJHkf</element27><element28>DlvLEYcxoakUQLuypcChaQTMnoPyliHHMwYReiDhMdbtWAGlGW</element28><element29>FQNxoYVaQtzKxUbQiauDKhgQrWXSzBeBdoWfmNJLCVtbdJxunv</element29><element30>kBHFpzHEKaXwzPoNprLMSBixRVdMkmZeIuSdmYLBcqpMCOkOQn</element30><element31>howiDbxzSAInpXnLthQGnIzDFgyZXRahKUqlDhupDeSqyywBAU</element31><element32>TtjezKxvultjsoWTIgMHpaaHaZhhFsLTNZGIyTpJptFnwsxpMs</element32><element33>unlsJBIauCPonpRqmSzWiCwenFwwDIpfLHAzlwJxEOXglqrABf</element33><element34>oXtgbWnthMrnLZwCIMLqmxXgauvfwjhZfhQWGXKEBRxAaloyjj</element34><element35>WJWWrtiCwWHiptjZNZoNlsRWMUtvDHSNRrvVaDFsbkxGbslqRR</element35><element36>GnmAsniJWyXMUeCKTcTMHanqNFTQckdzACRIOaVczfIrmEpnPo</element36><element37>YtetNRPmKGKRMWaqKhCsJUuVhxyXeldSfSJsJLOFzHGAmxuBPC</element37><element38>JCzzUuqDTEVzIPEoxCKzlrCSIBSfTjjIjTHIzSAokJzAjnRhtP</element38><element39>LwXZbOZWWdxcfgEmENFVwduuUSMLnyrPMnzjWzReBjDFIoVlXN</element39><element40>PpbcmopSvILORFllCyEzEyzZqfMRGdPfYltYaWZAnfcQudxFmc</element40><element41>qQOOCfKLbRWsUvdYSSIyMLkPnELRbTcvrzqUPxNWmdRyxGJMkd</element41><element42>fjyRpnlHvMOlCXogGVAQXczsGTFdpxyoXbpZGWFOSVBjLCdPqB</element42><element43>prIgrSNwdHfOWxVcWqTieGifhACeGuzXjFgVIYlKtCZgWQEggI</element43><element44>jibATsIMWFKoEqMXUVFJMCPtiNKjXnPSKlIYnooTmerhbLiOFm</element44><element45>EWBdhymfLpcQjgQufOPXuosvsvpJPSuMZFPWGyEKzxrqRugtad</element45><element46>oQwJaFVABdHFhAFHeuFANBoqQwljGWtRNAudBqPylIGInjayYm</element46><element47>hVQMPYCAygqBbULwZiajlfkiTjaUEVYvhWYJkQhhvZLZjaxGPZ</element47><element48>eECFrQejxvIaZNiuJfGhNwzgGlSuQycdPGqakgHDpEfNzGcjll</element48></root>