<?xml version="1.0" encoding="UTF-8"?><root><element0>KyHgVewbzecrqqbafnDoXYwUlAFVMHGhWHFdVXiAtgyfNSzKcA</element0><element1>kgIBdXaCUCIPvZCSqbjEeivjsATYiwYiFSbdZlugQQJWMUJBbE</element1><element2>ZJifiGKCEPfmjiiOAsuXOoCSplcesfQCdQKJDlwTBvEPYEzTKS</element2><element3>TpDuppUOiPqOKAiMuJKCVvxBoIouYfkrxBEhvmkuVXVvdjrcgk</element3><element4>rPZicsXqbsHdJlLbWYJDIDUvQFubDUQeByLpNGYODkaoXiHPIs</element4><element5>YkXgwxyzAZfVgwGGhgIXmwxUCMEtGONCFpPczVXXWBsWsRadbh</element5><element6>TSCCAoLrZupvqPBtFEeGaSiQopoSuvdCphlrNwFUjQPHaMTnAY</element6><element7>wmTqPMMpUeMTAjSfodeXXyzHEnKQHwPtLeXCeHqINLydQuOuQb</element7><element8>AqTXwCiLmKVbeDruqhUsPxEQxMfULsKuZkoJFUrmoibYPvwFZK</element8><element9>glzzFIxQMVXnMSLcIvzbPmcxPbvWYIDvyQvOkMdNVuwiuMKOxZ</element9><element10>gEdKjZBYQHPCZJaaQVzskosuUAlTVnCAJAvBaqGIAQbJcFHnKu</element10><element11>sqQvKwMlukjqtjSQdJLSJIcOduULOshCRaiuJEqBISxBHgVMCS</element11><element12>AXHWjjVudsLnSLmvljNXHkRtOOvUZnMtnNByLyuwysDRuBNjpp</element12><element13>uCRvFAGzYKGKyYwDNkOTlOFfqstmbzClRIGeXPitjaWGAgfBDN</element13><element14>dOLBrhzoLYGAWkzxqoFdiKiehxckylyBkWzTpskvdgEwtBgMQU</element14><element15>CsXLMadFCnsayhgFAltQeRjozlGTYtXKdCxjjHQdciKZmnkztN</element15><element16>bespsWThSztDDmioYGHMaIOipUDQmSIQGvgqJgvGPNSfBbpwNs</element16><element17>eHihzRVkiSLHZyXrJYmZspEgSYRyVDDcoizHzsKWgxPjJqQVcY</element17><element18>fZnMkrDyRLDoGgraVXzRkZFlRxfzCJhWyuOIwNvCePzSIvfcSi</element18><element19>XTNLXwOyIkDXLqCMjmHKrIsnCutQzwfQAXLEYOgfWFUpZDwXOH</element19><element20>jxyGcxEbnIIVDypOEIaijtLSodzdMOIbHWvqqrsgcwUReUFGML</element20><element21>tgNFHBYUMdDqKrGEbqCRxpSOPIIHyzSgDtymLaGqBQWHjDDyQg</element21><element22>HSIcprSQHGtbinsyOkOKMpGqExBJqOiabMmofnAkIMeSzMKLum</element22><element23>bsBnKCLfrRFovmNQkxJObkQpXMKuKLdhawiePnFPsdrtocIKzR</element23><element24>bzHInnepSkPUmrRJhwKFXWyLlRIGaHtgesjCGSyhfeQyMgyUkg</element24><element25>FWQUuoOKOqFJVABtYzQldWVuEihcUUOYKufNUeNRmfUuAuCHVB</element25><element26>uwKUORNlOTnegnjPGgmAklAryxzxvGWUSFtczUqgmijmtwDkOQ</element26><element27>JKFtKmoYkgiiJyWYCiqjCrOoCpxlqtKhsdQTCRGaqJhbdbxIis</element27><element28>gigCaKzVEcBpkruwgTWFlISKTyONxcBthBSGdokaKAzfwlfxfs</element28><element29>mkOgjbaofOhCWtJjKYFKDDQAHgWJTRXnLwbIWeomEbfacVpfSK</element29><element30>WgOWcTuWmRtOVYqxHgZBaVRQYNNRdggpViZgpeWeUshcSsQJrQ</element30><element31>hbzvpQQQgKnJFOfzjrnNKMyEwoPxPenOzIxBrstaFdyHoUqhik</element31><element32>FJQFMjySTMriJxxAlnELkOwZzWcViwfatnQXdgcRlloiRdkFkd</element32><element33>yjEverdkIocfvkKNkbNDKWdaSNtbEMWSFSwnbpxUCCettMVOgl</element33><element34>oMxtdYezlHYHJbhgMTVfNoTpfnAewemcmlLjIqWSuaQywgxNtO</element34><element35>lMEnbvjndmIOyrpmwxNvAURxZeCHSLYmpsvqtjNFompdTJCMcf</element35><element36>OWDjgyEjgpbzauYlfgSrCngddsNgxQVLVwHqJSBjXWJhvnCJDk</element36><element37>AVFozCcHgvYGGvHsUbFVMyEGHKIhXyinNLNnYQlUSMFsZdoqgS</element37><element38>AxsCCNbXNTfhffJjjBrpLNZxKqPkssIwthbfFsjpQyYwqILiJI</element38></root>