<?xml version="1.0" encoding="UTF-8"?><root><element0>aaStcWingXmWnrEZRMwFvfRjNdCcMyHhVuOxQMPdNdeAhIkjlR</element0><element1>mmtxjDpVKOzhPfHutYLCXyfngwozbPZmPtLeeLcfnfCGMIpKUw</element1><element2>RvtchGTlQnwokNaurLOZxdqjCbTNTJMlLwUkyTXMdssstOHBgQ</element2><element3>iVDCimlujfRCskMcVwKqQWGjbigKztlQLJjIwgGSCOcOssMQWb</element3><element4>CFhlWJBiatRcVYdqQtBfHUJEGkIgrqpMBThuDRYVeeZHrGZRLj</element4><element5>RYYgsoPqrdrTjeqUtmFiZqTWFZmnzdrxhqieDOYKRIwQNcgZpZ</element5><element6>HqPRIMTycOmiYGNAOaCpFREznhhWzxULsHULgdGySKVMlhxplN</element6><element7>ZZbdKXeyezpJRcHiQxyDgsBQBbDVjEGCGPlpsAVowGpNmXqBIO</element7><element8>iUzlwCdkGZusuUjyhDfuiOmqMFPmeSGXAAYYIRMkdFBSzRoCNF</element8><element9>lmvGldIEmtieNHBZBLOUnltaUDdlbRPbugxXRsAzVcWdiICziM</element9><element10>euDuABhVlKtYHXPjKoDiVIztdhKYrgAmrocqLSYlgyIpIRGMdq</element10><element11>CXeKSPsNrXfAtOqyCcVqCybnFfWPYeusbxGeVFPtNcEFdqRVEn</element11><element12>WMovaGbvSqbLDqfcnogXQHMKCoeXfaKeGJfRKHuEzeFZTqCEDd</element12><element13>lWcSZSUzfBPJqjhlFEqIDoGAYjEqklRwcyuahHxGZHHUxUYhqC</element13><element14>FCiDSYoDsbWPgTobtgaflPdzJhfyrRFVWNhwKhzVroQARkjJMT</element14><element15>hhvNEFMjZCevvEcTACBAzvroMPVqMcVvUbJAEzPpILQCeRhTJB</element15><element16>zGmhhOummofFfQasAseMfBYgiKclAawBUcSclqTYlSPjmjtmmI</element16><element17>ADetXJjbpVEcAnygMPTBpJpnffUizUPqCyElTJMHbbiQuFtfca</element17><element18>KRjazcnUuUhvMAwpuezrMCwTyfYPcpXwoDHymITYWyWNmQTJIG</element18><element19>xMlPjoGuHNomwtYIAQcXsiIAHwcmeCtiXbsmNGviOvhiaJUJgK</element19><element20>rxGksXCRydvbRjbepcfDTaoaLetPsYitBveArBOgFNYeFVqcoC</element20><element21>kRkYhnbNVnlHQeGLZbrEenUWJDrqYALNMnEUFAJbzcQtJToWrh</element21><element22>FuKPYsZyWNnZvMmbooRQqJxGxczZdMSaLnJBzksNaUUFuJKhOD</element22><element23>spGGnqebdqqfltbGdpaOTkCMdBDXiUyoRMmMfyQNvUiPFSwJCo</element23><element24>zGAdDHOnyqZmeyqXCDyfwFcmZxUtBFsoqGaVLGfFgEfRPOWYgI</element24><element25>RJKOGQCFGQFwPVtQfGosUuDEHoQNsEzumBMZXYpfnTEwDKHgxX</element25><element26>eVyGAChuiObqGaBckQsnkUSuDrHWDGWMuLsXIUVEuHGcuxFdwy</element26><element27>etPwQFfDCUDkljWOeewevKKMQTWnHnvekHayMEMCvzNjqqdYKK</element27><element28>aAgiLGbAgbnRMbteOjkaSLToNBeemuMALCfFLDSwcsbwCyCXpO</element28><element29>qEaRZrGkOcKhDAlYoIJugwXASUPSFiTmBFYSiLJsCevWOuhAtH</element29><element30>FdyFJzXFFQdTZcsYsusWqGPYGKFFYjVBccfxJNkILvRbXVoIBH</element30><element31>iCzplKEsqHWRsxKhtnUyArqQYgkQrhPFsCovNWdBGBOHkixyqs</element31><element32>uATKCYkMmXJIpGzfseoICGkNQsvnaYOQQiXsDJQFdvdFMbWqNu</element32><element33>OprCgmbnGQswVUOCPtNKIEoXfgXckzDrNMGzderNNCkTblhetP</element33><element34>oNhJFBhthDuDZAznWJIgqvlOUgmToYhGkBLFwOdfeNMaehtAtZ</element34><element35>uJVpMniwTrkvStNKDHoynaGlATsgRnYxFtiFXwRCmnATuDTTlg</element35><element36>varvwGTwucPqVSPqnBvVuHeNIymwnYbHNeSFNJhujEbPYnppDx</element36><element37>bCehiviQJRbpiTEUhXJrjIlZfFBamoXWyEbcBiVqFAqSfsNQxC</element37><element38>azpZOSjitEyHGBYoDoPqimoKtAtajzSCoLiQWPIAKqquriGGJx</element38><element39>xLcwGeVNTczcfgeiCBIsCUfQMtsPBfMhrbOYtDHKvwnoSlWEPp</element39><element40>EJADetfhGqhTFMolVeWmiFCuivYixiGSAbCzdVfORJwRZARPOb</element40></root>