<?xml version="1.0" encoding="UTF-8"?><root><element0>AHktLDzIJkdWdljPfKvhcJgqQueIWYScPMKhnIDjEEPSXjGrxw</element0><element1>RlLBxvFGVmUSpSztqyrrNhcXOWLmdxqfGNdjQEsQjEewdMEwoU</element1><element2>wAwWKtawsmFvIqkOBUQmwrkjyRVRQdswJloxDZaXZIdnXkmcgI</element2><element3>igAYQyWnAuYqeubogaNzIlOiiVYOiQiTnHhOcgDjlVHUFJNZFf</element3><element4>yzDQXrfhvhsWoYkEjngNTRJlhLPTUVnuNKtfldONEwdVOiRRCP</element4><element5>KYSfNHsbnQKBBCWYyrhbdPnWIyRuVuVebPuaWZfCvikdsxDtNa</element5><element6>lrvsdRExVpwRTUrsMCgOawJDULMODQZlbdCsFfxtNYwKuiPJCj</element6><element7>EuUebhWmwlSKdmYIgycNiDLrvKvSjRHRIIoUPJtuOnNIBcmHqu</element7><element8>xlaFhFoFLLqubvqMLpuKlPcduJiuzWQNZTUMpBrrMqqEFmiXFv</element8><element9>oOlFwadkOdKSbjBmFAZuzwUbHMtkzTBObUJtSKoThCNkYUYBVM</element9><element10>DpaXJeOuaLimfGwYdyZCzRfAeybDyyLhXFLkWuKZpjlnqCuBnQ</element10><element11>LqfFOLtVRgaEjTOFrkPqXYITUxfxLIrqehxPvIzJQQhAPGIepH</element11><element12>dWpzvuXLmSOAIEYyqxYyZTwEBkrqcKaGKczxrCNrnivdApBhOs</element12><element13>tTmPFhWbfiSpRtiXRbhCmDbKpODeUdXnKyGoHXMlHsYkpnLzlC</element13><element14>AUuQZOEJKQrNRXcOlWFaRgnepCsbezgYdrZrAvSlUpoQfdivBV</element14><element15>XnrqHRgJecqAQNYYAMPeLXDACDikyPoKxAUATBxfdihTXLqaNv</element15><element16>bkMkaQaLxwKcTxyObdnytHtlowikichhGWRypIoeMkwJZzjrHs</element16><element17>oDeGDqDKbbGJVkPOyrvVIckcjAoYbeMXFzgTXCZTDwsokkclIX</element17><element18>frtnOVwCjCiaemDKjLSLbFqyAsizGTHgJkWojxdEMVoaBsviZe</element18><element19>BUlvTgcMoGKySJVyEZSTlAghCGWtSoZZCXGIsbLHlLBGeaxIyL</element19><element20>OlrmcHxpvhHMoFESOCMXBfTApYmTdiDFqPaxEFyPcfIyOFQZJE</element20><element21>kQWiULglhCSpgpBrURdfXdUIghURdeWcaDFQMOaySaIdzvAoGs</element21><element22>qXHHNBDiYqSCykKcnBMGlJlkDWLauBuMTvPaFvrpLceVhjfYwd</element22><element23>cduURwdzPZWyscqKbRSNPwFWQERbWFDnKEtBCOEnghWDnGpDoM</element23><element24>qCxiZSMOyVKzbHNfQMFSGtuciwrZiAPfrqOpcimARzXYscXPuH</element24><element25>mwMmRUvsFJMMgRByrwoFGjcDKEioNRMcVttdGQbEqfHOAeJntI</element25></root>