<?xml version="1.0" encoding="UTF-8"?><root><element0>mEyGtjvNtlHomcfWhFLbwLdEJwnljALlyDXWKfTNjIGhhrQFOk</element0><element1>aLtmHJPBUBlDWNByXSfhOXQNQipHaQalZsFJjEWradKBOfyvOY</element1><element2>aMHUuEbssIDYDvqCFoPoMmCmWuYYXlxPyAujhqDerXOoGCxRgP</element2><element3>nYvyfrwNBknqwgLrTAOnduOoaQdWxmMlCFXDhDWfmRQAcMQLws</element3><element4>PlMztAWmBCDFJAwDybWNuhwfXQueevybBTrdsgCwGTmrpEgKaN</element4><element5>rAAhZrBYdCeeQNbjYUSYVnbsxybmvwIpHbxWcbqyuvXZaqcOYb</element5><element6>FuIzspinxgUsQkVqLSSJYOWrcZPSoLPOaKDGtVaWlEOdSRbbIs</element6><element7>NnPFBmZVKJBwBlhEtVFqtaoizfqpzTjsxMRHaTlnHiWsGGajRw</element7><element8>WbaxCnTjAZDalTqscGvGvVOVNfoCEGwFzcYVmKHCSODhxlbPDm</element8><element9>ijTLrwnNtBcLwhgCnMTxffUvFXhzDkxPXbmknAQCPKjQOeZnuV</element9></root>