<?xml version="1.0" encoding="UTF-8"?><root><element0>CIiKogToGGoOQOAUaXEjkcczyxpKXfHvURttogSdTOJcoxSvkW</element0><element1>YbEAUjCGGrinkdJqhienqjNpHDcanZyqbRNjyJEwUMKfOPKmWi</element1><element2>iELGiyeOyKRomzPVCiAmiNtTBatHhSuRfGIYzfrRTDmtzJZeyW</element2><element3>rLazNtiYjmOZagkoYtgWraUgAEmaTKVIXhvFhVQvpyPCRgclrD</element3><element4>uBZDQbTARPlnztFLTwJEJPtNOkLhnIGmQbnVeaecvSrypwzYXs</element4><element5>TvxMHJWCgwVYpsocffUmyUFKbVWIoZTnLUlZztOUFPpHmsZunA</element5><element6>fFdvWJqlebiLhtVcLzGCnfvuwjbZoYsgPqsGrraOzdrGllDNZl</element6><element7>bctZNvoNAlpKiAuPVDQtrfieFMgLRXLVaXKUpZBsgXmVjLUDNA</element7><element8>yEJJNKLSpvmeaJiPOEyTOwPwEMdsjsDNVEsSdkQkWJFUyPtlLH</element8><element9>TvtxVrDIsuRWQvMPtlbfUCNpzEquVKQihXzKvcopeokkgRmwvN</element9><element10>OHGArkBFzdfeYhGlfMlcGJyxCSiPkczWeoLKgMntRKMJqqwXRE</element10><element11>fmSSFvUZPnOIiFOSaxqhaPFXgzfZfzfwXhtxQdQCuuMyvZJFBU</element11><element12>hdzxfEaBPPShQJeoiwGVzHoOatQVBNZOrtPmnLpIpaVOdFzLDm</element12><element13>XgiwtaoApEmGFxcsguNKJpYdKuFseFKGbveciZVrEXZmtmDzPP</element13><element14>eBBKfndXxhSzZqXnEehkwXSGrGeuDLmOUbwAJPUbidfQwQWnbx</element14><element15>qxjAtwUuByTrdleBotjUEHWdPJelZFhakjVgoDPvFMTqMuuFuz</element15><element16>UvQEElvKSZSdUzmpqmGlmLKUQjFcyeHllKoKXYJxCdVWCDiGyI</element16><element17>ZsOSEGRSTmxtGRLisZBUKsBXnOvNfHcKhlStelemOlkPVGRDMW</element17><element18>eVHlelGaIIrdZiGRbnGimhxZPJJjyVjxjpeorPZJrHksbfCfiQ</element18><element19>zWMdtqUDnwKgieCJGJKIRBnIipbsnHaItDptctTTJtjqTCNfeC</element19><element20>QUSTLieKGRJUrTTTiEJbYxurauoMeTBFVqXMensuHyBoRDKwNW</element20><element21>twvVvdslcTIKUwbslbAlNPuDsPZCWVhvmyTUrzqlIaTUZVTJHM</element21><element22>GxKOaXiBHlnWIQNrmDtZCGYzOuqlpbctbKERaPJXByjrifDZiP</element22><element23>GpEaxxMDoxyVgpdJlvsBvsQTYaYkQoNBUAEUEOoDIRwVKlTnfa</element23><element24>AVFVvFTLpViaQRBeLFnFuXhByuFDELCVpqQWJumwAkWWOTdcFh</element24><element25>ZbikZlzOTLQjYBphfBPRSfgGlEFAzMikiojLeTzfFNsxFWGeSQ</element25><element26>XsxbqcnTjdmrCnggdRXfoPrXlgOunEDKBCxqpMbdvcpGsWhnmr</element26><element27>DTOiOTyCtrGKqxuLhSnAnchYplBPkZZgxphwKpCPoUIiwzbDYW</element27><element28>ZXzhvbteWDlePDaZsyrXSTlOpIxgzDlYvABpOzKgYHiHMviWZs</element28></root>