<?xml version="1.0" encoding="UTF-8"?><root><element0>bEJtPXIHznClRIJVMKtDwjDcKOZeQmsjzkLmWzWbWxwuDCRrnq</element0><element1>UcPIJpwpbsfRCroeilJKtcmjrOOsmLYZNRvmxrmrbQbYTEeROu</element1><element2>SHGkyOJGITaOsavFTOSFNfHYWOznMXBvhefAaNbwKKPJJRFvGa</element2><element3>srWjUBthMdFJvDWsoPRKwSfGVkgCSXAuDWaqVSmXpwMcEXUUcZ</element3><element4>OEiYCGLAMiQaPFdDHIVnlxLAsltnQoBNFzMsWfGqaneETYxGyb</element4><element5>CaDpJJLrrrvSzCzaxUqIoyZgXcpCvWaZaYBSVxKzjwHRXxnRFB</element5><element6>ytOvffvWPUfsmvvslXHoMgMWDXAAtAdOKsNxGClxbfUwnadRYt</element6><element7>XkJCldhjqLbavCEJsGObNaKimIdCadmbwckgeKFusrBPRTcbuT</element7><element8>CGsjpiyclxtjPYNzBUXyhbVPGlDkFaQmOYasPOomuPVehbvjBq</element8><element9>OEqrQlWCHJWfOSnVDaMxeFfMdcaEDwYiHHwcOirVuoAKzhtnpK</element9><element10>PLCyZmJYqwpDRPCOmvdarmMCMTKTXGkeyoRBFHmJhIVQQWZXSN</element10><element11>LSewSGwbsGSLMZkVXprHCHxBWcrxyCKugzYpejEShymZtnPNjp</element11><element12>AedhrXCnUYEbhpJiAELrkucgLVFsTtuuATieFWAevevbEFfzCU</element12><element13>gbnkhGTsyQXhIvJLayFHCUdJREOAwuqyKByQdyigNztdjvvtWQ</element13><element14>CltClgHnRbTbDPlxGmoVAjeITulHqGLneaXQsvUwrHGHtsIeCL</element14><element15>wvdyRcjOzKrZOqGVMFIgmEDSnOZcigyoSArKvnwjKvJoSIKPRE</element15><element16>FsKzKZYhqIXzWNgWObRksglHRAPlxodWKKIzTguHHFHoTgzekG</element16><element17>XWXEJDtBBEsIxlJvuvLcdBCAWsZnRXJDyRVWhdrMsSftwGnfPj</element17><element18>zWCIqDBvomdZNgWMxqAxBKvHEoZkdiSUJWqEIcBwxjUwqsivLZ</element18><element19>IHPzGjQBisPneNEYryIiXEkErenQJddpnvQwiosvaqBYpzYhQu</element19><element20>tJmvIDBXnMpWJLNrOJMeFCKfSHFIHeAuMMjhgccoQgSstzytVa</element20><element21>VAQJieHyyYzcaJNXRYYxHspABAtcevkTKZZeAAOOYvIFCKRLaB</element21><element22>guYgMPKCsaxXHtokbPohBRcDgnVfAAtbXlODBxTiMmIEKnWegD</element22><element23>nLKaObHrchEtoOPRCpIFowrubGJxEypTbgILUpugHUpqmYDgqf</element23><element24>NOPNbDwRDosazCiNBFCHDcWbSAKLtKeQDdYetiBiWxMQKhcFWh</element24><element25>VKhruuLTWiykkWAStkZHWiIOcyShBPvCFxwPtvNtYMXfHyrSnC</element25><element26>wFSiyXjhTIxneqxSerKfkLGafYsefapFKKyQsYWRaHRgKBcfpa</element26><element27>TjxCPgRoPsabAGInmHoOtOKVpyjNaWQQKVOldwXsBMeshAWCaO</element27><element28>SGJvzzNbSGeiiumsGNPyibACaPFrRgYNYsOrnPazzBqSATtyQx</element28><element29>DpDnQXAVDvGZIWJurqHMXVwcqXfKmhMleqUHuSEkwAIrWYcWrM</element29><element30>dcEjlpNjTCirdArxrmycPcxgXyjEeffFQXaRjxcMFxoUvDMiKj</element30><element31>AApGhEWvHYeGHjUJasJepmDODyVRCHeiZjkGqdHXdZaLxjLwtl</element31><element32>EaqOTHiNHfoyaOkSWZwpJpVvPQvXUEsNzilOGcZbqBjjCqnQiy</element32><element33>vwPWwGgaTzoSiLcjHnYrGeSgydYqGJdPhUdhqWdAnLyOcdVewc</element33><element34>lUcEkxJAClRwxpunuDEmexQTapOojlxGpsKYUsnQbEOuKYunqT</element34><element35>vSSaNgAdUwszcQduiylMQAEMUZkllpXCjHolkLriLwuwomUOGe</element35><element36>cUzVmvnzohIeQDzWVfceaeCMCjjSypMySNHVhDMYcBqGjuTzqe</element36></root>