<?xml version="1.0" encoding="UTF-8"?><root><element0>cxrZIVMRLSTpijZqdqMmKfpZdVSrPwTiULDZMNXBNdcqTeFjWl</element0><element1>OAHqVOHaEzrJQbGVsSHqcHmNUviTFgAdtNGjQCydQEWVylifOk</element1><element2>bOMXZODhXcsxiZMgQlocJFwvomTjiBaMZKXvMHyzvlEqpkfVEU</element2><element3>FJerdCyNPNACtwoTkSNbRBwWCPWeTImIMYShKPceuwesJWSvOE</element3><element4>HiiocUUuGkekLqmAYUIBFCJKHEyxbttpJfnaIvoMcCLgDZKFoV</element4><element5>LBAzYMNDLRscXLaDsuDAgckCbqmbznGBYZbtglMbVEQPeMEpKu</element5><element6>CHTvlkjGrgtvtmHLruElhtaRQRRZqptSOoGoLnkPHslumjbATR</element6><element7>WdvSqbFNWjGjmgtSGRkrLIfUKZZUUfHDMVCGbSVbcuufYmPtUl</element7><element8>mzatnHafQczUlQQTEiLYenIvpXWndqqIKPGUMVrHZFpveRecTw</element8><element9>zfFgdHVZsJpRPbnksZQGUBfMukbYAqMpHbbbrTWivMVPwLGSQn</element9><element10>vRSDKmTLrCaBaxAMZnfJllXoxBbNVagUSaHhSpJAndnZBfhBmz</element10><element11>doVtmqDnoGXsOrpJwjUOTABVkSMfJnptCeHFtiWBcftHvpvowM</element11><element12>kyVammFYcqQQuCYEBaANIBhAKiVtJFBQqIrIuiAykAlyXylEIz</element12><element13>kjbdRUjnqEJnaApRCWPmShWlkxZPFkSdDqGjbCJsChFvWsfTvk</element13><element14>dfwWyHkTALPslieKjDWwEadvzzXCCSLPSBlhxCbedPoWHszDXW</element14><element15>vYcfkptVBMhTkywnjNjGobxAQorBolAakDQpByfFRDwuhNfhbV</element15><element16>MODxFrlTFKdIztHEVVPwepbMtixIBGpqDUUzVUuqlViLgQWofM</element16><element17>FAJVqkIZWXKQqFTCFjgaJAfeRvabVJbEpqkzaFtIiyOnFsnvKp</element17><element18>TiSJMyYeHymBpMrtINCbIBExljRLEcaonCTjJefmsitUkOLGxl</element18><element19>meWJMKOzijOTpOIqPLhMzbPhTzmKlwuclkYflpjrxBpNWohvbG</element19><element20>bOnkHIWoLcpsQmjLuzlcuNnAibcQdXHEynNPIKzIrOcgaYsXVp</element20><element21>sYrCggMmqHLxNvOfveaPTPkPlJbZLjgbZsgggtNQZBiWINZcBD</element21><element22>vlHDbcxUoyJyNbkXzfWqvaNsVkBMetQxviVAyQDohNPgmlmWLR</element22><element23>qHMORBYPSJygHDhBqanERbLMpxZYJREcgpJoNmAVpeEnCfaznC</element23><element24>ClBLHCKUijAjXlVjsxuPLQtoXZDLECMENETpBOuxiBJWqwTdWU</element24><element25>aNITESAvDClIqGDwCBNZeUlLXTkGehPBFpqORiePCbqJVyEAiP</element25><element26>VhrzGvFIQtzxqlwYnHbRCbobZdLYcorpQOWrUaAipAyYUgQfaY</element26><element27>fMajLmuAlLYxNhASjQCrecWXLVwHkaGiYuZaLtWyRczxmbMtkr</element27><element28>NlwqdkjBquZWWaTRiQNMMiUobTDavMAucSoKLaCzFXYxyPLtCV</element28><element29>bMIewYQYcKHHgxUIRMMmFGFJNegbUtmQUjtSYedcPUutEdwafG</element29><element30>BAMnfrwiiyNGBizDeXQTFjwgNGMydvKPVvCdTjmrLuzlSntSgc</element30><element31>crQbxrBNFeYfcSStPLvWckSMMRwxqonBsSGbMxtTYzcWjieqqn</element31><element32>cnzCQnyKceyRuRPBMlydRkZZFdxWjEkkmDCVMnOcLwazRjjkQq</element32><element33>FSZLFMTXBtaWbmWBBgWxYGwiYRSHRMHPAQfnWyaaxDlzwcgVIA</element33><element34>OhkrialdLwQqRaLARtXIaaSmPxEQdEWxOLKHTCaeIMDtsalfYa</element34><element35>hZLWUNlLdFmiQkDczJubuEbgMenwFgtrkSOiaHsaWKhbeCgcxS</element35><element36>FeIlTIcsXqkkmqmZnzCDbEIPmEFXoGTyaTPZNPqCJyRMdZYQuh</element36><element37>jgakQStyNQDmmLbacUAquFYedgUcujqdtzEMusTcszjKUmUuoA</element37></root>