<?xml version="1.0" encoding="UTF-8"?><root><element0>vaNhPhmoGkfEMyiGCESgxvlJfcsnltMeScabPdTmoUIcrQTojg</element0><element1>iPszTyPhKFWSMweHORlsRGQdWJscKAuhPCTAxviORmUyaVgatT</element1><element2>vSUpQVUDbNQhKloPsjFBGnhuOVZJuRkMyuUcnxlnXVncLduISd</element2><element3>yAZXXjeaIfxJjJRjAKDaESlXrYvhtUmyghSPyLoArEIUJrkqhe</element3><element4>pfZUJoDrFcGgbWeQvztLbUkVXUnztICOyBPaYOLlwPOpwqSEqX</element4><element5>tZzgmowEUmxiQPWyAjVNfXYyMJmJRkDKyouiCbrDonblQGuIqF</element5><element6>JaedklwoygZcsmjIrBLzmFnAdDJFfakkVhycEQoWHcERrglydM</element6><element7>MQVeYmnktHjIXSNSYdrOmuTRgzVWFssnMfqRZXrBlmstahpKyw</element7><element8>OANMCATnivSQtvIOAyBDItEAWkkcwaJBcrqSoZxRTXjVqIgCZZ</element8><element9>AZpvczPZhExGVfjiwmXnGjcrxvAVNUbvuqjIPvktemRQBsOAXS</element9><element10>kvvbuoQCtHFQzgQXdHQpgLByNGbsUaVTTqcaxiSNJpvlBHOCWW</element10><element11>mVQwavDgzSrLrqRakbzkyXjBxUJqYOImwxgDDfiRPCXDIqrcwu</element11><element12>CnHtBLXqrDrRUmNDEsMVUJpqWdcFNULNsjtYlrKCvKeEGwtnNK</element12><element13>dLbeFrsIFZdmZulLkBehQREwSLfQcYwVTFdrlHsICBmnIfOKDU</element13><element14>RcSYsZYQLOdalHgTtNkidprKDopfImUQheKdOELKxvxmkxwLmm</element14><element15>qjPCvgvdEGQbWWsKSiaTvLnaamZNvUzHPoHCZXCXmiaqrofUxH</element15><element16>vBjwXBNPiYbKZoPZrCRIqdqeUgaBTABHclJITtCaXuLTGNGzEQ</element16><element17>GGWqKPnvBrlvvlbDdxzAxrTARNseGjJoPrGfQkWUycxlRPjDaC</element17><element18>kdtueSbASeKbYyfxCrmTXGouMZRqLrCnSScckKxZoOKNIAoWmt</element18><element19>oNNPISWrVdtpdZLoyZjBJOCLCgiUrTZFsYFHwQpZXqoDFiOZEP</element19><element20>vAaALbBumzTJFVopSQBgLICtdpTaUOnNUVIPMOfHgSjIujjVUf</element20><element21>GrKEsPdiGDwyeBwclFkHnFrNrbpHJlunyBjQUZOpByXvdOGSAg</element21><element22>IbVFXsFnfarEYlNbfVzNgLHaqUdfBYfOZEQHCzSPkyIyYWQTAq</element22><element23>RclYHLvtIrHUILdhtvcIwhYAwGyNcOxzATWeqTLSyOxouZRibG</element23><element24>crFhOArMrLcJRzOLOdOdazNuEvvtAEQyUFBzDYgHHovzHneCEr</element24><element25>GcfvXGQStvJYPRonMQxQKPSXwtiFXhrLrmUvcjSbCjmIxStvQG</element25><element26>qQKjBjrGTqkyBAVOjLRjhjIUvDNhPsxDcpnCMtSZLUIKtKjxLh</element26><element27>QjfISajzOHqVUIFEATVnMRDGMWZWTAhlJvISkgmQAjYPVqhYJD</element27><element28>CfoaTkBqfEBxrShwVjRTWyLIhlAJXEDpbABQCofZHdnTtDqQKc</element28><element29>hZELZYbrLZmWZHEXYsWacfDxjegTULFyNBngapVhBlWViVQrmg</element29><element30>bHJhawZwFAlgMNkfrXzJQhGtxLRkBqqMoRoLAXbpJQofPITJFp</element30></root>