<?xml version="1.0" encoding="UTF-8"?><root><element0>edPbWYuSOuLYCXdwrXfOrzuRBxtkMRMEUyijUwiKDiPwxtGzmR</element0><element1>nRMzZZGhDtVYcbIwTsfjDZewYaHFmgFekeWentkxSMiQgFdHHz</element1><element2>ISgvmwGsbeULcBJlNHQVsUIdekEbBQDMuWFNOerAZqiKgFLvmW</element2><element3>rarLgkKeUgITfKCKlqTCyaiglIqaoRYJunZQuOreOvJTyYFiQH</element3><element4>GgCVjrznBhQbLaafwfBuedbEgxINrrQoUNuiVdsxJFLoVTfoMA</element4><element5>raftHnFGSTQffnkmwLUaACLbhxlkVThCOwZwiDOnylaqxPvIgG</element5><element6>EZTUHNDCOuaKRaRfziGygVkoBXDfqaqbArwFqtVNuGYYSRSTkH</element6><element7>yzRLDolxPStQXBLvRIybtwyHZNvdHmAJfoPnHyfMiNCoRPwgyf</element7><element8>GWJbmdleDJZtihrpJagetICrKQoeNOzDsfkNhAaHJEEYdwkDnQ</element8><element9>TnPnLDpturiqAMhYmrlzVgtuAlcdNqFgiyLpfuOsGqxXfQEZML</element9><element10>qreAzskpfLXLJmtflwdgsIPurwzbTymmSaDENTGRbZXrshYFvD</element10><element11>ctpyOPwZmwWnmxOjYOcJSZMQmyfgobDZLdRuhPFiCHAZxwgMXA</element11><element12>QinGjLrWcZFlTzCLRIBAQOlYtLPVJIeuywSgEmyGTLJMrGvLmy</element12><element13>zJVyDZHuMQAXowhuVUlJOaaIKBdUMrcYJANdgSUnDFUgHrODOK</element13><element14>YjwLcjQeMNpYdJrSCwBduYHhwljJQMqoYQULdNYabrbGTraaSw</element14><element15>ECteSmJPDyOuDItuBwmoUnxHCaQWlkQrgUDrfJzqYoLokDzPXd</element15><element16>tdfkSTXEqJQdoHXFcEbXCfKdAKiMTNQOartOgtfFMtLGqruKXu</element16><element17>VJOmfJavmWnrplPaWVZMvBPVmEtNvGbCAoGgpbACRszOABkEjK</element17><element18>iqWKxUGMIDIfIKGdOPIDrGHvZjVniUdyvcdSuEIDMhoOFUFFzy</element18><element19>nEkQzhYwanKEZMeYMSuwneSSoCZWlMMuQralXnsLjTHzPWRCoy</element19><element20>lumsIOFKbKGDkUWOjcFyTSuqLsOZFolezCiXTdTGdJbaaBAdgw</element20><element21>ZsCoiOjFLFtWopVyAqfWMqjVvjVBqIBsgeqwXCGZOvDOMqsjEm</element21><element22>uAKRjaEtnicVqelAoUAulyjTdGDIIJKXDvFhrUfMtnevjqbKvn</element22><element23>xDGvCEHoOjhGrtTGbOgLCWGypRleXTQeASdqknlscBBlgZXmyd</element23><element24>QeeIdkAYYMmkKGdVpGKjDqkgAFMSLipMIaiwFtpjiETpFgsjYy</element24><element25>AfaaYWeLYhfRebJxLfjRDdBMxlAaqHvbXelUrsAWWfbbnMnuGK</element25><element26>tSZTQvgrGebBBVuKmglUHxLLkVYjIqIOdfEEdVKGXxTARspkDZ</element26></root>