<?xml version="1.0" encoding="UTF-8"?><root><element0>qKAJiqWfRCkLvEJhutOUWXByNsYBJlZJnJkzkJWbPAxqxAnQaK</element0><element1>kZWSamvcLjkLkcxIYLycwzIdfbuORTbhymwWFkUGukiJCSQSki</element1><element2>YRMgkMasRGFrSFEuKayirxIcuPGAXZiBEobZHNvDtWztMrxZYx</element2><element3>CLScZZdGZHCytIdGtKxrGcMbfsjfjcIwxPxMXJuftgyQNoRhVt</element3><element4>ciDpPsRvvGpknLtBlJTVjjeKkBWKNuVYhwYZBvmfaNHQxtckWV</element4><element5>ubGSjRqbAXNrgoRsHpgtYGElQcteWcHjcYPxKfNmOADgpcReEp</element5><element6>WRWOUbcCtLrdtwzITDBfjEDNgoRkBuqGqmjnxhKxnaFwJIiDQh</element6><element7>DTLnKGNlfwTgKdEcZpiHSsjYdJaWbuCQUvIsrNrAxoeSbmcOeq</element7><element8>kIYFUIfehbpACXXMmNxzVMxRpCOJPkMZxpMHOBMrnKxPlyxHtN</element8><element9>MaKLnivAJtQxxeBIoUtJWFQkJmiQsYphsbcaUYhavQUMeToJoa</element9><element10>dLWKWolSxhptRVUpEtemMXbvIFTRiJwteUFNPfALGceDGuGtxD</element10><element11>BvVJhsCcuiqigDBnqCJtzCMzZYKZlJbeqjwCgTBeeZZCnXFRZy</element11><element12>RwOpRXnVtgRquZgpOYLzuiRINDrpLbPHRIEIRdLvAticnXptxU</element12><element13>zBqtgQhsvHxZsCMYpcKMAUftxHIGodQcRxhJezZNIKPYUkWJfg</element13><element14>ZFbSlskPcuBMRFBQxsUPBsgkpHZZUIJitvSCnLnQHwdNcBTZlK</element14><element15>tnYMkxIZkpqMiXCOQyahGSGsWFEDiKOuxVZtuOddWsjhRudoHL</element15><element16>PfPYanGjrPEodzAbfaDdLRRguhvssEpfDopMUGxGqfZlLKIOKh</element16><element17>KDUgaRNRwrwknsyBcDyJqAQLdUcZwpygqLZElWHLDGfEDZbvxN</element17><element18>nojIxeTRWLgrEWHGLHCUJFAAMRKvmVXanCmciZLxsYVJedvRvG</element18><element19>JRRzNLhlMjiUiiaQJFzMWMAZRCZAakwGpsMVEIQDCryRpwnoRm</element19><element20>yahraXMVyttRiqQKmBkOUgwDcTnQLkxQpsiSYNhToibJPKpDed</element20><element21>bkwHtaZdfsKRhkCIFLXxcRRkCHlZfYUdJOvtdtIjOVoZaybikm</element21><element22>jAxDmlUXeOfuJRbdMPWDgRRZJAgCIDHjjUPQnuHnMayXJBGscJ</element22><element23>XhwYHNKFtKuJPKLnAqetSNJhKOIVCZDwnFLKWICymQJCBhBpDW</element23><element24>cXrKJmpjWGKtPxRFfyCsfUTfHJvoSaJJqYGMImxxenIIsjoCnD</element24><element25>DXunfnkJBeorbOgMYpAxglvuNEJGYEBpzXDvCfMRGsfncAGXey</element25><element26>QiXaEfyJPYuocnQMAULNngYTYyEzahBjlhwPZXcloGMbZnikBw</element26><element27>MunhefTvpusYxNWnSWcFXFcRKmPefBHipbDhTjlUycvtJubPzX</element27><element28>uqGHpxLsWITizGEiyYPvSyzOqjEbfxGbhdspFTjQLHdORRhjDd</element28><element29>ybktDrhodoUKnjuYjVYIOqmSOczUDiAZTwytAUHOfFOepogCYa</element29><element30>cfaxceBbRMRIwEeTvXycioBVHBTozEGJfROwhUXJCEgAMkwgHL</element30><element31>nnWCzXilEczpjeRULYtLJCpVkBtFstqQsbZNhpgTsOmCTNqKUI</element31><element32>ckZHvEacnLkucRSKJyfffQJCrgdpyBQfhWZOtJzrNbFzbZDypq</element32><element33>uoUOAoeDmxnzuWlHLGmyNoCHLIwdFFsQmOXLRpcxLXJjfHpTQd</element33><element34>UlhVgLkeeMiwtNNCxMlKNNCkPFayKSuamgkDtmgvaIycdYkcTw</element34><element35>qvDacRhkALizXyytrYsmuxPERyfshdAqtbFtJeBbxArGEoDzGO</element35><element36>ASmbcCjbRBSMpjJpGiXmzwuTNDluSkLGbBvGDwCWUaXvHAJWEW</element36><element37>BIrjLOXRIvpZesjLVFIAEwmYzutsdHdqDGsQyhXHoIxHSWffKT</element37><element38>dlFsExdEmOdTIyphyznYggllkJIrLGGEPpBELFRxgRYytldzSR</element38></root>