<?xml version="1.0" encoding="UTF-8"?><root><element0>FbzKjQxISCIzXXgqDPkkWHIDLodkNcStKTYYUzZORnlabfaMbe</element0><element1>SqUKnmmKprpwHCqfZtLjOUDQwRCXpwfaGWxmQPtFMwPWiVAkyE</element1><element2>CMMiMlcnCEkltcWQpGDQGvlsRDqlKiYUtQKoWenuomDDHHqFIQ</element2><element3>zRmoTRjkQxpSufOgOJDjqJcEPkSdbrqlKlbNkGguxYnRKEjFzy</element3><element4>oOEWpYJhtlyRkSsgqSQYniAAlWfAiLErrGRoOnfBUDOYMenYND</element4><element5>ZHHWmHKKTuLmAbXyFPdXMzNxtTKzYPhEnsEAMosJuEWgEFgVwo</element5><element6>XgbsiZDmnmJEeqlpLqEwRUlEYwjzQDrMyVghZIrgaGSFAwEOpt</element6><element7>QBgYRKOBGzZPFUIzPbeisTkIgpchPStahzwfLOCowlALsdYDce</element7><element8>DpvWVFYUbAkFvxeliFmmYkQOGglcyeFJuQdUeCasSjhxdyPcYL</element8><element9>fpqLcPnmcpXPUqUlYlVvIfNpluPhqkrTvWUEtuxwmNYAMofRhE</element9><element10>mgiBormLNqfgpKVYhqIeRNYsmxotkPtGcNNqkzbzmAQOSRnZBW</element10><element11>YBCWaNTASRsvMoHiHOizsVSeLBpekzbyuLSSGKJdqnPrcPMDkT</element11><element12>IySmQlRxTPnrvQqHvHwWOeFQComrXmVVKbItikUHgFhjlhIaSO</element12><element13>AggwnnmaHNvPVsGMxkeycnvzAFbPgQbUpqspQPRLhTtxBDMpBE</element13><element14>sVecRFiJZrVFZzlghnSSJRSgOkOWwXotrApfFoJoPfDruHbQJM</element14><element15>WWdBrmtAVQIHmHvYMtRFTWliDOxyzXIisOKIOwdZbHFyjfNxFD</element15><element16>efiXwCqvvbyEhMUmKZiRFDqqXMSuRCOPoNuyCKvPDuxZCfjjNU</element16><element17>YrJVTWEPpbBqTKHGmgYcHysEaEOHLPuoiTdvOAKWYNOZPJOlNU</element17><element18>SPmFObSBViAKvVMgxuuPGvdsfrgaBCfXdhfNPsRBfEypuEUQIK</element18><element19>LMBPZBWuiRVjtMeJMdOOGeYQVpxNrOcZanUSYoNaCQrbOzoXYm</element19><element20>MYuQWqbzdXmSDIXSbasVviwTVAUkNxTFvDETGzDpUSDfQDFdPj</element20><element21>libwEOsjZTOErVmwuRKjCkIRDFfvyaBVBctkUZdegzWrehgmav</element21><element22>xRDXSGGwZDtYQrDFopcDqHwPawKFzXccitTsVXuGZOuXCohNwZ</element22><element23>vdNXsTRtQTBdFreGfBcfgevGFmqnoJoCGzgucBSeDIMbzwAgYi</element23><element24>XBDsmvftkzlWYoIqAoyWZBdxHfNNnqpBwVzWqNBGumTzJBIARr</element24><element25>ZBhJBszcMNxMEhkLgsgZmkIQLAElXGokqzmQjjbJweFeuJIvji</element25><element26>BFsMWDWxixqLgwvaJucNBrzwCCFJafFwBNlYZuUXTzqCncdpim</element26><element27>zFruFrDyNrNbGCijAEkXDRouIVXJAeqvkfXgCtQCGyycokzvRo</element27><element28>vZjltoKSMjZgrcjFjrOfSVdiPOTlIcqlxewMMJbmzDHupHALkM</element28><element29>pPIEjVsyRFoSfudTNFJgthsvXYFNJqjYteIzEsYPBdXmttvCyy</element29><element30>auKukPtazkVrocsCkQWYFlYpErrECAkUMpouYZzAzdKhrXNtKf</element30><element31>CLcNnzzsozcCXgMqKbQiWwHzWnBbhLuSoUVzURzPAarRQRekjp</element31></root>