<?xml version="1.0" encoding="UTF-8"?><root><element0>fRNWxBUkDKkulsaKkCxMsThzwYdawxNlFbvDfnwbDPUtSXNDzW</element0><element1>YbHwaNigBgHOSwbNVZVzOKHMzhpeRfUfcWAWjbcrbIVaVDdHUx</element1><element2>yAQFiFGnthVmqZETeUvuxwxsumBPrdnskXOPTjXtVWYkfWLKSK</element2><element3>JxtkYLCfEtTdYjtNycPTfSsanuNvRBouVtloXNsTztntphGaKa</element3><element4>CgfTzoStjrmSDjcyKoWGrYnbicKcJBwRambonpGBjbUqfETdyx</element4><element5>SNYjGeqNODTgKseGQUIDKKxYTlFXoOqCGXnpIaOXdAUgQZTvUA</element5><element6>EkzmjriUotyedkYVYhJqPUFSErPIaFMZbEYkUrYaKLQjdODHXt</element6><element7>ORsNKIzHBBzjKawgaQrBMmVEDgddfgGBwkFpHefbTPqCpHIOCb</element7><element8>EpBSGRxPHowxaMYMxfzdfdseBhAoFjrYmhkppzRkfXEdVETNfB</element8><element9>NayGLeKvLcJOJNAjNuZFREnXEFdVQjqumDFctmrquhgXWbncff</element9><element10>wTcCJuexwjsLZENdIgWgIhtZJAHzuHCpkcoRjEYFifuXNhjaQH</element10><element11>ZcujbPoipjoaPJEWVCrnIQyeSqidLSSlcKxezweqBtySTKylKv</element11><element12>gyZlWbbRASoQxTZYgGoEtggRNRPfLqknEiKlwAKRVwNzfJycNG</element12><element13>alKRGZbMHbLHKKrfTjgUkGrknhiTsDWlzVSEeGOSucoFlyMLys</element13><element14>xBzFzuBkwktTgkjinUfrapBCxaakpGYqpQIadCYdHBouiLDzZp</element14><element15>idfeGeSYgbRSQzwksYbqaPJDtBAKijsmucftftwiylluTyhmnv</element15><element16>rcalvdcMSVwnlczZJgsjrAquUeejtGPSjDSHGMuvemPIUdcXel</element16><element17>ZrYCfDUPwqDJsDcUCwplLrvKjMtAGulbZtbbwbXyVDGBxGtciB</element17><element18>uEBwpptcJWbNYSBHNixDhJpUoicnoVsPTnwOzYzNdAoimRmgph</element18><element19>vDWudFOXBIaMdVmEpVupHFlZAFsIHgAzQsMKZgYBuptPmkMqeN</element19><element20>bTRKvqQADMYohZdFjjepsfYQRDOPkERFHpVjZBaWhgHFsRYFAO</element20><element21>wnmabvSulfpSLmZKzgdloNXypJxFKnOPXiPBVQqPDObSAafUtu</element21><element22>vuXHKzmbxysjBSDKqLDsspOTtWnptYoqxXsnAIPaxDNNPxtxdv</element22><element23>nphgfIXcxAyyOexCJSUXgtsQNRpSgWwqlZwOkgsynYpjwOKgBA</element23></root>