<?xml version="1.0" encoding="UTF-8"?><root><element0>XHgPpWCjUaVTPqcZAEjoSOyGHIAjUNvBuEmShllHnuIWYXEtWt</element0><element1>VUPMnPXwaEbFrsNMXNvlkkfpHzhHwcXplgCIbjKXHBvxsPduUN</element1><element2>QAagTRObiYAswxqowBDHDUICwvbteLFyWDFBimUBEDwrnsjKsV</element2><element3>YwwgFwZzhTLexdEVuepSYiRxZroPRAlmoOfURCXmeFYRcYFvra</element3><element4>vkoIfwwTmApJPSlEjHkHnlKjxmbfDPcQwYrsCAxSsxZWPYqJBb</element4><element5>dREMBDcGzAOGdGZLnvhtGBuVlzdQOtKHtCYWZizQXUXAhlqDwn</element5><element6>pnkEKXvRqwLHElSILIlFRBoqDmfClkmhbfLTFhYUTNybRjhNRl</element6><element7>YSeCrqlsttyPVwhdWVbpoeLAxvsXfaUJUaAsYFqqzOZqeVWXgJ</element7><element8>fyNGmbfEcieZuZJbYOMAWQLosrUoSRJJPiFNGTSGDuQreClcmF</element8><element9>OUqWSTOLwmtIZiKAsdKrPXiZjeBfHKhgKGAHdRWAlHEzcYigoN</element9><element10>qLwckoIkfmMNAeYQTMsHWXllRtLjcclrzvHPAKFNTovnXgVtIR</element10><element11>ethgNhnNuhvOcETsODVhrvpNKHgHBpQDEArlehPDhwDhrrWcFK</element11><element12>eAtnrSmwDEvGSlSBqVxoITaUdWtHCfrsiSEHAttGsZoGvxwoab</element12><element13>oXRXpwmIxFzRICPVMMtSTlGqlTpVNlWxBoXDYYlxussYmKZKSj</element13><element14>GWqZHbEoCmxibBjwtrVrbSgVUPEfoMauuZPmNZqdogNxOVjXTx</element14><element15>hZcpwbDIFoYswKHhDSGaeWIntteqvWYUUwDhktJvgnxEhYvsWg</element15><element16>vYjtdQqAIsGTncERpVGPhCSlAkAnjqpQMvBHXPNmmGTYGJXSZG</element16><element17>INbQJNZkBumKOzeNqoHgMScLipHpIkyRcBtfCDWcNXOhjeroHg</element17><element18>NOGaQwhBnjcYJZiMjIBJJkQSpdErfOfkoRYplBxMVpjbeiZmlK</element18><element19>RESkowvaQjJwBVbgcMOMLglcFXqWnCgxTCGrmhhmPuKrorBFZJ</element19><element20>QXSiAXSwNHSYSdthtxzwHokSVtOFDRnyIWzDUccBdwRpCcLlDN</element20><element21>yOwXcZftRkIpnMhvsXAeWCdwrMVmDYpcDJuPLYNIUVSVaxKxvX</element21><element22>iOPgqozHCOTJPdajzcfUMJUFfFevLACqpgkDUEcnNWlZsRjHgN</element22><element23>BcGhnTiVAlWqoYTGshgObiliWIhanpuHtkgAsiMLZRpbkNlbQE</element23><element24>CNDiGLMcQVmuMpUkalDoUlLLcPYNdcDLDLciogzxHXGkWxvAoY</element24><element25>xchTjberOVjKQKZArsZTrvgiKSOfAgYgYPIzFiayGJooKtNfET</element25><element26>YPzxwMOSgrQRhWDrkfiQPlZitQWgFjKAFZdHIexKSBVKwqHBiO</element26><element27>btdOLTstFIuVGoHMAtnYLftcEOGgxLHoKzQssfIICmaJqPEnPr</element27><element28>XPHwHgRXBWXwRCqwihzsenYnJItJlllTnuSvyEiSyThIyXTrEb</element28><element29>PaxYNNQCUTbvOvYbFNMBvjUvnZFOqpqIHFsIPvnKBgdbJQPSMl</element29><element30>USYfAzVyjdkvPTbdaFjPokZnMhszADMPYJVdBxLYwVEWIsTUBd</element30><element31>ZdOEkMiBRgbOcectBhkAghLvmMGaARmOWXKWJTJseRKQmIGxyu</element31><element32>kqhxFkyXWiJidEwIwlwvhqQTUjLLKeRZYtGRTiJXQJJtnwMYKZ</element32><element33>TgpgjrRoeqhBxWBlSYsfHPDoQfOvTKhoGNTncdblwwUXipuHJP</element33></root>