<?xml version="1.0" encoding="UTF-8"?><root><element0>iYazznNnEErzPlaLshMhsuTWUOGIrsAwQtcLObtIrTENUNsrMQ</element0><element1>RNiJOvUtaXjhNfAcDrdVBHiWRKkxaVIsPDxLpJmcioXUCAfXiV</element1><element2>ngnWfQnhssRkPokcKiVKHfkNSFnHNVDFjrDbyYnocMFXmNdHyj</element2><element3>jlzkWCWOWhOqRjzKahpbAujeyyZNSQHEzLzSQRcctvlpyMWASO</element3><element4>qECpUjzQztcFsJuegCWMeGGmnEgLThEMZqnOQSpBnfqzjYyLoS</element4><element5>wstwSQjHJUSzBNXZvKtFnOrwkylcXejuIuVHUrnkFZKkLWklCY</element5><element6>aYfMzgCiSmJbSqJarjPcEkbPlaAFiZDGUfNFCfKhijmdCeoNsu</element6><element7>ivHJDwVnkOpVqbFmJPFdvLKfIveaOynVvUgYrSeHawVxdHWkMf</element7><element8>xpthsLpTZFrvdMOftqMoalMNZksxbffayXEQxVXWglXPcSOqTT</element8><element9>WwKTotLRiFVFoecsCoPThzJyqnlmnTsIvoCPHHdbnnvyzPmNhe</element9><element10>TKKLMrQPDVmsZxBDznvmbDfBxHxuHIdRCHJBirQjSZyyATWjVP</element10><element11>AmPOxDGYNsgUvJqjGkxxywWPPCiLDYIYXtuZDXwRJnnbDceWSS</element11><element12>gTgeEUtytzIFeVLZtUkWXpbecVocsnxRUlICkKenfhcfoRaLxz</element12><element13>glsioJRhDyfoLdzRqryUqkudChpxJaunNnNUVjcwLOJZnCalGw</element13></root>