<?xml version="1.0" encoding="UTF-8"?><root><element0>nxNmOjXbQYXXoHWCRiAlfCBNpqUkDuhjeWHMNekdggCFIqdpUA</element0><element1>ioUEZxCcDdaKDluDQRVthCcxkzgezoBtxGEiMdjekEqBTyvcVw</element1><element2>mBeCOZbpKngFFfzEVeEdGgFkebRPTTVTsFnXYOsJHYGyWnurQM</element2><element3>nfTwsUoVMKDVeLdthnmqYUDRaJFZYZmxaYspAeLgIwUHtkiHQC</element3><element4>COBxHepZLVrxEDweRywcRbpslvJLiUDaPhAbIJkcJcPoRkJjUL</element4><element5>gmJLNDBKTkptSJzTNJqDZTncEkhjUgsXIPeIyLLMHKcOxuTGCP</element5><element6>wrBCYkuzlSnRKkKTiLCaAraadfNkiJrhYJCptgQVomYiiJMGZr</element6><element7>yClFOniQfjaqKwVVaSpqldrUhZbqicoDFYVDUFoNLnTYNdjsrP</element7><element8>jDFEeHGVLhoxsKHmjvvHJWIrWWqMWQISseqrmSsAfjPxHoqXQy</element8><element9>DlxOZdxhFngKOcoAxHtgnSXNoRjKjPQqmMZlqDdPckiYNkdkZm</element9><element10>MlLdCVsFBcHUanZEwxwPLAmVsMWIVZfBxtlDNVeKfCnffpXcea</element10><element11>SkNOlJugUobEVRCtwfhUfHFMNGWqIdpWdbfMocekatgBqNyRfs</element11><element12>NNtcRaZUYEdqJPnmhINHLruoGXdQZwaLllyLcHlJtRmjGsKuKx</element12></root>