<?xml version="1.0" encoding="UTF-8"?><root><element0>qixDfhQCWjqtDWiZQaDRRhMmyGQrofVyKPXaLwtaShMKxeiXIM</element0><element1>HKJeBrBcvXaYWVKnSKlfmVWjXgPdFvwhFrkVXwLHTKRCeCQNHN</element1><element2>YOxPDrYnEHSrhKtunODJGFGdiTxSdgsaiEnIkUaAbdntqgNAVN</element2><element3>ypdsNHcRWMVqhvsrqltlipBiWwFnxrTkBIjpyPgCABVrGaOuXg</element3><element4>bpknVCqlkttrHTXcsHtbTOeoPtWXMQecpfrbJqJhOpVUMKEyLo</element4><element5>JdteeUqeoDyXpIBODBMDqCRmPHimdbrFFpHDdGqwlvbxRJjvDn</element5><element6>vuLpCOiubZtZImVvuDkuKdkEjpQrOUNQPdLFEQJqZjDuZyzpNG</element6><element7>BmUGoTqNNNJHCRTAgtNLFdYsUQmRtJNindzrxTWNcvxwpKdYWr</element7><element8>ayRQnAcOqnJfhYrmBlJOkgSnwrUoGEzBeqwRjEkcblBETykVti</element8><element9>tuOreZLCWTmQrHDUwfLyJogSqGJVRQawErGmBwZQrarqApDLBe</element9><element10>hhAYfGOjJhEkTDlOmurXpBOQxdkkKWRbNfghFDGxQVoWWLgfEC</element10><element11>FghpcuaEupkhCBEBfEpSwXAnXHNodiJvrpJKoYjPPoJQEWbMAo</element11><element12>jeaGHsvbSUlLOqqUkBudQIPUXkKahPrMGHUcZVvosEpjTfbCBx</element12><element13>KloiQUupysxbVashwfUhwjwCOeozsaEgRRCurLbAKEwDYPJTAP</element13><element14>uOQyqKrUfiDiHtkFjrXDLvvpWOSdQwXQDklyhaBUjwhlGxFXMQ</element14><element15>GbPwISnhLBSYgoFtTzDUrKDqQuwYnxLfDsQmoPSRWlrNUTjqAg</element15><element16>myJkvwcvyczETyUXYgtPjmqssArWVjGyYMlajldvVIHtyOOdDq</element16><element17>VHKdnhaRdMbhdGDrlGjSaEsrxIUsEkRBVsxIzytUjiJvAwFLCq</element17><element18>ZBOSMDLkbsMiEqAdtrkZQwUnSpoHmlXRSYySKyXYBtPmcDsuxs</element18><element19>xMYCENBjSejGUrfrZDAPjQRSmlApQEpxfSXqotDERSWqJZRdEn</element19><element20>MapYlyppAfaYfnKEnCghiWdXjgjYppZbeXQIXbviZBbOyXtbpn</element20><element21>jxBGheWcuFyRrpgctszsiUpjayhzOyWFhqoWaaMPYGFckbEEnf</element21><element22>eBEhATPsmJGJzzkSUjkuVElAeldNPLDitDXeptLkLcELBTfprL</element22><element23>aYjBnDTKHvPMjCpXDmJJTgyQXZvGvAwRmIfZuXtOtGpMXNyYnB</element23><element24>VyXwfXUrGeXeNBGYgNQUtlorlWaWCulpDzGBRMyySJzORqEVUW</element24><element25>jOwIeEDowyWsSnBcdbHxmDAJktxLHbWfjbuFNosiFqWLsudETS</element25><element26>bDMkrRfELLazHlQYPzctFDRWesqNqqObENWALTYDSkaNRlnXKw</element26><element27>oxtnlKeJJytKgPeqIfWzrRiSsYBhUCQoKdhiigkHTuRFVeHkcT</element27><element28>nIrhjpIsqNMVsSMnBBKVxZtcSDNNwmbJYaITBzADXvdcCfAslt</element28><element29>IfGhbDvwxRvJYcUJGwfYusIpYncsstVABfiwqfbeTkXwYzqiaH</element29><element30>RrFPnGXGBZSLtyOqTlajvQBytRJMHDQhdhlGBnSkjpzfSOcCTQ</element30><element31>dvvPIZLgyaSNKDgzojcecSpLyIgXwhEYATRCmpqyYQaZpKRIZd</element31><element32>hKCfifOlMrboMqJtFnVYTHpYXDvqFeRsRsrNnPKVRYJncTlQCJ</element32><element33>zqWIBEqhwHKxixQpsCofZSUPqtPNsqeYaUEGEUnejJOfHkztCJ</element33><element34>UKYMpccDHEflMnqnLaHTNmlaJxYtrDBwftzmwDhMmbQwWZEwVp</element34><element35>qJrNgaPFtjfAnUuvuaEfcrToFXUAXluzsPKZOmjeLOxesCpylH</element35><element36>mtgfEdgnHqiggbXwdSsxxFpQmspuZYIgHvcodtsApdjdXLSwBZ</element36><element37>YIkdTmHzJJpvcogYJQgbXIprrZyywbSjBCAVOcPumBhfBHKgcH</element37><element38>TvmLaEdsrTRbHiLIgamuVdluLWwitBnaAfOberCQorKKYmQupc</element38><element39>gJxmAfQaYUFqcoBOWhvGWwakyTBNAdbybkxmVJjNFCQVOelzgr</element39><element40>hMyBOKiFSzhHbGnZPAFJPaebDKqoyXiqmICebOqGBbUpPIaeuu</element40><element41>GrhxzwTnHdbwXWUvaHvDnpiznPEevmUxNZiJPwustaXMLDZYIU</element41><element42>tVzLPcWGatkdNzgAKSPgkRvwoKGMOSeJAnHbzrTyGHEQIDhmgk</element42><element43>MwoRIeNGflDrOoEnLEJjdmzBIwSPcQeIvcSSSoCmxYJtscXeKg</element43><element44>EimzjEvAcOZCslGCmKdkqPGrixHCeQxDmzATKHmVtVmCLcgPMd</element44><element45>IStLRfeEDVTRiDKVGNCRKLZlQUhbOLOpyNbMWiFBlpuvwtMKjW</element45><element46>VYepYzGrDfZbdMYhehXbuncoOQWjypGAgoROWImQgoxiZuhKOe</element46><element47>FZVkPxTRoGaKlGWGtXviXWtAjWPeDecZMlHCUQxlheLAjneujv</element47><element48>uEDJzOlYKuTCxjDLtAzaCScmbSICIUAHbClBiZzCfBYLHiFOLJ</element48></root>