<?xml version="1.0" encoding="UTF-8"?><root><element0>lnIzrRlsgeXZHNQwddyRpOMJNcpIoCOfqkUTlyGhZPNurzygfW</element0><element1>eHDRpdwvFKoEcEaNHgYfpvBnyXMrnLTOfudjJqKMIKvGtHUktR</element1><element2>mibKGsJmVUOeICpMcLEsJWqRDEHuDIEvTSKBMksREHagStJHUd</element2><element3>OYPwCiKGiqPFFCHRLhoeAJHglysJGKYOiWwdIkOcDIzVirpoDm</element3><element4>ElUXABfYbnufWkjiajChrRzHjAnIvWqmZbTwIWQhKUhEGBgUBe</element4><element5>rqghUKPzwqcblLDoQJBDTkiVomUPGHWpmWhlKWinpwcXgxyHOP</element5><element6>UAxHlVsVJOBmHWUQycUtsSVaSWfLOlTPypCSEtoImvWgTHYjbu</element6><element7>XZxymnpXYvmJgCKmxrOYfJFzfoJNrywvSTAcAplxItLUjXAlrx</element7><element8>rZLLdUatVseSNsIMdyKOARqCRFndDjepyXwgvKjoXTspQTvMex</element8><element9>WbAzKwcpqrBBiyNnSVlhMilphAlremjNFsRbDlAdPpZUEAktmx</element9><element10>PoaKIFwOhLmWTFZeRIMUvjmScvEUGUkaVHRlELyuQzFWCopuCQ</element10><element11>GsKyAzUaxaxCqeatBQfmbMPgafsxLnSjkwIKBtahFrtUBzzdUH</element11><element12>HMnftkKthszJMldsqmLMSXKddnsdcibFPncemYnFnRUtUIGqRV</element12><element13>GepdFSeLMeYlArZMVDafHcoUMfGwCWkeXjlGyCbkZIpkPUqECK</element13><element14>UwjIZUnSkjcmnPWWIFNOCitfeNaAdxNreHgrUrweGWksGWKmML</element14><element15>WdUtNiJjIudhrFVbBrSnjlNoMdEGGVScPurEEVcsDVNJyKwvtA</element15><element16>hDgAxHRKrkwKxhuKKKfPYfHVFjFUZbibeWWDUGzbckBJiuMYpj</element16><element17>NLjumtKlCZoKtAiWGsKaUyQHuivCxKMuvETVbBVPImEAOLKZWv</element17><element18>CZljjhBKdfELcknDnpJZxvUiBWCtNbSqqbKXifWWjvRMaoApqV</element18><element19>OCgvPZuTOnThIaGfgANyZsYRIAYWOSDVldICnYwLdXSbNuyQIi</element19><element20>UPASeoVLykQeXQJpwmFsXNlbZZdJZgjSXGmbuaEPjUSxSBODRM</element20><element21>YeykGqQSbwYdzOOYUJymspltdguYYjgDFOAbqJyiKWAjHcrUdm</element21><element22>TFBXybULdElknfzhYIeitRnyKQPznJAkJlrNvADfthaOjQgzjN</element22><element23>qeyPUOAnYCdQgJEMxebpKGeeEQqGNRrRPfyGFaTgqyEqATwtPu</element23><element24>zREDbFTUmDjwCKbjAIPyeUyHAPZxXnWBSmIqyMlzEIOkMQmacF</element24><element25>YmaMlZZTZJQniQsyHwpTqzbpPBrRXrjhbRWRldjSZpjPdGSotW</element25><element26>ouGDMhrdiEHoFbgmOPwdNDnzaqcwJzIFBUHmTtFbRvVzVuCBiK</element26><element27>KopSeZtfteYowDSFeBEzbMKEWXJXqkNSDTSsMvZUArqWWtDvZx</element27><element28>xEeJkCrboEEWKXqcQwNWycmxvXQdUgxCMiJlSAlMrrrISXfZIi</element28><element29>UWHyIpPalRRMwsmVbKofxWJWgFMmNoUrXxprHLNoKfgkLKCsnj</element29><element30>acGqLZnLnkSSjEZLdHnMmwPBgDcwYwiHkvGbGRUyhEnkABTuLh</element30><element31>RiNDuuOzUkOAYLmyNwyXMYXdJoQGQhKFWqYgdcDJWRsiXuCsbK</element31></root>