<?xml version="1.0" encoding="UTF-8"?><root><element0>GzZXXPveMRphIhMzQkzYQVjEAsWsxNyjcpTuDysASjJtnRmjVX</element0><element1>TFsxncyzLrHqxzyETcZiwfHjAyyunYoqnEsKBguAVSChzDMgNq</element1><element2>PZJgegKxwtsZkqLaJfdnDilgPCspZcBUCjjyFCJeyCWvmarokx</element2><element3>lagwPIFVcBAHBXkgbPoKTsohRTLmFNNgADDxBfUarQhizSpcVN</element3><element4>FPchfWAsbRbdxfIlaKqVBejlJWCOHohpVKkDXVzQCfEFqgaaZY</element4><element5>QrGEvSzaKyLZviRdNUGyuFmvNUEDMObmoddBlbHqUIBTdLhFlc</element5><element6>uOJCgMBDLcsMKMEcGRtiavqOcMzOCxPHqoVZqEtSqjpXfeCXkZ</element6><element7>YpQfCBIwkdVpxsjTAoLuffmDsZsYRiELwIHMHLiBihzjbxNNuX</element7><element8>JJGwOsuamDqeqNNbwhNZEOodcfPoLsNzTJMCtvJzPAZTOZxkhz</element8><element9>RhiVLkalStIcbFNiqHZEarkMQRXgjnaTsELvTRYfdOEzbKIkYw</element9><element10>ZjQLMotVIoBjTGkKmFcJyhExWAePxboYqSqezPOrsMgBEIpefc</element10><element11>BUfLnhdKpINBnRUnuFvUtitEgyUvZwQiMATTcurIMRIUrtqpZg</element11><element12>xncBAKDMYzHdbIFdqnxvmmjPpvauNlGXhvlZkwnqLXakrBmulN</element12><element13>ZECtjRskVrPXmVFsgLgSIYxQdsWoRKIhwXDOYthTxIqftwSAMW</element13><element14>UAPiRDiqAyEaWYrFLntyCpVNPmUnGVtKUKSGGxJJgiIgKMxhoe</element14><element15>llMmkuYzghQRYKbXsBnILfiyIvnUGrquwkxSjWGgcNjNWMMEwo</element15><element16>ptcNxsUpcoaaKbfGGTrMEZDRVXEBgwqgIVLqqZoGrUqBbFmLka</element16><element17>bwvXNfbcfEsDmdfBoJipoJNHWJKEcrOFWbvhQzPNIiLwAumNMA</element17><element18>hCKPVxlQvjkBnAraeaINpjsMGEzjXhRdXgaRafGqfvLOXqqcZr</element18><element19>jYaTsmNQPyCHmnLbTYlHSpBMNwrorwzHFeQERiKmBPiZegIvzV</element19><element20>ILHLKHyiEXnrgWZueBByhFDTnVorQuDEVuRsNaOHryPmcgJiDJ</element20><element21>DtzOdUvWshbhJuaPTeYJNLOXxoTYOgtSUqkGVIwlOcUYiJKfdB</element21><element22>TfKgQxqaejhIeznKCkMYCSMYQSOTAmaBOMziSJraJmjKSHNdJO</element22><element23>TlMNVApiPTUfGPbHlECWDDqKnAsmRWpsZSFPMdzIXXGBTCbIpy</element23><element24>KuSMeMmoacbMbyZrgryvHkxrxOsViAtceVnvBXKKknOppgABMb</element24><element25>zvtXYgHfMfCcMzYtrXMhUQExEHcrFDShhnLGseRUadAUusfXNc</element25><element26>rKtMZKRaLlXBUhlEBxuRKNxArxTHNCZZyGpGMuKvajTASOwpvk</element26></root>