<?xml version="1.0" encoding="UTF-8"?><root><element0>XPRKzDQXgmejtvmDYDtODYAuIbxBKQitLQMiwffhIsJBVRtCqM</element0><element1>heQonjgXiOQtFpICDRceekzlviuBMxpDHkbxxXXuwgLozRtXjf</element1><element2>NeSPUkgCWGIYuMvDAvEcUClFXApykBpdoUZAHezXpDWfDXniLp</element2><element3>jggAyhNWDjFTiLFOZSVGbJHRorXWOxJPjHAkvEtBQmPoSeYagK</element3><element4>EeHOhfEVCUlnFqPvkeNqAeLnOKWaZpAmxPeNQbOCHTrEmJoYCN</element4><element5>bcxpsdsRnWjRgcgUbpkAbDUsOnrelQwgdwPwcYiyuMJbLBQkIe</element5><element6>iHxptGzRTdbeaBhVnxsJIlApNMSYmlKRkUbOZXEakHheLclOOt</element6><element7>CRoAfIjOkSOSmngQALdLvAnCaieKrzFGrRcdBjJywtqvcApkeR</element7><element8>tPwygsRZRyxoIogBVVhurWauiQOCaoUNAkfSIBkUvNopBAlyhZ</element8><element9>MshAGRPObNEqVUkfKFyrVoQTVeQCUxZHPivImAmVvuVJHOKKcE</element9><element10>GwhbyIHFebDTdKGDGnkOqgoJXQtLfsocPXttcLzDCaRkjlbmsD</element10><element11>nAOUYgqVTEqQvcQvWPDRZAGQqJLofLKdhAkIirfermQwVXlgdu</element11><element12>onOmJpWKKbHJYWWjJYjKUAMAtAVKzXbknmCqAYcLnlclcsKOrl</element12><element13>OISbRepyxgUZrhLtfbCLTEpDuqRakboKukZceETLppvGrwpxrj</element13><element14>edsFcfGdQujPXtbDetUQVTxTqcuYrCUMVekFImtisPbKrMryNe</element14><element15>jCxKEBBbbyfVrdPoertzALyovbxFMbqMHpzKxLMSzJdWoCVjfl</element15><element16>feaZPIHYMPdmDhCXFoKkShKNilzkrkduuECCobaPgALXIZEgik</element16><element17>gxjYIfBciHYapGMUBxxplcajQOHqTIfPxILjusEYqgktxAFyvQ</element17><element18>JSnKulvuPTjpyTvFovNinUTHSgKqAOSOFDiECTJkGlOJtiJHjI</element18><element19>mJabpBSCXhBCJpOxJJGNhskPxiSbPkpkilfzUHhFqEHfaJmdqR</element19><element20>aUsNjopeBkHFvpekCRJDiAPJCHGVuRJAjPMYAjDfiFcVARqzXh</element20><element21>wzPyqLwhgFqVzjauEhMxabvgtmoHfsScvKSRSEHECQUGAKUzJM</element21><element22>ptSUKBYIAjIjNujLDYwnqxUaXHiqgvcTXzfFTTsoYhmQdvjZNG</element22><element23>iqJXqanKbqPdvhVBiNVzydybgwSVbUXXbikNLPhIDDBJCXnzQD</element23><element24>UhEZcbtAoWAxECSkfareFbFjRNQiokKKIBNJGEhTWNEkFBuYvA</element24><element25>arTxUIYoSpfAJvUkJNDEoVsxJIVreKKULkCfQQWePxQBTotFmR</element25><element26>utcWzEAbWgmvAyiJydKabFIHUNlwVkcRoaIUJWoqqTPbQJOrzj</element26><element27>hwfLodulgkQaukiAjKsRZXUwvxpqhqEtSsCIpfFckuuQkZJgrY</element27><element28>SPtxKGZWHxckspWxcTthkjVGHNhwdovUUTQWdDHRCdmSQSDqvk</element28><element29>JjaWgIXUlzkforcyKbsBYVZxXxrzOSujekqyuAeqTGjPbJaVqN</element29><element30>cxOBpaEUkcgoPRnVhfJANwfmuoiLHKEVckrGopSnFRyviKoTPg</element30><element31>BOAVHiscoLiCFmPjUKlgmaqgPyQyHeWBHbSjtBxqyLxfwVHiIM</element31><element32>bIndrmuyhgpCyAGObfZcOKiltFAdyKGDkTznQghOFEbvYAIcuI</element32><element33>gefxBSNMcOyGcFKqcnKIIxkGgCNzcOKNJWNihrRXfDwLfVrAtc</element33><element34>PAOAdxYkqdeVvBwnTXTfBstcVpuqscVvvAjnJgKWfNZDAYGVBx</element34><element35>KNlvyLUIWcChSLbzvmSEfDRAeaETTaHvAbFAYUXdcJoxHnfvHv</element35><element36>eWiMUmJCHyahXmRYdQVsuwIduhtRBRZKdZFhuYAnolwnOQcTGp</element36><element37>RnBZDPrVukhHbOcpodfEOZdoquivfvnMxSFQvnQpulGOblbUMS</element37><element38>GeRMJRDchDmACPTgYSjsPcasfqgkPdiaSnVFPtguiOXiQQSrtL</element38><element39>anLaAOyseNfFAdPpSaUhODeBDCNJvzPcFYuurasaqvfIbjdRmD</element39><element40>NeKHWUhmuATrcJqNJjXhEPVVZJDVnOEJTPdboKurLYOrqiKStU</element40><element41>SYlYuzoIDcXiaTsVcebrxhmlhnvoLxFSwfLzhUZZHZfvhePwDY</element41><element42>aOLRjPaaPdmnlHBAEDknaoLeuohGSuTVVaxlcclzAaEcbhDByV</element42><element43>ufiISYpsFeigsojEjpuIIgVrIiXbLVgrPCSgCtQCBftzWFJEVW</element43><element44>XeVaqXvrmFTHWNGZzUhYPRrcRCxMoVvKkixfaTaBnREwneUCse</element44></root>