<?xml version="1.0" encoding="UTF-8"?><root><element0>WUUJorCUudcxUjmQRsYGvkhXAegwUYtGrxIpqHPxiAwhIXTVqm</element0><element1>VXhPVHezEkjtwHrRVmGkwTmtQTAmpvNXJehrgziuQLzDmNFyeG</element1><element2>adphUadObeqBiqyHvKpQdMoHWxZqzYZHtniQzBtxzHEuBZPfPR</element2><element3>gAKZtrduczROcNnMsnGsaQkvFkdLDcWeKqObUxUYGzOnFkJAaw</element3><element4>vjojezNJkfJgNYzqvkRaJFVPDlHVnCDtDWYrRpSsQvRXeNUZTW</element4><element5>XNaVcgEXYpAUetJmaUvKWDwlBgAGRsjwSUuIBPgFVJHiiwCOsL</element5><element6>RfdBjARXnuLpHEYxVElAmFjSglRVLqeyDiqxGhAGkvDMhOmtYc</element6><element7>XbUbYBojXXVXMGyPfufeWhOMdGzDlbQlyBKPDSLtewooKNHjvO</element7><element8>nlHvshiLpTsylxmCHdZDvgWeottFzWwgypsbSxbCBqzfuvhNdQ</element8><element9>yOrUHEBzlmLzQniBBGqVmrVaDDrghOFXUwQgnZhSjGbeCWpGdW</element9><element10>gNVPWbSqLotdoospfYDYEBQFRrfjDKrwkExqrIIxTUZhLOgnKx</element10><element11>XCDQufEjNxJCuYEdCIjIfjakyIFgrgTfdqUdpyzXTKCZYnGQQd</element11><element12>kzrqvmEdfbKHHGnbuHxmTfHTAjkrRhtDlueCdPWlisHwrarUIk</element12><element13>jeLxfjtvzbfYvbDCiCNREsmGQJByqJjGNuhwFrjFGbxltnRmrC</element13><element14>AagHIZhSCOJYbAAquNGaGQxIFMpKyxSvgWZQxRvMCoFXZkkgtD</element14><element15>GaldvHfkZJKWPPDNXzsuVanDgNbjWUFnAHDfxGzKpgUXWHEXKX</element15><element16>kxUTyYGHlYIGQkvLpfGqmyTKViHwxPljosxkvlQGVRtwsKxJtY</element16><element17>uxKcTtGyiLWRyMFEWBlLsUkAkyLECBMwULlxAVvmPpyKdoANOT</element17><element18>GpCeOGPLZmUZdgSUAJIuqSbqHkTJDfaXWdoYZzVJWJSoJUBxjX</element18><element19>NahTRvgrZDIvhwmxDPrzBNXRwMacxiFBJIKWzNSmVQlXmLZUQY</element19><element20>XMKEnkJrVOCBKEHGeiZOgwRBpVGvEsrzOBEyPPnRXFhzfESQop</element20><element21>uJOjrDXDPsUSdSpnQkgSvrBXDriXsQOyRzBFYNkdivkQWWCEYx</element21><element22>oLnZVMbpKSDlCFlSZdxCZzkATHXoFOsJkjCEQOuePhSSjToFkb</element22><element23>NarMKGGBNsZwhPXQcYdJnLBRGSDZsLhvGMJZLPXWefgWBzgFbn</element23><element24>BRzbjhqWolDlOtqYfselbKlXuMUmNypXhFktzSrAbTADBzzCVh</element24><element25>fkiQtrxIkjhIgMHMrITHGokqdiEhyMbCQTczJPFVEYNnEqNAUx</element25><element26>RnBreCgJiaJQlNEpwkLqDeByXZGmTvvuFibXEBdAVlzztJIPTg</element26><element27>ZCtFEfTMecbJpKYLhtWCieOOGIbuOvXCUWjHFxEJemBbMoMiuf</element27><element28>czCYfLGMAuMUfdUKATedMSJNAtNYybfzjyFqtoYzkcKNxEUdqY</element28><element29>ZGxxKMgXUmSXbWGnPcAwfqtrMZzhEXESvvzYBvIgJOHDsCdFjy</element29><element30>guiMqcUCoynzWfjSIvWrkYmqXgbYJsESRYriafDdoZTklRNuBF</element30><element31>LpPHbsRfhCcHSxWsOPnsNpnqMXXTWUolLwUrURAxHFWbkIfyAy</element31><element32>FkmXQqHcFexPyFvGigWATushnxTRmdJeiXCEaqmTTvUIegSxVM</element32><element33>ohXSFPGFHYiuhGeGoNfjjZXWQdEAJfLBQFhjsuvquxuSBtbhvL</element33><element34>kbfRXlWpCNJYVAWHbeUvOxrudHlgzglsOvHteWEnUrTzGfSYPZ</element34><element35>UcIywrCvkHBwxxBzzfAkcNoLjxWEhLFHFHiJnzsfaLSakxlVYA</element35><element36>SrMNjpAyJjVlkPiYYOZfRWtfeyLxULmKZSktDcaBLhfpLPFElY</element36><element37>aKGmKXeshJjtphBOGwkxhCsfEwGWNzxGYefZnuluTpAzIpxAAp</element37><element38>ygTBguSqUFEDJoiDSufjtXBhbbDZAqozadbcWzPaNKcTGnwBxk</element38></root>