<?xml version="1.0" encoding="UTF-8"?><root><element0>liNSBNcUxDHNnSwxYxAZrLEUwgTNCaYolSMcKvJmXpgQfVUZKg</element0><element1>YwPlwMLngjOZJDZClGajGWdbVVRPHEylfzbRPmqzzajqnnHAjs</element1><element2>qUeoKofMVhGCbuLPJstoIZlbeSkOAqyfuboXdHFyeGIrowMITl</element2><element3>mtcfNiIzOtpaSyeXtyvvBrkRcbbLlgySkEvuzPEWzhNHiXeuQC</element3><element4>gAxiYHCsStVdsWKFjcOeqtnXcpbCamAlmMYxAvMlSluXKPHnxN</element4><element5>FtXgslSchUUMQlugyiljWRmJwUSbKpbzdLoYhPWBxVmgKeHrct</element5><element6>KXovyXadzKUxGkOUEkKYGVjAFBdYvZzPgNnJKofeFNKPzzSjQJ</element6><element7>ztKAOpbRVvxhVihnApYRQYaFDMAKVRMKkQQzmgFfQtIcVdmDUD</element7><element8>NRYXjKcYkKadgrqcqxrXHHPqQJRxzwoVXgwUMtBPAwMKuRgHmG</element8><element9>MhrtgsXKYhQqeKjquDvIwDzvIQrgpfECBXEqrJfhpSpOiZcDYO</element9><element10>WCoZOSWDnNfMfzzZCrbQQEpFSJYTJNUfiJQXCZgwvMSEdjuKCS</element10><element11>mpzKXEuSLsNiDjSkhmiLFpghubuMmuDGyRMHrQBJyRGpQGfvSQ</element11><element12>hdJmcRnSjZyEHJSZGcsXZoRHuMmnqSmloSjBXLDtQDFYQEzlbS</element12><element13>LpoqZkMAAaRBthJfYNFiWWWvHrENPKtlrTWSzKISJfPbdicfzY</element13><element14>hoWFCFdTqrgzsBChtXPGnuEmXHripnLoSgkcQpnUYYmdXZQqhv</element14><element15>WulXqxCbTQcuVstZpPsfuDEoRSdhVQpDEyduaxRGufNKQefizv</element15><element16>MwYEGNQSuoswZjInTwiVHSzuetAfcVmgmBKcgzBfBwpwwEsREk</element16><element17>UxAjcrnwNYtxvwJxgQiJnkhVdEIErnofUfKfLzDuyzPUYCOLRV</element17><element18>QkQMdWBlLNwLnqBPgTavyQXbzjBTYCiHDqWwTgcXPrIgfSkCAR</element18><element19>vEUlzoAiDJgnlfHLJwyPEAtKPDowbenGpLAIWNTDRKmmcGTGaG</element19><element20>ytcVsEZfZEkwVmWcLnDaVwqndzvCjvEASuCJYIBXIYCSMLSSXL</element20><element21>bHSiRYtzRDIoKnSPgPdGyjtEaulXXuEytAmHCblnCxuPcMQJSS</element21><element22>QEUKiKDzfeANNqfAzInmeiEwyHhihjCNQEVAAfZqwZhbyQKTnH</element22><element23>VwSEvhwHuZWOcqukdZvfMnsHGYfxypGYiZdEDKhYADwqFcIEAz</element23><element24>qztEyFwjnwgKNULUkHqlYbJPGzkGRMMCetUejVDCLeXdliLodg</element24><element25>xrYTNMIjotDiunsvcEhvGclrArJXwNAsPJVIsPLBMUvLtkKcWq</element25><element26>ZGFhxaKyxeyKsqsvDdpDVuIZOiwgWDPqykyAEfNvkBghmodeCX</element26><element27>cASdnvdCAyqtDKhEGRHtqcFyscxVZguHRUaRLoFbzHBVvxCtYw</element27><element28>ykHgzBsZblLSNKIeDBwudgAlXnFSOwUbOnHBCjyEFHXhKOWyVS</element28><element29>HjSgPJXghFnxDIGuPBeXIoygDIgpurBYAyTcFVfCGHzHDyiFpZ</element29><element30>lgTPCxlFGPYnempHOGVKNpshAKqYnOyeTudOTBBRLuPiGmHaVD</element30><element31>CiMEQJqeyhQBKVBlJCNMsMmZDDUkCSvfNeZOXGJVWGlPywUKIw</element31><element32>VbSwapfVZWYTxuhsKhjnoCeiPQAHJBsZbKsrBPJsXOYePkBZXZ</element32></root>