<?xml version="1.0" encoding="UTF-8"?><root><element0>DLXzrLkjzONzkwMSpfFfGRtSOgHzvVrbLnJJSZjiMCSLUqceRc</element0><element1>GJcIVIMSqkIVKcDgUsZsfLVoPckNXNZTiulBZDQvPApbHAkGhK</element1><element2>uwQXrDXfbTWkUHckQPTFgtptnwlGKsAWPIDWMxuEofNWMmucUf</element2><element3>nTEfluNnTgMkkfZCZwkqdVZMVizwvngGJxJqmNGqbgrWJzMoaK</element3><element4>UHyGHwVdArPmSmcifycwsROkhFtfXgJYhvqtUJJBjjcSovDQti</element4><element5>fmPuaxlxjYYbKOnzOeQVxVnGcbhEVRwYQeWaXQzYbLYeVpGfZp</element5><element6>wVQdWsTGwZKVlVfuErlfFwRcbYHZfGtckNLrxPhdByOfLVxsqg</element6><element7>PKXemXQcYGEBDJgoWjgCoZsXnvqlPYIMzDHwGRowGohdapNNHT</element7><element8>FcnnBPaHfHfOVengPCFKnlTRhptSbKiOZXWkhdGWcGHMVKprrd</element8><element9>uMsEFCZuKOggldqKSUOllMUiLxeCrzMZsxoHaWGobJvmvZdnhJ</element9></root>