<?xml version="1.0" encoding="UTF-8"?><root><element0>juMndqBDzXjuVqvFWzPEWnCGDpdIQxoSYtyJZmtxWQdZgwdnOv</element0><element1>pbpYtFXqmbPwEppThDzHIWvsHJfgeIlksyhGlMjJFvuEQqaEKy</element1><element2>vGeQXYkMdCsRudfxrCyIiaqQgMqRmsQBsOFWCNkzcckLtvPiIU</element2><element3>PnntYIFSmWUHMpUqFovcBCsthPwpvEhzZTBhLUJtDtfWaMXScY</element3><element4>cBpeYKTSCYkLKmWdrrgfItFAzzujZIXsFODuTCknUHFCOvbKFC</element4><element5>qRiXvvxZXlEiMBsoHctYoeVevOHIpfzgKNfUeYmwqlERFxOsom</element5><element6>iaSDIGZnkznbVDSFSpzSmPRQPQOrXjVdFhdHVQbCcgxcHYSQdZ</element6><element7>jYqJQhfcYyGQHtRvOCQDGHkNTXBOYsWxTJpQBOTKGmjjNcxSLM</element7><element8>sOSyCYIncmjIpwBKTXglDaMzHlxERLJupSmfVmAROePZzjdIQF</element8><element9>ZaqPORBjGRIUWuuyvDANMISazZPRmYwCpOyeVulsszJSqPCkLv</element9><element10>MnmgrFAMfLQGypeBLjIrTovHhPzVMdtJWJlvKqslvmyvXahECF</element10><element11>UyJMKwIUYjJbjwTFcdEuGqlOJqnJziHfjtvpGDuEtMsTZWycAC</element11><element12>JQUKPMhfQdGreVjkfGjFanXnuKPtFFrqNneGaDcHbccpBvWZty</element12><element13>tcwPvWQEVKvbFzXVIKaqQyVLGJjKAahIclPcBqSbnWsPjDlkMF</element13><element14>NGUBkGQpzjSJHfVMtTFMUjvrdFNQCaCEvYyQohneJvlQYbDKsg</element14><element15>dfybWqPIsosffhYVEJGXHRcPVLPlZiZdePGUAyOpmJugszkSpo</element15><element16>DwEbktfdfoRRhgAEfcrJJNDlHLbxiWeOYUbCRnghPmSabCPPhv</element16><element17>xNxZEfymYvSfnqOILohCZEIfoRXLAeDdnMEFiKXJzFpAksKZtI</element17></root>