<?xml version="1.0" encoding="UTF-8"?><root><element0>uWifwzkhiQPpVjZswsBNmtMrcrqPsIhowDDEJMiVgkYHQEviYt</element0><element1>zeyFbrmXfLPFkgUGzpHJZCtNDXzVuBljMGNiWmEudVdLAKMrfq</element1><element2>wqVwOcOLOTcobFyYYtBzYMpoNgGXjutuKVafoWSqWsZzEaSIGZ</element2><element3>oxzjNdldJERAJoOQpMJCDaxNYEsWilrvLjGvXAFqBQKLGqYEGP</element3><element4>nJrulcSpZhiBBMQDuwsaRTyJapLowQYvFfomCMlJbRbSMKfdKi</element4><element5>zRdxKQEbDcKAkDVANzJfticFZYcfuRfcKsoUacqDlbcYGRijnx</element5><element6>ZGWZaxeVOhoweRoUTAeBRoTSxSlqXiDbkzRZLbWSGDTZMNvvQs</element6><element7>NLRmXOybfplZrvKMdWesirmYwaGEMLrpeFbqQENQEnOPwBMiAJ</element7><element8>PLLWIbcUgSIrsJAhWDfhHTRZUdThIOdLLwcdnUPjzatsKmZTVr</element8><element9>UjGAWWWqpsULEIVWqmZUMrQImjCRyltPWIxJtVrjvoEuFPrhza</element9><element10>APgoxaWHqsVtVvXHKSkWPhHJzrGgvdkjnfeuOHTInnXzLDWgxV</element10><element11>IxfxHqcYkroeVOotVxxnOAeAlKSwYELAtXiGahARSzcyamvHSc</element11><element12>nokDdZbHqRpMSeIEpvMjrAYLYPjwTfDtGmwaXdwiHiafUJjklR</element12><element13>KaffnbugdCMpknWXsyFxSAhHdEsEOyHFxOjQpddbjzcegkuidX</element13><element14>cAPRoenXbHdtKwJIOlMVhjJkfgSuzDbaFgQzUhLrPWsXihxWil</element14><element15>elHYPPQAPQBXDeAcMgfJMKqaehsYctoDLtblbNkgpCpEhjmlAM</element15><element16>pvUXdxmbnYtjeDGVQSrrKDqbDlVTsnsBDBBoPCCAPgPJFAyKLx</element16><element17>oonNfwkcFrAUjrlJEvgGtEpopcxQugmmrGXXwKUoxdxHZOHIjF</element17><element18>MYFNLotvpCzOfHnsqbPknAmCByhnHsMRWCDNULYAakpvUCtkvQ</element18><element19>AGfpcEBidZtMqlVNqgKaiVXeThjVpBurodwgwosMweIGkwYjRJ</element19><element20>ppbaGFyEvJCQGcZWFBrWMwSWakkRKyzHIWpdEdWebyukmcDfps</element20><element21>mcergVNZjeUMJuYaFKwqPatWgrnKXULsPRIDBajzwluOHqqqOA</element21><element22>prCsyxOvNKuAgbMKbNwRrUegcDeCEqwWKpBksdHpZvHgOkyyvW</element22><element23>AOsONeMHmJvLxppkdAfcaoCIIKIorHHeIdSJeKPVgfiMVWdZfO</element23><element24>FIDUuDSfFnQDlJvQWGDUzBQxitRMAujHVWUrtwNFPhaiGTENQW</element24><element25>KDinmObiSZqzRCrIFRPVENFecXQLtqmLpqTDtJXTFYJlvHblUv</element25><element26>YxVXcAkMDrzrUHUxoUOOueHxtKtxlONDkbqkFalVNsVsmzwAiK</element26><element27>FnBJLJUqiotOgJeTwQcsicJbKzxRxRyIPgHRaXOVFHeTfXWuCL</element27><element28>mZpzSZtRwvFkYlsJUGQtHhHzNBELkkBcqllcVKdaVJQjXXBHeC</element28><element29>XONoygSeOZYKmbTOjAlQZrEqkBtghVCyhAuMsMgGjPRRqMjqBg</element29><element30>VaceWXxkIkLsXVbspMlJWewYvGDvgYDXRrcdlQtcDDArYeKZHd</element30><element31>EdKFruajMbLDNJxIYuezkGenkxYwfexdhcNODIOCZrnpJPjpyb</element31><element32>lZEsIJkMjdlNzmvEyxsgRLUsRZnauvoGnftvRhBwNmCDOWzhYW</element32><element33>BwpoApJEiZfMznbRsSCtHiNGOmZWEgvQDgpXGDPtzBOTMoyqZG</element33><element34>ClGimudJVJfQpwooQQKZDRDvmizJuWhFvrLfKFUYWNeQitbXHM</element34><element35>aLBUbCGVaBaVetyXWZONLaYAVNxPRVYSnBIjbssTdcxuWFUYJt</element35><element36>RzhLqvVUjDYVyoCtGLhxpVRRpZjEyqtPDBEhVqISPtpoCvyidb</element36><element37>AHEYSsrzFGyhKfArAMqcHVzITlhwzoQWnknWLujfRqZJDeyslH</element37><element38>gaWzXucHEOMNswpxYrcBBewPllVHwKZdVqRZWoBxuRBzzwsGWl</element38><element39>PYRlaMtiwUvdynGLLgKMhEQaVazPShzIfPhdfjOvQKjeFpwYbz</element39><element40>IinWddLEhwlEKFJyUtLDKYPzqUDjbwJvOHWwfsufGwHtgRyGXs</element40><element41>AyBOYDUjcIhZqcsOflymEPydTtqjyNbqxLOFqfaQSgEMVpEAuv</element41><element42>idNmYqEutuVRHgTrEUcYjjKMpBOMpCojrBVmJvKyzQUiQhSOHt</element42><element43>ttZegKghPXsjwAVVprIChcQGntsvsugDhVtboWNEQrcpTNVwbq</element43><element44>FoVxIySppspSnxJrmUOjldSRsdcBLFfGzCjMYTkMawilgKovVk</element44><element45>EwBBVYNbfhRIQndLUIsmDJHXykXMnZGpDAgyLqzBfCNMSHjXLW</element45><element46>zQARDJXrYgTMMVhyFRPyxVcxYNPKbIZWPqoOjhvXHtWuDEjgIO</element46><element47>hoMLZNuJJDPslJqLroSnEzzZHHYXFEnsdALzsvPHoaYZLvlPkG</element47><element48>mKUyLXZpFOoWfJlkfalqJLaAzvJNFzEkDzPXxMSNcOwWLHYNBQ</element48></root>