<?xml version="1.0" encoding="UTF-8"?><root><element0>AennqLgybfEKgaTjGALZUEmDaVFQezscttiWkWeaSHoQSUKYkd</element0><element1>TgYbLQKAaBoysyHxOhisKexfIQkUYjpvcdgnEbohLXfWIkEZWw</element1><element2>WaFiwgEXVFaOgSnsUDLqevlZAAuVLgRjfhoaGGSHxVDXvYcwkb</element2><element3>nWfrdbIHFhjxZOJQjzfmlfhiMgKmHJhrARIeqATtNssNUEQmKY</element3><element4>BRyJNbMmvXGWsLtoXdCizNQLTjdIrdIqQVTyawhXFVuofRdYtJ</element4><element5>CDVfouQMfsSuGulicCoaVJljJxIklRBumkFXpdBtEEdiGKQTLo</element5><element6>TYnXwkzMZfSzzklKBaokRmDYeHUZALecsPjxECrzuePiJBVmEV</element6><element7>URGzuZnrCodDiKparCEZhZFKEeKWveOsXEHYkqWQPmLMVfzqNL</element7><element8>ZoZzkhspsrlqLhLvAVahKtpYRoXfvDLgTKKxadnjdpMEqdLFiv</element8><element9>LwbcwmUMalfSQNCoBEDifHMICHMONehLJNyhmgqiUMNOdyhHaa</element9><element10>zwnNvmqmfaKIddMvvywZJXBuYrIwVuAFRornWCSWwIetsEJIiR</element10><element11>omiaCrdEbNrVTLTLQAhgCCfArrPfIqpyXNhmKJfnBMfpUrEcvm</element11><element12>CKGItZwDdslCSHnEtsCdHHaNcpFGkoOylXaqcswOFitvMvrcFC</element12><element13>jOxzcPvMlzLcpEBbSmCKcVdiGkJdPQmjtrdXEIftulcFWiHYpJ</element13><element14>ZoFjKGOOyFuCiczIsnrkmxJAxprSebqXOcGSdMDMRunuBcwUnD</element14><element15>ycNRsSxzlOZSKYRVOnStivvsZwEaQcuSMBxDszLyHdYauYgTDn</element15><element16>qkEzMBcFrbkmqrUBgBnUnvnwBXuArbeZoNhJbpApVLqkbTQjcp</element16><element17>AGvlOiKpqNwJtZrtLkudZHjmWTFjxMszXyAkNxvdCcLrMEPMSo</element17><element18>cOEcYsZxXnBblegpSrDThlGqmnzOudkptTuUkAHkQENuwYDofF</element18><element19>IQpGkjDwpjiRDCatKzZFESwDePqbbFgvexRYMTuiGfHWjMNUZU</element19><element20>PedWybNbXiEXDVHCxHhDCdsgnjhMMBhnLPwpmupyIgABWrOeSg</element20></root>