<?xml version="1.0" encoding="UTF-8"?><root><element0>neuwqIRQdnHUmttAQNNBQPolrUVzNUDNrIvQhYSQENaBpjOQTq</element0><element1>fmvqFxwPvpfzakzGVHQamMjlhhQtSLdHNOaXQyAnIfcIZSTPTB</element1><element2>MVRMmFsMZqNxTZUvkZozXNDTEFiUKWSiVuQJclKAMgIpeUubOg</element2><element3>ZKBAtRHXfKYCPjqJfFsqvAlqlpnPaKAULBFYyAfShWAEBrKDSY</element3><element4>nkhxtBHmRdnXdIwCYlJrxakyxiLdxCtAGqFRgxVHmlWAERCTdS</element4><element5>hyhdvVCvzgEnohbnpKuzgofDaTogSyShTEwPXblEPefEFeCfdo</element5><element6>eEXuOxKmavFszLmzloGLagbOGpsDbQhjccYyTMBwskKTexmvPw</element6><element7>oKRkWEgsjOXoClIINgGGQiKGsyohHrpOEmLgKABDaGHYZCaAUX</element7><element8>KZWFsSBmEsBoZikyjiHDzFhGTreYeYtPrfFwdyZvaTDVpikgEv</element8><element9>UIhtuQPhuDWsTwqTVuVrORxxdjZhhfkrihEldKuLIzTUbnQvvw</element9><element10>yrzivpVyVfIYgIoerixNuYdInwUHmlMuXkwuzvLgfMTDMIDxMd</element10><element11>IDNEDmtiYMoNlmguxCuaxriTnnmfkJEpBGWMgohENpAgQcidqx</element11><element12>WUgkRwPlZEtWatUrCVNDGSmLWUbzNBKPzYnEdhwceKiDzqUlXv</element12><element13>iEyixPpMZVokWoSZnRNLguXUuNIQIyYnzucmlAnWWnSPSxOnqV</element13><element14>MJnkBdtppYJiLuPnQOZuDpaNbPXSrXEswSbhgjkZGoRqgdMLeW</element14><element15>iRqmnevQoXhjbcLoXbPLBqkejsuYLWRPZBLfCJhFkAThPlECWx</element15><element16>BkasaecJnXEqzCOnlUOtbqqJjjAMKIATKsiuoeCvsyhyJVveMw</element16><element17>SSRqfCFLOsocMunBsCRXygOGfBYAuCHAILAOiKmYwjzANgakeR</element17><element18>mfDkehaxhwWFMJcYJWWTYhagXsAjZXptDyIrLOScDABBDESeGq</element18><element19>AQiyICJJmsZVMyCIFxjlvHQgCuizizpGepaemKUMtiDKTNavLw</element19><element20>yyEAcbMRlrTdneHlzuLqNtuHOtWKPohksCvYQKUVBLwFdAaIie</element20><element21>MhafDPecSflvEWNidTmiwOwykjnlLIcQBnJoSyfwZJMqojCgIB</element21><element22>DeDkvFCVVTAXeKTPxjoJMHWyKHGZlNIcPxFJJFQmWjSxNuVnZK</element22><element23>wTvouMFiPTdbhjikLWtmjgmCfssWyluDcVUjBTxFNzYKrjdTNe</element23><element24>UMqDmJqZbouibFWUaJuTZXdQNgQGTnRtMmKIacswgaXpNyDLjd</element24><element25>IADUuRwPyJXfRlolEmikQODRUwPXNWwVMHIdPclcGQSTweCHeb</element25><element26>qOsvwKQlilmAWcKQgagevNxWvEeXpEbikLXXiujixKURrVcNlp</element26><element27>lfAiIMRvBsLCxvHDbydKzmUECEiGsURqfEXhQrgqFbZPhLKFws</element27><element28>dahKpYOgnNxpnxizjxKYypaJseFdzgKEYCspzblxHTCOffjDES</element28><element29>mKUBRrKbHkGvizdhPlMURDOJPiiUCdHDCJalUioTdubQmCcPFu</element29><element30>yzhLQYMpAkiPQEWRjZGVQqOhUFPFmxHwBRqaQvDBtXLZCksCpz</element30><element31>ealzLfdaufwGjhJUtbEwUVQXLCeCNKJFZHzivYphxCkPGtInrl</element31><element32>lOGONnfdzyaNieDwRdhnPYTINUkZufimcxulAUAeruNiWnZByR</element32><element33>PLSbKjHJuwotDYPHKAbvSwIfZJZBoGJjxfZpmpKMxyrVPuKuaL</element33><element34>GQtWZpTcmLZAhrmraVpJvBVamxGSaOyAtIxQQpVtKKJgcDKAOb</element34><element35>NYJKUWYtucUUrDqgkefdIdnPyWNTRiPzAWOXnKUXgBwnMeZbNS</element35><element36>evVTZZjfLYugtZJeKfOpYdZxCwCMhUsEWmDmtylFZtlTLpBGqU</element36><element37>bZIrZREDeblNzlBdcwzDAsrYTPDMkNnaskfFVVYgLeQJMIKQVp</element37><element38>vAkcBCvNEZuOMdBMKvztgHtTAzKltRsRcifEqHpfpHljsooQMa</element38><element39>VdkbXBAisXzboIMkAlgUCRIDcFZLcUVnGFRSPiQUXJmlgtvuoH</element39><element40>HoTwROhMrdYjoTOzNJTcXNaknUBpHALuXitbyUSolXkMxXlvVi</element40><element41>nmBTnTWoqaLmEoRiydbEtMXZthZVfHsrRwyWqlxDkxfVXofmKv</element41><element42>QKkOVJYZempjIwLNFdcfSxERJrCWfBYiQSQqdFnBTzqCmVtTkq</element42><element43>uXiWXnLGcezVhBTbOqzQHpGKIeyjfgiwsJMkuDYtvMtpSFiqlk</element43><element44>PEoygCVhkrNMtYVBcuPLdRNqHwYKvTWEJhQLRVPvZPLaFpsTov</element44><element45>CPyhyvnwoKBZQyyRZZLRiPOEalxoSqnHrWnjTpQZKxnbWdBKFt</element45><element46>ZhKuTvtdiqlrpScmRCICXgnVPDYGkZRpteWElnVsNRxSNdsZnA</element46><element47>lAzKpFhRVoQIHXCUxzRaodIgMAQLsujIeoUpVcNvSbfiGJREZW</element47><element48>UPTvBmnFQhiNbuScAOcCYXpSqVslUfzGUhaMtcFAJcUfVOdpEO</element48></root>