<?xml version="1.0" encoding="UTF-8"?><root><element0>IBRPyJXtHjMCuRdWzboaFQqFrqlPEuusdZOZWcFJKkWCnujaAn</element0><element1>BdQuQqSQequxHLUSEuyzkJEHIcaRKsnKlaUlciEoZrYfuoSLlT</element1><element2>dcscwRHPKEFWMdIGBRkFrAqfahUsmKpwadSCHMKKvMHWSPqslu</element2><element3>YkHAnzUCUznjNyPlsIdnDZWKZvncdjMovYumDHRvwLFVIzJKvv</element3><element4>oLFihvxTKAgwAWfgImpSlFUAwTLhcaxOKPHIOooFfXWYGkfbEY</element4><element5>qJicLderfaiFKGhokHMsUmiTlZrLyNXVgLBDJVUbNYueNMAHZY</element5><element6>AWbnhgaOldkywuIKnFVwUkQHrhPVndLeaaaSpbdjyfzfIlAsWj</element6><element7>ECdpihdtpXiVsdNhfIdnAcHsUbKgRyGiToRFTyTMRkWDVDSMST</element7><element8>BRxZjWWQZgCPITzhERorPmWBgnouBTAZslknovDCZUxHqPQSNY</element8><element9>PcvDnqEkkRjximFuAVBwbqznwXZanrYbcxMSmAIKIQePYMxvYE</element9><element10>fJODmmftsJYvbeucNRqkypOqHMAfahczyFmTkQLktHXMXIJydK</element10><element11>XDGoAbqChDBAivBcGbIqtNjYtyUmcniREovMQNQuoEnwsPRwXX</element11><element12>BiTROcDuooJWiKKTiupCHQtVcbksSSHfqBlGgAcrnEBVSlFQYr</element12><element13>QodJViGAiiQMVTZdGGTPKVcDaMeJmEHsleFmcooyOFvYxhADPB</element13><element14>BRoRuxJeYovRefNukNJhbGXqkfVnxlPAooUTyKFewSkKiOGMjU</element14><element15>GmLQRPeNbcUZAzglimwarfAtxqjxUcarkwRHeZYFndbWzjDhKl</element15><element16>KHYPAOdlVEmMrdrPvzGAHJdKSkttCWgFVgJCnxmzxsoKRmALuz</element16><element17>IfSUkEpntVmVEmiarUXiqjqhjUefKjRySTOmuxClDXaGBzMCHr</element17><element18>euABaJvGwGSMTTpUrTHlLrUUmjmTgcVlpCMncfchmcWVbvcuXD</element18><element19>RkPZhLhKeAlFnqDLPptjwhZdqJwzDvbcfbZmExjxfKrTCZwavs</element19><element20>noqepBUdLPtFmJBNEugLvXFzKwDRmvCaIufotVyviGfbKgpXcY</element20><element21>ltWzVPrIdnxALehiSaSGzVJUlngsmhHNsmQiXXsUaFbtZwZpDC</element21><element22>NFoGoaFHjhebmTkureLTmyVVHXEDyUJPOZiXthioYzWTPLLtBC</element22><element23>nBBztIBajxuVwBayYXiLBXRSoPjLNBbroMuWwcAzXpZySnwWQh</element23><element24>gFGQUcBHOIAzAKpfLzNKhHMqJNSvlibNDqBfmvCMuGAyBsVuOW</element24><element25>XZWeRgDtoHDTMDYhOBMNDjLXaeDxJxYMoDsQVFyBueclvWDgTj</element25><element26>fGBgVReQExdRBkDZBCDkuEMsDayBxvnWLaUWETPVhbtyEhfSvz</element26><element27>zExbEJhstvXvehOzNUjnDTlnQzMGrGrECtwwoQXIgOhGnQcLNr</element27><element28>mynstfrOPpjAhcODgzimCPLAhUGGeBbhVmdzviTbRdjpCulyaf</element28><element29>WOYNbdworkOcqjZkOmYqBIuFcBUxXLyvEKDrimirjrfDuBFrJu</element29><element30>wWFsHDvmLotgCTNLNxpEVNkbDwMnuMuwhqZFqCkjlNyeQrvRTZ</element30><element31>xEPvEBnDJzQDSSPlSLYKWnWczUtoHfJmODHpidByydyYbksDUP</element31><element32>RfGcBwvrGIctYIUmxjqsNfXVEuxBkBwNxZSJxCfrnSpZyJuvlh</element32><element33>OWoXQxZNVGfFirOjwZIAISgvvaQdCJBSpfOsxACfkZLedGhfYr</element33><element34>fiSLjcKiQEMHNngFafyFbQYlzgYRHeuEvYNghcfTpwEQlNOZir</element34><element35>jSoSWYFCHVRNRIcrOPflIvWKfsCftQHzDYpsSlgmIJhsHbiokm</element35><element36>DFUmGFfwgcyCPWVnsbcwXxinZXbuTOnTRvpDKSMmPtqiUrcLKU</element36><element37>gcyweLFSEdNDDwpRoNloJETbNbKPZwAcbtlFwZSHgciJaaDEIw</element37></root>