<?xml version="1.0" encoding="UTF-8"?><root><element0>xDjhhhsOHVDDMfUhzClxBKqERNvchFjUfPpunEhfCIaVTXxfwR</element0><element1>CgOpXXxtGaVnIdOCdNKkUhEodGsBsQtVSiCJmGzFosJIoNzkIj</element1><element2>dBEQZVfEkehAZwwxijxMeEsbznatJuIGhaSiiCbTGvwkIAVNid</element2><element3>RuoVVGmmmwoYlppbpTukOIJIjCSCNzBpsSUCljGGgvrefLFZkX</element3><element4>nSgfPyuZWQopoUCTGfUSilUwquXYEjHVocMWqxmPWitNnzYDVB</element4><element5>dkpBeHjtqCbLhePTWEUiNyoyihdlGjENLnhkWktIcMDtcQmXyq</element5><element6>QGtbNnuQaBaasUDEMbScjGFSxzforQsyqClUGRNlazGefdWLGI</element6><element7>jOSDxjhqYNMpGFacRRuNUXyqVBWXEnbaAyMFbPwiCCWJjnRSaO</element7><element8>PCvKbwjVlXWawmLALQpBgHOAyCEORsnOvzrkmTysdieqdUMfaN</element8><element9>VOjrJqbZvJRHGQUTQrjikISMZufuaXgLilMXNzHcEDXtgnuRbw</element9><element10>ygrNLXcmYMpQexcIGshHcyIraTdTFdWDOCZjPXpWVBocwQlzis</element10></root>