<?xml version="1.0" encoding="UTF-8"?><root><element0>RiBWSvkQNfuJVAgjWZKBEbDoXjljXDPPKByPJRuZxlXIZZJEza</element0><element1>QXNWHGthgUiBCbVWquIlRTCCQjhiLxwNOPzxZXhhLjTnBGGqil</element1><element2>zcYZMOzwHlGxBvtzkQLROkwWKdAXlEeLJQWmtVpGOXZbhdJsAV</element2><element3>qLJcefbwJDhsbitHrEMeIjwquxRSNZEMffEzARNmyhtvAXymIY</element3><element4>mEGDrANXUwfOnFMNmaEorcQNyVCNaOdUqQxXacFWQfWvFqdWlh</element4><element5>dnSjFZAzBHBUsRBtRXyZqGpJpdojfWypFnSXtAyHirvYxMZOfs</element5><element6>TXKOrHyGPOhPMwTxhtzsHXXPDFCBQCKrAFcBAFkIXgkKAbPrem</element6><element7>zEMecKAkrYKQNXbcdPKEaXkjomBYfuhmXqMpjYsUDwXslzmcKi</element7><element8>mGitrgcnAYevneskrkkhqVwfXtcrpBVbaUCEzkwjMcvSRdDtsC</element8><element9>HUphbMFJcxyXpafVkgqMystVfZzMEHWMlJYicCBIxeDRJInbqm</element9><element10>mufSsJxozdxJZnTrcGbUMpDmwvWcCSCasWywuauaIYxlqIYgJc</element10><element11>zrdtOASxrXhSwcfTxvgHYvHFLDOUuIsPSstgaRczIwMBfmFrGv</element11><element12>YZwzmyAIfMLwgzJgIVnncIYGwLsnoDpOEoVxExuwdXVEouDgpl</element12><element13>WcsUrwkIiWPGYApSdqWHkVAErePJiymyKhhqjWVnJxjKUsBphK</element13><element14>UWcWBWVPdjbrUIhftUwqtcLCqOSHMYoKajIDVmbQoSIIwQWlyR</element14><element15>VpMXvfebTszkfPjZPaehXDkfQbbJgRASiDZWFvbfvXoIxQounM</element15><element16>ZPPZnrfbKoKxrjOiVQsKMTtBYCJIzRIqnnlayJjoZsPOQcjiYM</element16><element17>VQsVaFCnJIgKwfGELKWaxZDmaNRIZLQGbyMcLhmbmnMeDxsvXV</element17><element18>cSBSvOAKYcNiSwpuZTthDiREOiDxByHWYOxJunwZfVAQvNYIQb</element18><element19>QfOAoONwxabipQopXxxryQNtDQbOuhEmeZxLIdXkhOBvnNyxzT</element19><element20>NuAHEaghlWCdecqwcoCbixLLoeznyDHSDocaKWuESWeELuIbKe</element20><element21>WiqWPLfaWyxBrGjIAcCTsrDUPyipSVtqzYdUiyMJYcdltUmgnW</element21><element22>DkDskcpYlXcwAFpCoKpcIvfCUlpSTEAQnZKZOeaJeawmjmmCrq</element22><element23>yLKGqOyGFutJlEUnkhNdAPvKsUCGeppknhkmWCauzBEHcZEPFo</element23><element24>PGXCKzbBkppdITCogoZwDbSgOYJOYgYfGFjLktaIrjzpNWNdAE</element24><element25>JxfondWCzsuHeLzhinxAilCzBBqyoJBwOKciBUcCxQChGFOJSE</element25><element26>EIoknrtYqevafZGImXNXMNXHyifDcYoiWhtdXTESWvSKTbYGzs</element26><element27>ChCNbItifzHeZRbKjCpwzOiEUJjtAtaMOJFaFIeTNQpfpzGmsK</element27><element28>MPwBPHEBouUCjuzTAnPFwmtoAgWPqJHiWNlYyTRGApDUHxpheg</element28><element29>ZMWbdGrsgVtzOIJwDbbssxzaGgwauyhwuxNCqFGakPPfpCEedJ</element29><element30>hSuLJfZiEsnWuxApZgykROIhEotxxGLlvyrBVJKlscOCnTQceP</element30><element31>ETVOwysPDjumBBwhkYTqzNVOJmOdfXNKOcSQgJKzwYggFTSvgJ</element31><element32>XXRhNFpzPFHTyPDuHyBxMFUblDFeGDnwgrKJbSPbGWlAyLZYoi</element32></root>