<?xml version="1.0" encoding="UTF-8"?><root><element0>imJmsMAQORuRAHUXlXzDzWKLJevzZrJZuigxsmzrvFlLrUolxZ</element0><element1>yfrJYrgHzXxanVkdKjqRHtXKdVXUemSJvTVhHjAUMWJoUHERpQ</element1><element2>WPvCUYLBYoePcaipzQpAchRHYECwBLyTYVqoDTpCqgkXsAvZAx</element2><element3>rtAMRJsaeKzELlKIBnGRbCptvlHEIptcqodYTBFhENbEewOQdS</element3><element4>WkSFEXAdagONJksOHNuzAOaoJAzZONlivbaUpjDuRNoInNCQpK</element4><element5>amhCPBXpSDruoMYuklqqwfSxMghHNiomxIJsllITzhNWQmaWyd</element5><element6>otXmzUjpsoRpOpOZmvNbWJznWFOMPhbYGhcnGiwJzPLiGimOQv</element6><element7>BlSyyOBAdonxxPCPCluFKcscocruDPqmPSpoGeSkiIEVJyslRB</element7><element8>IrFMHYuEnktHylAJdrvwSuFRCrGvXsZrsdcZbKlnOdprzHRAMq</element8><element9>bvIBYnzXdbLMVtsRaeYdDpBargcCChJFMBJLkKZWgMTEfmcwDr</element9><element10>HmBsvzpwqOLQGmXINRBPXWOfWYUKogdGMyECkkqNjegoIkGfKw</element10><element11>ZJZBhqajgYtPGeVcvIHJwbCRFvzFiSPwOZNbfMVjQsrSEFGLDf</element11><element12>YtPXsBiauQzgLKosLwDPGlJwRVzBKbTwmeYXTqYkCwSIeAvXcx</element12><element13>orNTUEGCkKnnqJcgPrBNjrQfmGkBWuWLmjFnquahRhNAfLwPyQ</element13><element14>GpHIJqHdZOCSDszZqcfPLgoZLaGSIWmAHvGIIAypMRNFyoVBUm</element14><element15>EFMJAPIxIFmFAhFUSjpqmXapKpYoHrhJqLhtxSbJwBZYzMXybW</element15><element16>zxVvvtThqXuXogcCtTOIfuGTUYCLkisqPjAyYYsbCUsQqEgTew</element16><element17>yCEYveymJoGjvAkPpKxbQQkyEhxXpVmAdyqGfoDmjtCjzvVfob</element17><element18>ZFBIRYUsCTqysqWURAPfWpVfdgPwniwbnpneiUrLuLjZbaJRHd</element18><element19>UZahaFZDjNhMpmSgTWaumlxkHYHMWvHAHraaTsAUJsGIoQXrsz</element19><element20>hYydypyYheTGtCQKWZVPxrcGohlXngCTLDVdsJPCkOsXhlWhTg</element20><element21>pSGKMUUdpUTlqdLDLxVVpkUfuoTJrtJJHVvOgxjzRavJIIsjvp</element21><element22>SveJpXZTBpMnmXZwtGuSDXLKTMVStluzaNxCKFoajlHSoLsbKe</element22><element23>xrWGeuKLxBqxMYHDAVoFxVjxNDuguvfDnOXaeNmjvVqONPERUi</element23><element24>mqSIHUfmSORWbDNDXvbeBozuisTxgIeiTAoIkRalHHAszPCffs</element24><element25>gMJgLzqnsXaVqdoBzXehuhztStBHhWacrCLPhcguxvrDMWVnRb</element25><element26>oWQGGhYiwUMHDuNUafLJfIgNYVyuMBNvprafsfzrnyCzUYTDCB</element26><element27>mUtxGOqKZdjJKlQJPdJlhYpQSFVSnPCRKtYRgpQompMxmEZupb</element27><element28>UIsblCpmfpFccemPXXnHmcFCgfSVmIDReDvKACjHedLZRebvKV</element28><element29>ouHHyAwFDgwYdnwPwltBljOkwMzATqgEZhvxpErAjnGkcHjtHe</element29><element30>axbSmegrNOtsHKcazyphKTTAVUpBJxbWNuheqpxERAkhnBIegU</element30><element31>RnKshHqKDWpcfUVwQpYppnHNVLeuPkHMuofmgQQEgLEtzMOWqS</element31><element32>wcAGVAITBeMcVQBbTPNlInsGDOPZuASZaCUpjudqPGKwNPYCEI</element32><element33>ZVTUhqlXZfutuwGqihuFSqejoKLYspxuWbcmKptUuOqJVYKAMK</element33><element34>jQgYUVoNDjdEUuVefqgARXnfffvwxtFjtPlTjOlJxjIGunzDcw</element34><element35>apVbcsXtgubnPZxRBLVaSvshDMEXeNLDJQYZsUYKvbnlUGWazH</element35><element36>HIDsvRZDbrnURyUCFtYsPOKaGOkdalHakObZilJIPHSZCLHWwF</element36><element37>IleJvujXZIEjFdisYGaKFtlNtOlEJWQdxmCWdNJkRgCRRkzSTt</element37><element38>KyByAnLatmGpUUEukVjPvvbHmEXIeWApUATVmRYHmXUyvxchDu</element38><element39>tREsRVtlVYyKWvmeyexKjdtNICeDXzTvcNpxwlbPKtEoXNPlsc</element39><element40>kxPWUwNoKpJgPuIuGXvqXwbktPKeKiURKzSqQOpngPdJLKaocX</element40><element41>KoUpBjlPFTxYnAfsDnRnqGDLAmvOVdFwFnlEiWNCowTNSpFjOg</element41></root>