<?xml version="1.0" encoding="UTF-8"?><root><element0>vQIzhAarPGuttOFluRyvtdEjYJOxeVGGxrARJasOWQzmkNrMAE</element0><element1>TGSGiNRvvQwuZoqfWmtrXUDzFMcDhGcXbhCejAlvdqfAqPJBat</element1><element2>LByBsRPUTTghNdfMVMOeXaWBOnsnNdSPDOKvfQFbubpkDlLxFV</element2><element3>oTMpJPQymiSGUjeSMWIhSwZocYtnontGhdWxYkPYZkkCerHeeB</element3><element4>hetEcOXZYJmXvgaACyDPhWeCVBbYrZEjRcKYqrWUmESumzIkfW</element4><element5>QotGNVAGekYAMOXGMkikZErAfPVqVyCABWwQjvsJJTzTWJkkym</element5><element6>REPbPYUfDkuaxUgpEeWkPdtItdIzZMwYEjvjopoqVVpljauxaB</element6><element7>hneQlfnMabuWGzJlIwfLwLEJqzPqaQgTMoJiBNidXUAyhfCXqy</element7><element8>VtIKnqamwnxDxTstKvIirlNUQxsQauegXHNeGTsPBUvEUEvOuP</element8><element9>gYLsiuQViupYYjZTszgBeFKfMqUWNTfAocXnWOCIxMnhkhMrHs</element9><element10>xNyIZttAoRFVckRVpRqTgdTrrkywlbPRGyqzBPGdHEmBANCTkr</element10><element11>QFASCfnOWYgWTqghrLKzGvLpIPZwCSarlIRHPOypryRheRutSq</element11><element12>fghWJelonkInkAfpJVvgHaZwquipKVsKPncRAuHCbsHPgUljDU</element12><element13>PgmxDLkPrZqXabqticZVUVzZnquuTCkMGuWXDjJWKLbYFeuenp</element13><element14>YvIleuiPoafKqsQPtMivUuNcyUEtZfuSHrTDHvNZXwzuwqAAUJ</element14><element15>visGnnviuLLaZfWEjNNMcZYdIFDrqNRbEOyfKZJJUYRhfjKZQe</element15><element16>DJZCrTmGECdOpRTsKrIWHexKESfBxnkwOQNTKYriQmrXNSDnuU</element16><element17>vzhohQXRSrFawlOCowMkyReIYSTZCLkwXTQmiXZixEdvnyeIUZ</element17><element18>ASkgmdpnZXeTLMKmEpfLVgFBqrIlzjuKDdGRGurVXAyeYtULmR</element18><element19>cxKteXbqDtXUZukUVgHegLbIjItkBoatGJFOIqEInHzfNYlGlD</element19><element20>xpjpdcpbuhOhDSDRxvBDFMSUbppeOfiKmYlEEcoTSYvpveChxF</element20><element21>zjJtaDWxMdfzvBKbDolwfnKaVivIHcUoLkcBhlYqLWiEjXtVFd</element21><element22>YiYGiquRRkOlNgsIYzQCObGJWTxMAqDyvYBOtlOgDxjaeCKwfm</element22><element23>GhZFdPjoYZDyHuABnCtEnsDuntSJvQQqvFtCKgjXJfrJfeAAnZ</element23><element24>KbIUqEwfYAWgLCvGqrMLvEvNVBqPWDXbCfeAtpyjcpDLbkJprx</element24><element25>GNsZWUHbFxJOdLMsUACUyPHusFdhycWtUXhfWPhPoXIYhTMWdA</element25><element26>dWxtBasuKhtzhUiRwzriaZoORrPovHZPOGepEucgpKKSIPSKyI</element26><element27>xOtvTExMIkxXbmMZGSmxAHiDpeaOywHlQRQLaJWkKecUdFHnaW</element27><element28>ARIeyhyEbrWGHRRKJAVBccIjWotIfkleuBQAmuvRLMPAPynOft</element28><element29>bqDZtadXkcLoKtZwuLvawPHMGCgAbWlQtCbOYCFEzpqYgMoSRC</element29><element30>sZgvKGnaXIQBAXAVLJgheLuJmWTuVmvVywQiClVhgMDDvhPLHt</element30><element31>BHuKrlNXLCVUYkjIJSYjPBQzImcnTgvNfOhqIIqvmSPiOdoEVS</element31><element32>ezNRYefpyGaKYigSgSgNlcdkNQxFmneOUAGwJbXpeLkRbfqHAV</element32><element33>EEkfnvAZekLBRabPbsEaUeFMkEKsspMnLpSLLjItUlVpsEdJRs</element33><element34>VzDpFALbYqbsQYPFcIDtRdtLCDlRrfYEisxrPAeQRqPFTixMvl</element34><element35>KNVgWTGtMzPAqfqHJDvJuYiRaDrerprARDcJvsOiPEacOTifVg</element35><element36>ecrivQfSkCEofQxkrUHDXOkctsDgXsDgWifskWBtERsLFauyWB</element36><element37>hTKwAlqldTDjayCUqfUifvzOTXElUuEbMJCzjADefQciOmvNKE</element37><element38>covQQxcxapRTCnERdmFrNwKSlEEfxiHntxFjMenyDphmuYejuw</element38><element39>fhrqqEHphUguaANbTzkbsuYopldBgEDUtrLKYfKMfpcaAwwOBo</element39><element40>UeAsmOYKjDMDcsJXOWauAOQYYJcfgnltxRSyIiwcVkQBiVmuRp</element40></root>