<?xml version="1.0" encoding="UTF-8"?><root><element0>aDJRSKRIieEVYcbrssAJMwUilwMlTrJdpGVWfEuraEXdukYeBA</element0><element1>rrnqKoJXifRutUwCAcPvJsqPoywvQNQUTFpLKiUgtHMvxQstBY</element1><element2>FSPBjTCmQkCRNDxmlxijazBcYdcJcTOSFmCrRnTvYMdHAXuMkl</element2><element3>oXofJBGmtLGnJYbOxEsrQbUsAvofcFTYFfbIAiIoFNHKZHaCcb</element3><element4>ygNtUKbwXMpenzyRRKnmyeXmNaYmOIBVnQtdSKtvoMOqhKqZKl</element4><element5>JzDLAuqbUYvesDMkGqMNRWXADInFzLUHXbnutngHYyhQwIChMd</element5><element6>fSkfTCadcumrHZNdPLnbnbbFQdbfxVfVCwMbAYGlYUnbZVRxfy</element6><element7>vcVshGBHOCOURJbVKQpauHswqILcnrfggZbkwIBbofGySIihjl</element7><element8>AwtzTlRaJDBdANeTaxlxoCOiuHLIRRCDBclQIOXlhnBNqwOWUu</element8><element9>DfXozgjTfTOYUcJFsePTNXrtAQqeXlbYGlUtunEeDRYiwXRbSM</element9><element10>eGDhlLeYXunpdRMknaKRpDLdlniLprguDNSBVJoxJOyuBjxaqn</element10><element11>cjHJLIwqGheTwHHTsWBjhPFrCxxHONkPOXUntyBwHDVpwSznrO</element11><element12>YnRzGXcyisSPWzwLusSTdieZpaaznnAHBbsDYMhDhUBhydHItm</element12><element13>HrWfCOMhICsywmrlSiSFaBTXlvvYMxTVlJBwpOEVzDttqDwjyY</element13><element14>UqugnBlHJwpJqeeMXUoKaiMqkWhuvsMbLBzTTwfezuWfVHETCu</element14><element15>yFBklaFTYEAKotbpEQRwfpECBowbWvwcXUtqozrVilBejhgPCf</element15><element16>AnSwywUvcZPOdOLQSQZcCNyJQuGHVfSFpnCmvRajtjPHLYABTz</element16><element17>uScThFWySTcFBigocsgsIFsrHSNDntVkujsabEMZOjoKzCEzsf</element17><element18>JaDPaNOGnWQKsBeFtIfSzpVKgTuFwrjqLsBHtFIiJpGnUFffsP</element18><element19>omJlhmytmfzofsXZyrnScFDHJgiJVifaaoHfIRMiawCvfIIVgs</element19><element20>QwWYYGnhwHwFFcojDuxDkKdNzlqDEfrYSLnsZbzNPUbkHylnKN</element20><element21>HfGytlCgXvDbYfktGvXWBxRyClFSkCWWCpCgeIccuiGiJfGvGb</element21><element22>cfkFkxJpIaxztStwIwbAErvRFFzndLBbkJidxjDriKICqNlwWg</element22><element23>bDdRZeuyEGNpSlGOBWgQbsltnhJYhtqvluWNGFalaxXKhNZFlc</element23><element24>IBlndHWrkGMPrwncCjaebYSamBhZImkApwCSdVkPupPCNGgTuF</element24><element25>KdgBPpZxiwiCYHYSJXHEqfWkVmolitNwuJMNFeSmXwwTjpEjgo</element25><element26>ePdLDqMPiwqhiFtVtHULSsQfUjePZzFzcnOPxaNMfTuYqEzuhI</element26><element27>TevhCBdsixVveWlbcnHCDMkZYqOhzadQQneRodgQQoZlamyMhG</element27><element28>HRoEhBJuBKXwYIjyBAeBotCQIYLuVueJSxuigMsLnLlhxbtwPq</element28></root>