<?xml version="1.0" encoding="UTF-8"?><root><element0>HleNPXyxPBFUGudHYlVlHaLhzfIQvvjuLhWiRVIoDdsEhRyxZo</element0><element1>aBMddBwJkpmcMTFzilxBYNlqidCeFWUmXFjWcAArKjSEUAxyGq</element1><element2>wWGzhnAsiEgkDiPEqBRuEQYXzoyqgUAFHKyrYJOIKNHwKGaDeu</element2><element3>UYQyNXECNbSETjmdjxGnFiLYjSFeranaLPoFXXruDXygPnJfOF</element3><element4>OpptiqCtSLzRBerbnjzxqTIHsSPtGlhZPoJsxmPRZCRSSnTlbw</element4><element5>SHIegNCscZyQKOGlmNeWgxPHRkdkyzQGaPJehqqWrfmdJzHXWk</element5><element6>RehqqiigGsgYXnUxIvHJKxkzHOYeRvjEQeBNkUfLSPSIWYvsVO</element6><element7>DRVmOOZoxHhsaSIttKFIOYPOezzgCCTBBnOCtdHVkvwVYuAjWG</element7><element8>ccViULMlxJTdUNdIbcohKKVmSASJzIizzfwzhmupfAuWIXwrEp</element8><element9>KCBFKfShRvGNkKbBjzENIlijWHeWCSlPXggGFuANqwHwYceHwh</element9><element10>YTlYJxjIpIIwJbxFADtIRsqZzCQmHtnCnQBpIcMMhtNbvJgLur</element10><element11>ZKqwAGrcToQlEOERwtneRKzDRNVNKWbheVVMCkyygPqgSgeiSV</element11><element12>LPBQFwJyWFDjdfsYDOgGYSSfXGcfkNcPpiMCDDxgqIYZMyAWjI</element12><element13>tvAbHtgpkGxXSdWAEgqXExcpJykFCiLVwzHULNFYBpiLntDqzW</element13><element14>ZLnTikuiBYFqfHTLWIZdqtmItFaaCHhPqRwnwAZkUFMZMUpfph</element14><element15>FrzKppxyUPRZaIHgJcHGpObfJYWLUomkpvEYnUbTmCwsXuzifk</element15><element16>ViXPhWatVpkWGbIRSqdKSkilOWKCqCjqLPsTSvGVoRjHPPyzMf</element16></root>