<?xml version="1.0" encoding="UTF-8"?><root><element0>nEnmdeAIpciDpHaCkZvcgRyNyNeQEpxuVbGbVGizGyFBYjzJHu</element0><element1>RkyYjUtIkWpWAhuHtTvdQXjUswYzfrMlEXSJTClJKLibXfyPHN</element1><element2>sNUcoGQhrDwZhmRoxyhGQAyYkBXsnotJvvqwOQyTRskOZXpqrH</element2><element3>jXTQCYVwPVpQBlEfXQOyyNcjWxpKuVgrgRnfmBdCZMmyLRqQVZ</element3><element4>lZJNJCcWcmLiKZEPWZQncYCVnFdazYNIMMbaIgaDKJXuLVzGwS</element4><element5>CQHrDVnKGNNyblDFMkYrSEpqrGmHNitPwuaAZhudeDLNgjUPQL</element5><element6>zKKjZVFwRvGVXXkTUhkTGRzNCPkNHUlkppBjHMpclLWvbKxbMa</element6><element7>qpMqVdJrmnGXYpRINnOOlrFwkZxbqCyPBwDAKaeddgByZrButz</element7><element8>CuqxHNlnGCFmlqTBGxAdpbILzMWnkveRmAdDqrsQaaBokFYelS</element8><element9>EIzuRLPzbVPxGKZDdqgOVYogQpiAuybHCVpSLmXbkblaeQeBOw</element9><element10>IXkOuSDhGrEwZxYuHVXmuuoyKHmEgOKXqVpwDPDxtTjKfiqwOk</element10><element11>oEOwJYusFddTUroUbRxtzpCoxusYMKGvXoHTgwMgqJopEDmYAd</element11><element12>ClpIDzNRDyQUYjEqCqNPcHKGHnwwwIvToBndBWzhnKifwffYau</element12><element13>tIvazLzcrzHEQwDazgcYFbrFfgUOfIofMWwgXGkaWRzjwwGEgm</element13><element14>oSOMwHJHRODifmcKyiIMcbDhXGOjgGhXWCWKBCtkLkdXCHDBCR</element14><element15>VvCQagSHStLzHGxjJArrSPnIoYvJYELfpaFgNiJzQuiKBBsvOe</element15><element16>dhvQrQhVpeLupTFZKBNNntDtDZGJioRTxfGaFaDwsjaeLNfetT</element16><element17>vmFMPhnRlmPySTgHUrnrzscCzTaYnvDlFFOQhnKqXfIhOVfRQd</element17><element18>HggemJNpQVXWZasFWvLXBdjQTdnKZhEmrDneprFIwCgLxUUsHz</element18><element19>gPZWteosHOrYetSyJRAyyBPfbMiEIYHcBccnOMLnFrEJzFnALM</element19><element20>sXfDlLGBNeyjURKMpUDQkDrJJBLlRHHasDDpTMkIoasEJMuaqZ</element20><element21>yJJgfrjPXHRvxccFrWutZLrCnAYcuecWAWezucvFwjPijYYMKr</element21><element22>wkCUgaNZUesjjjRXMJAukjRDmHRdfeaQbbgRVordAAUrQgbPwA</element22><element23>pWRObmipGJMZiyvRFNqwdtCEqVwHHeIoQUPqCuBonbXlQPJeeR</element23><element24>LINsqwouGkpUQEzVgvRJDaubLGkcPsFuwSsjgwQVbUmEjDcMpc</element24><element25>YTRVuYJAOpjdpCdfjEzIGbPnEsgjJjDMgYSFEjvpQjpCaObjMJ</element25><element26>pYQkVmIFkkncMkYzgRuyDdeTjOELFxyMrazzWTwNCPtTWjPZFO</element26><element27>SokDNOQDSbWifIUzfpPIxiZgInJpdFIRCBkBifPfGOzHhjdPze</element27><element28>CwnUwhoSQyhCTZApeAjQxutfNaSwfJHnFrtnMiyMhgRECZDTgO</element28><element29>DoJklkTdcqDaFYKMtkYBRKGJSBdqAMPQGxegqFFgnMPvZhvIIu</element29><element30>PKKSrmduIKrMnPFgKggiYvCXnuvZLUwNqHGXacvlggcoehRKox</element30><element31>nVuCIgtUmmhktNCEIJpoujuMxiLzDpDpJQmUvmksvonTfJMtuu</element31><element32>BCeGkZkmHWKyFpmxWFXTXWMNmesPcXrZwLGsHajzOUfdDSZPHh</element32><element33>yDyOkoafpdlWLJZWHDCgCHiaYwxTsesWDRNGPXFNGYYMNImgmV</element33><element34>EpFnMBYinTtPyvCdjXYAsJKDfpCuaCWJGIXdIOuSUeJsNcGcSd</element34><element35>lhJZTCyXjOFFKXtFgOFGTUNcZObYChYxqcyeeVAygrmBcIrEEs</element35><element36>uoRQOovYVIAUfMaxvgEsUhSdYwGEnajCoZVwsLossSEQZtCUzk</element36><element37>aCZksxprkqyPnhfNetWAuVPSSwpZYJyHmMnFMpxNPDUIGgPCCc</element37><element38>xbrMLwKOKCmLvBhnFzVpoVAoKcCjgTLztFDNTEgaYTCHPoswwT</element38><element39>rMrgATlINbcIdsGZTSitNwNqoFkapmQfjLiDPBbYBWNRLaSvDK</element39><element40>OtKGKAJtYuPjydoiYerXRYqVzuKihlsuxqUgfFyhOmiWwMJRFP</element40><element41>VoSyoKJRZCwKGtnKrhisaqtUdhVHtovubtNCjtdjnfHbfhnVGR</element41><element42>VoikJknDfLupeeoqSQUrOUCKYelufgOoKbzVYKpDLnkkSPhinV</element42></root>