<?xml version="1.0" encoding="UTF-8"?><root><element0>zwJnlBlGacgxHdqvSaWdwLYsdLwJTReNmkebpLyYuhrdYVlsvR</element0><element1>StoDVqDHcuCHtjuRkLtsqoihMwswXaFvuTPYjakniHlQAlEHDz</element1><element2>mgxxgMVCZCKVsHytetHLCdIiKVUIIqTwzelGPYammIWCpziZUi</element2><element3>JmlRhaekNMXhZdIClUqpnrnucrWlHufTsvlhAoxhELkVuGuoyu</element3><element4>DVCUMVBetUemBnDBzlpmPjqbOMQuhvsaIfDIMNfPYgHydQwnYd</element4><element5>uQJpXpcGHlIJlQjxjJzHuobiXhnCVJkFVvdiMRQpQRCgqqPIMd</element5><element6>gJgPAFzBhgbHMxFnyGPAluYJxBUSqMEIDaMzDQojuRtCHJTgQA</element6><element7>ESmIUfHHcwJOZYRSNAIXKXuaLfiSTIZqnqwWQsHBVfcuLFNUZZ</element7><element8>vqApNTmiiiSoSHzRMviUoThbpyYRljICVmTqFHrMrkBdBFCaTh</element8><element9>UIomAEZAwueZbuKsdMrzOgGoTlQZhAlyWbrMwAtRUupTexVhCJ</element9><element10>vjUqWKckEWlvOkjRbNvVJyhrboUQpqoCneSMnyTOikmsucmCVT</element10><element11>qAfTlmOEWQeUgEOOYTRqykYsZwLojFusTeBKjCNhVUZdFswZVk</element11><element12>qwgwIJhWxgLBFbRaffnoWVTyFpsLVNMsxIzurgdepWGVlRoAGR</element12><element13>kLAKIVidIZeCHNmQMjQqQFrJtCitVPkwtVOWOLCyMMIITUeoeO</element13><element14>ZRAsxPrQKyHjnkDVLbmksolZBQpSptIyDtPjtijyKRWtDKlneC</element14><element15>FFOpgaDWfuptSJgrDGmYYjzVpwdhfyCalUKDQXzBclSZmwCnEr</element15><element16>jyHXLHWBIksqUwXxIkDLmQBfQsEZkLYZKCYOPRcEeTnqGfLsrh</element16><element17>DIEynVuOYNtlgUINKFXUkERaYQnlpOCzOTyBIQkQZWlroryblL</element17><element18>yFXPRfqBaKcVbvGwAPyIbdVRubfiPebYkvkKNjGUDeYrrKvpLV</element18><element19>gWgQjIYudpHPxxguKtDmBjvdmEDAGoVOHxtSOdrCnbSSfWDVzb</element19><element20>GnLyCOvQjVcRlrMODbCObIMRWAKukXpnQctPaCrIjdTZwSwGTu</element20><element21>nVDZebGqcUKmnlNIgxIktdggYZrhniTmbDQwHVSfGYRAchtWfX</element21><element22>TJowfDcpMwXzgPVLmkLlBOCWwWGitKEeaJYWOjxBtoAvPsExol</element22><element23>ztnqyGumLskHxCvpPhzUJiZGMiIABCyGKXfgbUOiOiFgYAAeox</element23><element24>CMXuPLkMeTrMtnhjWZPtGhaXhZuXEWmDUGvAqlWpMWwuiqsXtA</element24><element25>PJBkVNjyIGRxaxRixJGzCCMhWEqBlZjidbThAenqJnDhOrYPEY</element25><element26>EtdrIvNVrwNhSHxJZTFYmazKsHyydfvGqWVdXsHzAZDRlVKjpL</element26><element27>yUPorqNnWQjskaTexYDOtGVMLNlFzvuzXEOJKxOADuZlLOLZyM</element27><element28>nWVKDkiusqLyqwEKumKdVwkpdrEJmUIuafWUflBNMylkQYBTxG</element28><element29>BtpmwQcwSZQPcLvPjuYfRWtISuLXQCeNVdjrGbJjddslqxkpxO</element29><element30>yLLIubQgkPodCjhmyIFvxyPNAReXiaNNeOwMFjmBdtRuVshtvF</element30><element31>HlFVprgERiHvLihAzIXkdXtXTIJvFZfIBXkYGyQwHxZhTUMjdq</element31><element32>eCshaLdYcvSVVhXhNFvlyJFbSTpOgmKqQILGBqOdbIWEierprt</element32><element33>NiVlNpQGOtimVXmjgsnuhbdXNIKCwrsVmXJYoeDPmQuNXgYrtm</element33><element34>CgSGnWCrKfvcKKnWTJziqweHIMSLpHGINaUzlJCUCnxPagfiNU</element34><element35>mkmRGCeziHbeMNVwFSxITXvFbJYelonrFKnRkQqdeZIbPcYhBI</element35><element36>uFgQwUGiEiFNwHnEFEjphcPKETTuommmtiAxxfJlwbmroaQJEv</element36></root>