<?xml version="1.0" encoding="UTF-8"?><root><element0>lphSEtHhHsDpmuBCNZcLRvWChpQtwiOJQZObyzAfawDkricLmV</element0><element1>SzamenCpdhKsJfvEGmTKBUHHXnmvyLPSTLGpWpSRvOOMsOXFmt</element1><element2>shEvENdNikLxJZkkIYnvGTVtrOMkjjoksiMKPIxxjKNoGUgsrh</element2><element3>gBzaCTtgMVqIDyhFkxpbcTUdZAWvOMPMpoIEhLaiGRfGVPGoSE</element3><element4>aevNMKsEFrqUjGGXmZSBPHYkWnTELHcdXBsPVYcZWsAgdPpdda</element4><element5>eZtKZwyVkXAAonUZnlubjiShkoftcRnEEnYnHhKXRNKmNXLtXz</element5><element6>fKHKyYMlsYaqmqQMtjYKUByynLyzEpWEJWGiXzfjTDIBzofSIs</element6><element7>vdvMzuxdgWhHUeqkYQGAkrlsotmiUtDhHxGNXXpMBbBtwJhinA</element7><element8>yjkumxMWQyyUiUozOfYmABZmnjXuYtDtgQhapQMWDDMiXccDCF</element8><element9>MkkfVvbFfHyRjjpUUKJANkkiOsglcWtQNJHaYLkSkQlLhcqlQt</element9><element10>CuhzfATgejGVToFpeETyFGvTGTxxhzqfbXnhOcqIuuwdDHDVnY</element10></root>