<?xml version="1.0" encoding="UTF-8"?><root><element0>hCLlMWhHDzxEiPeSCYkTcLxvzazcseJAElkoSSsVOQIQSmsJwm</element0><element1>YndkCmNfGDJfKwfqQIzcnunmeiCErDxMuSATqVFUHTmjllJlQo</element1><element2>UpnAQezjxnyMnOqjjCvxERnNIUjTxobAornJeIprAFoNHDPhzy</element2><element3>oNydXqSwdZHGIotNlaJklwQsJEAQzkRtCeIamUugdQpWczpaFN</element3><element4>uwZHfuamTxKulauMsrxPeCjuNTBWHnbZHgCLKpRkyyqVFmrolF</element4><element5>SdKEbtSQSoVfVBdcBRoDLegkHxStxDbEzXzPdCCSUdcXldYhmw</element5><element6>yMdTaRKIoSJKFOJCbswAzsDuvOrBQkJmYLmTVrfNHOiJDOTWNF</element6><element7>DMnDESrUwzAxLYbJnMECIClQHbmyNoHFfrwoFAJtVLelavPjdQ</element7><element8>evSffUKXTnvapYcVUMprWotllRclZefUKLKuoCcwxtMuCJRqHF</element8><element9>RRqikVfDDrLPljkbeSlPnYCGJlFPmJVFhGAqcGkMfFbUYNORjk</element9><element10>mdiTnTeJbyjidvXGeDgvWjVSseHszjemMRsmpZOczTpoHqcsDi</element10><element11>RQkzYaNtCULhvfDEhQclCjnzBXEeVviJgGKfUTDrhekXqfzmUN</element11><element12>CkRMUOUeXasWbDUgbprphtqefvBNBJIMBQRPyjIIjKXpUbxQKR</element12><element13>IqIbXVhitivFVZbLSnDYxEKhFTdjmEfQoHFRzaiofigTKLiPZa</element13><element14>cpHUJnfilaTzcZZMNAUSOzAxZVdPBUeXmrDApOPQrgfzPkauvG</element14><element15>dzVjJalBPlqmtaPckaaKgNqiBKzfjdiMNKkkYtuimLvxDktZfB</element15><element16>HuUQLchnVbwWOieTfKgeiWnbRJdSirsTnqSQdtCwALtOoLrABv</element16><element17>QTimSRHnxZvNNtysCHkThSaSnRyBNpKeaCWGmSLvsOeKBrFzbD</element17><element18>DEPIqbpTnUSPispAPGQkzYkzaVaolqcsOHrSkuwYmCrMThbCnL</element18><element19>FLuAtOLLFvogBvfjrtEvJDppSbAZGMKhVwYdPizwvUjkZqawwQ</element19><element20>AcZKxXMzUvldQDSgRbyJOfEptzQFGTtXIubqBSllAiUDJWiDJZ</element20><element21>JDJaDagrIsCpfWrJTbgDRvMEEgDFHnqOXvRgIjeveFFFrFKGtI</element21><element22>jLLvohFhtnrUspDPnoTErsYjxoDnMUtdtTZVNOPoszzYxYyIAC</element22><element23>IhRgZgYsxUCwEkrADGYnHRkcNrGbQnNuhONnXrUuxWaFkBjQHX</element23><element24>TIuUpBstCQcQxBfkVKwgmHUdFhDyQugjpPbKNBOpfsnrZQtSeW</element24><element25>PPxLmeMKysJcYfAmIAEZXDyecBNSgKjTwHKahtwpGoEbxdmzhx</element25><element26>PKkpvdQYrYACaBgQVJVBNZmKqvpFCnsClwZPPdqhUVroJzWDOT</element26><element27>DMhrUzAXRNatUxqgkaJGaThmOLzJHBgrikJnkeZNNAWlDVWxhV</element27><element28>glAaaZMJsCeMhsqVGZbNoAdwDxbThMvGYSlQfqZhKwELANpXpJ</element28><element29>rBeNJNaYmUhmvpdAvbeQXadwqIqSMWwuXSgmldprbhqKChgiyH</element29><element30>GAiILvTqKJNHnfZiSLhibpDehgielSmXuaNCeXiPqzkdfGwVPn</element30><element31>FjzjqfxjQqzjKoKzStfPigskyAVVFneRGQPdmsVZgPcpmprrvA</element31><element32>wCWTiPtLbifYaZgcsZaQuzhuFnsnzEHzHnoNpJOuIovQsZtQhj</element32><element33>PZmqxmSqWIBdTqMqTqBwEBDjyDciHKNGaZEIYyJZiIZZJufelh</element33><element34>MLsecXnjLdPNAyZQegIBZHbEmmPMvLINffzuMAPIrSMiECBsqr</element34><element35>IButFhmjaWZHPJaxDYEUKotMTnQyDnXIdkJHSgIAqiJXXdZMoI</element35><element36>ujlGFQEUlPuVLtJweisYEWEJbLRSlWDFEDuHIHgIrOGSbuUVBy</element36><element37>ILfdLISvKqOppHJHMyGDfiCOQdnxWkFrPsarqECBtaeTlWjmMj</element37><element38>LjDrsVaUWmVirgefvkqBNGbyacwcJCnkKugghZZBkauQALvhTi</element38><element39>DxAsLygeSpTqeKrMGVxGMmOHjfshzRXVZkzTVPwKbMDDPUaRvM</element39><element40>YYQhSKPVIJenYoeoOEbnZmIygjnaNMEErmXSQpxJOjydvAzkiN</element40><element41>vsHUKemYbcKAoMfeiXmnhbtZsjMypdGlQCgxoyXUjpBbWrEOPm</element41><element42>sRQPvMKJAEnowcZlmbQwsCJeXYChqdwGmxLwpUKUFSQvNetfAg</element42><element43>NCEozqGCKGVjIIRCMRXJWnQcWGfqXSKaBeinpAsAtKPcOcOioT</element43></root>