<?xml version="1.0" encoding="UTF-8"?><root><element0>aHFelgiokERdQzlhnbQnDZTmeZJHVrRhjSbIjSIWnMsaZmfIOs</element0><element1>JnjcnVPmPNSjpGgXruafWXEVIAXuzhDsjqIsLmNcqCjFHRcRRD</element1><element2>jeSWurOIiRzZcahuboBpnxKQXjAGwIaTGoFVubGirUALFBDgBH</element2><element3>CnJLmPdiUUYQqcjEKsFVYgRtztZNEbtXCRBJJplDSLJZIpjwra</element3><element4>QqLsVKpBfPVsBjfJKFzfCBfYkRNvwJPKfkMSAJLZgtkZuxzAyU</element4><element5>ESizbapxzJFOWbhNRjHJJghEwRKUALBMeWgAJyiMeaIRxopdCK</element5><element6>NoMqtYzvhWiHuOEpGGvDYRyUlxbXwzsHmoFnTujFEsFjpEVglF</element6><element7>dTChmbTZWHQnbxaaIQSCPllWYXiyGxpSXCVanVVYIPCkmhYODx</element7><element8>dJBdLPBeYKLpEzPWkXJrLErUnCxkuGUUYHvlphfMsqFGpEQXPv</element8><element9>udWjLnDDKpWoPvqhZnvOkiHPMzizXcTyjEwrGprKgRQiFwRzoS</element9><element10>DLEbvJDTDAOzhEMTibzKWmcNBfNnfygLHqosdVKtxqVNeMynYz</element10><element11>DWDoRccrCyLFhPvmurXsKPdzTtSRwxJDvsSUggTDbvQjPIQVgA</element11><element12>SSgyoeljcgtDxgAMemWACykyHDNrZpJGgpgoVghWfIONHaqBTl</element12><element13>kruzlUWKryaHUDMjejNGLGuUyALMNShQlDCtVLcskOUmfSFIUj</element13><element14>mMkipMOEVhHdEvqlXgjsuzDAAgdfySUhAYUbjPmkQrvEkwHKyf</element14><element15>cTZeanHsTqTwowZGwQNEkHDVngXxhgQzSPnFeSPNXLNBvmMxlp</element15><element16>FsdNdbqcebZhEdlHdOXpQnOKTWjbAdEaYEqRcNVgIZQkcHztwq</element16><element17>CBEFRZueAkhmzOVVSmTkJUiARDOzCTQBgQTHNHWvThRRiyaVOw</element17><element18>fgxfJCgeazMMNRMzpEfPYJUARRgTHFUnEWvyyiGNFsmJUEnIbf</element18></root>