<?xml version="1.0" encoding="UTF-8"?><root><element0>XiRASqdqMqeQjEXQkToFDwKMjJVQIZwsvNDkXzeUVKWxBcFShT</element0><element1>WpsdqkwLqYTudIUFGoWiIFUofcPZTkgwODNzFpgeHXllYpaAkr</element1><element2>JjiQddjPfjjakYJAcyxQYpTHcHUPuusJuZQGBgXNeixnLTAiPc</element2><element3>BZRiKTRQEIVZdOVFKuPULynrkgIYFsGhzvBNiYGsRMidZrgAIg</element3><element4>CuwuQMVYYgAxrHRXHHACQdXtUPEkXsmrKXiLgCTrtRTzJlduCy</element4><element5>dCCTbjTjWiyMiBNysdJxSrbKijzJAgKLuqGfSRwUfexamWxmRr</element5><element6>kqUeayPwtXyArKgYgqCWzDwERMktjrtvdHixxXuRJuDjgnlksd</element6><element7>MDaTMmScUlHwtDNZkoeJsGTHRLDwEIvJLirrSqAWqsCTqKgvYS</element7><element8>xLPUwWtSUWDzTbwAbGSBuzpOqAvWtNGwtxrZVakOaKnVfbJQXX</element8><element9>xSYsZihYdjJDYvnxoBiAOTbuPhjJbFezZKWXRqSEWnatrqeMoH</element9><element10>qKcIncExltSDDFPLeqSbebinpvpmkcCWsYWNHMXCiehKPyJPDV</element10><element11>IuvEbdFHkGYXtocvuUIZoGWhTPxgvbVbhWzdFaCFWeAdNUNFhe</element11><element12>aDBcQJOsWBEZvPGJAHziINMERqITTGTFQgdGqexJhEjWRFCmWS</element12><element13>maFdVgrrInwWJHZxyUGUjFCimGFdVFJbxfHmixNiWkbJdDsoaM</element13><element14>HhHCsEjOqKzgGtwIosoKLXRbbnicsVRjRRIyxOsGRypvpQCsyL</element14><element15>vJBAKmjKOaXtPqqqrFQtNIjLtoaBRnZWrMwRroxteGKXBaSqWF</element15><element16>ACChcdpMcfoOFCfScXHlXIUyEGlOChpNOqsJyhVGiHWsHJBDid</element16><element17>NiMEsHQxrvKUAaYrpCOHdWAgxrEBjhtDOWBfmzWOfmywLYPKMB</element17></root>