<?xml version="1.0" encoding="UTF-8"?><root><element0>LOXcJVSSurvfffdbDhWXwxswxeCpKCIEwgznwrcbrtDwetZIYK</element0><element1>qVuZorFGenCUhQBBzxikTStKacTjttJimjggBrRtbPRRHsNtKN</element1><element2>ZIXwldWIBAFZYEWwUGaVXHhWDreuxfPRfCVSGuCXtRuNvRwZir</element2><element3>zFmUiQZIVbBQUDqfuWGGCAnxuAmPlvTvzUXLHSQTlMnriiCZyr</element3><element4>uXrqJAQPKvcykEaJKyVmCECGnWQDrQQnAtYbdvrytxORLoTmSd</element4><element5>DVhWJflYEfOrPjuCjfnsVukMqnCqahyMUirYpynFUpacCFcfUx</element5><element6>dyDTLbCPDluvmDZrpBpuKwHMTxcCfVclrithIVHfSsvDFVHHHh</element6><element7>tyCafxjazrdcLhLSFAOgEgcEvVvBGVjhhfehuOywTaNMOniBoP</element7><element8>yZrKXdbEazrwGjQDzmlLKBYdyjnpXBCjxNcgxbUlqJzFllBIcS</element8><element9>qMRJcfJUaXcwRtHEUOylnejLAaSxQIYZEgeoOhHIGAdRrcYtth</element9><element10>NWTqriTXauSFZYGAgopreDMXWwMrzzdaxNUwpMlNpIOBEmGGYV</element10><element11>kyHiHWMYvAaeOwHjvLxnFwDqZrEWUMHKlykwGBLBqZwVleXUCm</element11><element12>tSFZfshEDxtLQRDRXUPbvqPjWVGnxmnJaJEjeBHlKEeUHcksDK</element12><element13>OYZTZZDFjZBBelZGyebVnUIHJPMfxZBulYYOIBfXElmsCFLFYZ</element13><element14>typgMwrotvVyZnxuUhlkECSHTDRoDMWjTUpqFinzhejreeUJus</element14><element15>uXgrORXnHTwYrVPpjofNEBIHibXDQBIrwzAyJlTNfiPAhgMHPv</element15><element16>nDImCoGjzIRgIMBiMwzFVECFMMYsiFyTYUtjwxqAQtiaZOIokv</element16><element17>MxuiKnTtEjXofYHMpEzyqGgqeYBwjzeYEDvLNCuDLjcZbwVnYW</element17><element18>hBNxRAkCpiJLWuOZYAmroshKyofrortykVPwypDiDROAttmVkR</element18><element19>FjzwelHNmbJJIoZlxVDXQJGsJzWbABYhOsaRyCfkXKpiRQOoFj</element19></root>