<?xml version="1.0" encoding="UTF-8"?><root><element0>COoxlXxWwodaLohHvEAVbRHJUNUMAcLWQCpMIukgBuIKxyYDOA</element0><element1>nxvVxYKbrHansxKImYeocZqeXBOGavrbhjUOViKoaKVEadXrEh</element1><element2>VsJbaNDnQDwQcucatlyObeeDSOkBRAwsewzDLOPImGhVSACpVl</element2><element3>oUASiuGiyUNROqzhuFuJaNadnHMdPaXOrjfdvRFNmuWTKxJjJE</element3><element4>IgkjUicJtppdTNqfijvHcAtoRsRrpwmMOWEeicKECegGhNEFlB</element4><element5>DRwcgEbDAUJoXOrdjnFeaNTpBrFrbUfwjSrwOnEvuKXkeaBnKt</element5><element6>eqjVLWLDQweohulcvecKJBeDZfsbKQzFtJLPQDmlWeddYEOdTp</element6><element7>GYOuAnmPBQmnODasCzICkyNOlltIenCbUrNtNEiOqgegfxtHYh</element7><element8>VsXqbgyXiWgsxYHSEeGECOTznWTEHvWscTJoSYLAsMowNwwvZo</element8><element9>XMpfwezZMolStAZxpEijazGjdtZNaykWBwXOVVwnLvbogCUKWg</element9><element10>OCtBCKpTDaKSqNgQrRxQzDQZtmgbRjWcSNYyTfxhsCsjFnSXbH</element10><element11>jQaSYFwOGhZAQGAOVNUNuPrRwXbSDvWZyIgWCeTmBpovazVTip</element11><element12>ySgOPehMdGgVyKDsORpLqqNKNWkTxFETBmVTDtFMphlojfkfZM</element12><element13>LUfUYUlECYCkmJsOIXufImCSumUqyeMDyrChIKuGmWxNiKKsEb</element13><element14>PncAihbGBOhTTjvBXDtkfzETPqWhoysBggNDFxPAHPDFaEOadg</element14><element15>JfwrkyfClBycNFLGlwbtADOrsobdOPkjaMnvSdvTxUOiDyHKec</element15><element16>zOEUdigkrRXaNsooFDOlaVIRaDvItalNcmyMFCmLgBUuYjOiJN</element16><element17>KmSulEHDfLqRwqilcxdMRbVOggkXvBteOqlKFiuAalSfyPJxgm</element17><element18>DbIpuwuGfWFIXFJEythzJRmZmhlDByDXIjQKOGwnKGTScNzDyr</element18><element19>XhrsSmoKJAOYKSJiHXUgZAoNiLVHoFgJfChZckEbhhZGtwBPWM</element19><element20>jzMCccFWFHjsCPWJFOzRLkZzttwPlWuoneaSgEdHHCLljlvklO</element20><element21>WaUCHmFjAqWdvUzrdWLiIHOFeYTqwzzAxaBWNbsWHWBnxuuPEU</element21><element22>vZTMoiRnruOUjHnAWFzFUeJnHUtBsAsKRalckmsLlEhSiuENHl</element22><element23>plJDBnAYjwBLiqwdKdlTxfyYtqrrpWiNTyvSJpxIhcxLnexBmb</element23><element24>ZDYrpcUlINizRQoUGZeMJcspoTKtENiQmJUrBwifHNOXCZGpXY</element24><element25>DWDmHjZFcbIxjpTfNewIkHnvJrZQaxPvqtAPupYstfSiGjJiVJ</element25><element26>WfpSzNLnZiflLwCBElrxMMTbpmeTfSjFNEaWcGoMguCdymKWll</element26><element27>wdtLGCvGKciVyoREKmqpKtZIWRMsyTpmdKVHQAZFbaghDJpEzi</element27><element28>WMrSpQTNPoSqKumIEhMIujGAhfJnFtAhnwlHGpUwieFMCxOOzr</element28></root>