<?xml version="1.0" encoding="UTF-8"?><root><element0>vzfaAdpUXkZfIfZqivVcBvpRQKiIykKTRiChvPoWKoOZlpDZsu</element0><element1>JTvzrczzDmuAziRBOhkFdWeGMYMxOWYtSnSjndvbichRKMIAFC</element1><element2>VzfqjFmaxaxcLomFBvEmwOEpzKuFDGUqiJRCiZSqPMIMXyFdsG</element2><element3>ZGUjxlwnDWrzxYEGFWYEafgdMGunxaHQEmrnmqLsAYgzzApYAz</element3><element4>uwmxHYOsizcAKQmBWvIlPnHNkMrtGSfsbQVWzSzfQyKiPHKWzL</element4><element5>PieEkPcoVYOMEgImgpMZxKFyyDbOVeFfwSADEKRmobVGWkbioG</element5><element6>efAQDTXLcbEBvVlEBxptPnkHIhqwZvWEIPLxKLxtLqPmpiETQw</element6><element7>UwAkAeHPUqAvUchdTVgWFOCHGbuxSxUSseijVEMIIbmYPebRAx</element7><element8>uExmUtRuYMmDhoqZwuMvoToxzkMkDSEdGyiBLNSSJlqtBZfapI</element8><element9>fvYMDPEhFbfgJgXuYBPDUiCrWMJnlCqnViNvCJhrqZPUbNNRrg</element9><element10>NOUmVpOwiknHRiVgqATivutYSVttKmILLcMMRaDuRvwfrTGSVt</element10><element11>BUAjQbLddlSYNvhHjYEjRMUZHJxrrpthIvjZKiNPhqZoWNueyh</element11><element12>gvNWYdLvTIsGSQXzkHpattYuNGRwANSxDMhzmsrZQdQLxSImJX</element12><element13>BQcjEHaXlYxLTOrXeZpuDNVOpfZyipPFnskFhRrukOQyhjsknK</element13><element14>AeqzcwEiYNUGnLOOlgjJdzHLpNvReoXlCSbAuUhhnDNNkMQeDW</element14><element15>ApifSkPlOiYYGUZDiyDdbvvHCgnRhCjFVtgSvSZueMTukOLALB</element15><element16>gmIFYvVjCcZaxDrfLRMpqiJAvTdjiybeoNMTjZCxhscoPiixin</element16><element17>CcBLIgblfkaTlMKSKjBYGYVdPvZiObMiGmyarXxCrMhYxjjecl</element17><element18>hPrmAJDdpfMQhSfzgqhqjpFsDeVGcwdXuiSOfrTYJxRFgZylvO</element18><element19>SrfggRjfjDBFQLVfsFMsQKCvjaNTEhrsqZExmuokPJxcsvEGKC</element19><element20>FLTquoXRLYwiTGaNxRyUOKbXGoByCmWqhXbeKMjmSpbtHqqoVW</element20><element21>sTFXGajPpNOjvrvDxQpTMEOVPMJFbZoNaCmDGeLLnMzyOLhomD</element21><element22>eHsNZxpknSvXWVktbiFJheTGFgEVXQYFxUWAZRJddiQwfsUbhu</element22><element23>GTesgaTaReIdBQuUuWisKIPhlKOdVEcHrVCZbtqSFyOzpqNqpG</element23><element24>wOroppUuhcOfOSIoGGqpCjSZbvDUYZQYlHxrmdInhWydyPyZqU</element24><element25>jFJakwCbMgEFppykeTLHmLiiqUAuRAZuXxmSKyzPCBHxMpiQgb</element25><element26>UExpAOpTsrvNibgSdFyXNjNMRzrOGnfxHULnIpOLBeDfEozxDr</element26><element27>AuiAvmyDYYXdigFznMxGJNoJUxvDVFftaGpkXbUqWHUummtWII</element27><element28>vOaQxFhwmuwJtOvWjicAKwkIUaxCFXEpsHNBbDJErJVzfMpFvo</element28><element29>BOzrDxXjXoCOfAcVYreeYCiWICUCjpWFxXbpcGBUmKVkBLjvlP</element29><element30>DHpVtSGgIdHMdgUcJRnqXFkKkIJJHnIKawGqKWxgBreiJdDeoC</element30><element31>yuKsTirWGuzJREamigIgSwfepQOgIFSPJElFmySQkJWJlySYVQ</element31><element32>qKujdrtDaiLyPUDMFQTUQWOMdtVyITcnvfObbFHYTurBhTDWkF</element32><element33>atBRtUxRgqlYPRXYhWaTnLSYEhjXiQeeYmtPLucNjSVoLkVBdT</element33><element34>MOAhvhEQHUxQzOtlegDhhAQXIHBdUbegysrAnfBDeMXUHQIHgB</element34><element35>WCmgkgRdEfwZamaBqaZvieeirAySzdpTSuSTDbCCPzlGriCDVZ</element35><element36>pEygHvFKOVsSYBgpXSTuwEdQJGhkKGXYHEkMUoRItTlKVyDKeS</element36><element37>TtoZneLWMzOouktBeVeZuHiVpkSprlOHrZRwZJXgIuzuZNYKwo</element37><element38>ymrOSvdEDOkUEquVLEsaSaLEnSnuypmAmIiFWGxXADJvEpCidF</element38><element39>RiUyORTGnpUyHZmePZfKjyAOydWDdIiBTDyudqksZJCyLIgXfg</element39><element40>qKbyxjDoygfytidXSPfSgSMyNkQRcUXXKzAfFPIcepoQagAylz</element40><element41>oFmVFNVjygPehyYrWwkFQdOQPfDjvIncXdVrMStKAoeebPkEcw</element41><element42>KnKESrGtTAzNeMZveHFWpdkWPavGuwkbWBHpqYbHFwVwTkMheb</element42><element43>QGOPaYMVqJSzTpRCCIbrTVNzAcfnMEMeQnFKDAjvmQhUtuJlnN</element43><element44>mmKslePwAiWxbRSVZttQsKvidaarPMCyBZudSpgTPRhHshMEci</element44><element45>ozzMZZBOsoApkeOAoENwahYmfzWeQKbeoUsAWJQVNztgvgcExx</element45><element46>DRkYqfFZqBmnJfGSKVyypSAPJeQWDiDjMBgkDqRwscMjjHpZrw</element46><element47>OPIZNFKJGAvulSWzDBOzYvHcMkCFMwzXwOozsHHMVHyGbKkrkh</element47></root>