<?xml version="1.0" encoding="UTF-8"?><root><element0>dLfJynUosiLeGenGWPugzfJHxIdAWGqoYwGfpiOYBdLeNdSODa</element0><element1>zTpINHaKykXlyOAOMOxtysDjFVmlPUfBsUFoZUKtnUEKvLxcHK</element1><element2>ubksQkSEDPQOqGpgScZcRLGcvkXGFZyfdPWBcSrgEmNBhtYuTs</element2><element3>BWPJYXWzWDDWNDpwdheEommbuQSncytkUuOFELYGanLKeepiPf</element3><element4>cChVAGhFLyHdgbBtOhfKrJVwnicnnzKCtimajjtUWYefbrnyjm</element4><element5>iekAgBnAKLYdvwhAPBaHudgykSxInkbhCnmAWJSoMkpQonRdzw</element5><element6>zTyzTaGmvitHKNiqFIjzRYkgIhjpebeXtyuqLGAiiiFhPXYcfy</element6><element7>HTJUeEJgFymrDoHwnNNxqqbHXHDENXBcgGYWLhdTLNNFFnoNqv</element7><element8>FPsaokfZcjdXXOPlaLpdaUhFaFVyYiupPgSBJzQRAGXkOeeCnI</element8><element9>ILvZTfrBaGGMjlFylHUXQRRYaNgdzpwsaPpFFEmXsSBnlOAvfy</element9><element10>KejsjBTSOEPhOhYXjLOxWSFYBHncKCrVDZSYiWSvTUtUNMXQYl</element10><element11>iTINKkereFfRdZjWgpuClDDcmIkykPTugCsJFmTrLEhKAeDhHa</element11><element12>uBPLbxhJdiYjgihQKJxVIcqlYwHJhHjMyuhdlFfWZDLWgVOTlh</element12><element13>mIwtPhPwcDpYxyzznKzdFmFOvMpFOkEXASJlepfOQhJbwIAGzk</element13><element14>cuWuvGCcIcoDhLijBmbLPMmJUPnMwiMRPjixreMAsnlqZPHRqj</element14><element15>yfdmfdJRdRdcXNmNdYibWYFLtlWIdOHvkgGSIGPVDlxoQSMQFs</element15><element16>pvrYRZQUGeWUKstFnZWWsaVsPxbuNQszPEairwVLQPGLzJeDbh</element16><element17>rstAuvGyZfAiUzcvTUhlVOleWMlxSQzIIwMVEtVQEuVZXIIQZw</element17><element18>rlZgltFOtSRgiGvGOAyeGkoVGPdMagloMXIseBbjmaUQvSyDCJ</element18><element19>jsyMQZVlJIwfgRTcWHheACfbrPdybYHYrGrffqkjSImTRUXNbR</element19><element20>YyzojrGKZrcqpkuZzmJUDTeBYznOBUcuDpLZjQosNgzvEolAgM</element20><element21>WQdqqpsyMYtGLcImYeYjNyupGoZZqmNlSpEDCrACyuymyPxctz</element21><element22>yzcrGXVzGeCfWIXQNvqKzVUqRgNzlGfpjcfzeXJkADggGDCrAs</element22><element23>bwcVrdrzSkWZWtGqGficGEwYGpuKpyyezvRCZFWZovYwQmvxYF</element23></root>