<?xml version="1.0" encoding="UTF-8"?><root><element0>QIIbIoTpysXIJGWKjIdQlvUnaxwKMGccGJUNIDyuhAPHWQULaH</element0><element1>LYlPTuRAJbciYMrgrkteJodeQZLVCuaBAmblFwTIQqOeRIqNrC</element1><element2>PBaikOgGjfNfjwNWXSSJzHjxGtcasRrRzKZWYUhDzgdusmYCuT</element2><element3>WgVLAOaRqRdPaQtyZrBCWlyYZSjXhaCAhrOtlMOtxEkDeLmYiX</element3><element4>MsgaTunzUGvMSXZhpjsqvWzfvdiUPRttJhrgkoraptRwsZYIyM</element4><element5>QCLJwgWoZinfEijqwjsmDcnGnNQcCNEOOzcwGUKriNUkDdNkpH</element5><element6>NNXLeekdkuCNvrAEYpjGrgTPCLuThnvYRPjghPRbnHPuVnTTqQ</element6><element7>xpyoTbmYWFHtGQRfrTbdNJRaXJSsBUxwsxDhZAJpjthHKsGTPe</element7><element8>WsHDYrVZVoUwQVJUWPDgqgtltzumtSKTShYhrzeYyvPgECIOEf</element8><element9>NixDanyQZyThsBwzDUwgCnRjZWNfqadHSliQHsxqZquWMaYBbO</element9><element10>GZKvAGnrrPXMjttNLDzBViUqKNMhCgGcbqEPigmsYCIxpxVxlE</element10><element11>tPbepNwUVKodSuMuyHaXxuaAgCTtTWBIlkqZOigHffYtpObMMV</element11><element12>thtuIFnfjcXPqlLcHSSHaJpwDrzIbipldtMLxeEmAtNBGJhHhu</element12><element13>hQKleTnowtQdCjbaLcRhYdnFuWxagTZtNLRQtfUZmGFRwNphNY</element13><element14>stYDXCrQuPKbyXoumzrvzvvoadddUuTqbEVjGCzsdhnQsgKCip</element14><element15>OQrIySmCZBaMiIGYnxXkqhdOaCfFDqmnZiVBeBuTdTlyXJeoli</element15><element16>VKEKVRZSNFqsoyIofGIpmtdJvJNIudrDpWlrjFRpvnkqRnrlyT</element16><element17>GRiKNTKEHjteNUvdnMtmnnDeARQZNefLczgdZqHJdqYedmkdQc</element17></root>