<?xml version="1.0" encoding="UTF-8"?><root><element0>NOsCaWXVtbrfxemCVCElbIpJkqsqjegXykDXrsJolyvRjQSfUg</element0><element1>gmaMEaEiyskJmyFwEJkTiLxKTolSCngBicErcALmUmURLiSiWH</element1><element2>EzNnhYtYscCXBiagQIfnqiraqhaHAAXqTnJiJODSYhIIakzDSP</element2><element3>mvHDwdXkjGBXsAVAPFbipuDimFviOOiOpBdnkgNBrnMkhEtVyO</element3><element4>nTDfciPSVYosVqEdCzOJZeuXqLGVCqngdwYgdSTJTXmMzCVyGi</element4><element5>CBXVAFwCmDJdTZSvNcsMVLBAQdILKJqJuLXwdSPVDriZEWUMNr</element5><element6>oxcRsyqZnnpzxiBbSTxCTHDCqJDHzGRmpWceOLfodKpwxmwAIq</element6><element7>FLBiVWfbBPcODbgnblPDIXObouzkVculVnFULCyzCYCaVZvHGX</element7><element8>rWzpDOFhKeIgMLHvywzzjorbvKppugQKgGQmneieXYelSrmUKf</element8><element9>wSyQGjbuWgyWMkpeTecyKSQOGEHXdHmSCjGiqfdgJiBtxBleOc</element9><element10>KdlnknKFATitJBITNtoEhcvaHlCaSFJbIoFNBwQGntlkZJEQvs</element10><element11>kvbfQAhOwLYsGWRQKHlVjianCeMqawjTQoWTmgLsqrarSHUYYc</element11><element12>ASlcohspnQjafbTptfzsGDbXuTtLNgmvqoeXFrWKEWhySLrChD</element12><element13>WXxlHUsQzXIKHkhFIQgVzvnAAOvtjsOsjhNNJZTQlHiUMcGwJi</element13></root>