<?xml version="1.0" encoding="UTF-8"?><root><element0>pFoUVwVpHrcMOnGQSDZTrOqKeQpJtZdycjYyYKdtLYGHhcCOOd</element0><element1>KDupgMhVeeEUvtLGvIthANhRjzYrMPTJecpfRaIFAtybsREduO</element1><element2>qsyVvqEtXliXzZlEXUufEqNobHWyOtpjmpYjRXBHbjCLWfcfna</element2><element3>rTtfiecvDwxnnpcmdWlKfEnJVBRUJgHwFOctQchrSIVmtNPGKg</element3><element4>VpnVzyMFQOHCpJvxydNwBQkPmXumeTldTcsOxDCOJTOeLKVKSr</element4><element5>TWvCSFKsuUpShZhmwGoPfkpKVtwIKpZODhXfPIfdMDaKisQeRt</element5><element6>ZxUMrhZPXAxYVBqVAvdquedSNVPwovKqgiZmZRmxumgnglApgx</element6><element7>VJmapHuqEYwktBCZoVwUALRUMIfCFAftZXXBpDFpwsbNrRvWfR</element7><element8>ICcswVLYdcLgKlVWFRPbvgAAXGqUISTaVySsZonhSCNuXpqHyK</element8><element9>xtpTsBKGZMqFfyOfgEanKIJLKVRiHjeyPLmvAOjodxXIJeoPjb</element9><element10>oPNvAHgBUyMtkAnsWPaDCCRNNivynRyWrruBIYACUAylLkLciJ</element10><element11>SeeMXDeHyoJskailjiTKAclWmeSggEuHDMvaySQGNMRMxsldNl</element11><element12>vwuyEykiUXivjcpsavGfqRcnnSTjLcEauKlEqJGtNFYVaSFrWj</element12><element13>FMJJyOipjdqqPQHYkTkfNpcmwUvySqVHaGPgcKKTvcveLKgZXO</element13><element14>aWVjiIjSWruRMgzOHtbGZFwwEvClkFigmKztAdakaDhHnCMzvg</element14><element15>PvfDppTSdIWqSPgceUpSxbZXkErMGEFCpUHEdwPbbgqGDzrhYJ</element15><element16>chXriFlLYlTJWGIWCSoaTwnkforkkALLIukcPAXTdbufCobRmA</element16><element17>uNMPyDoSYyTKCNYgCOBvwPafFnmsSvPQNpUbsILmSSIGzsdoSY</element17><element18>imNzqPNNGEGZDkMHtWJhVAcsEdWUWhdAWfolnuEpYJGHrGrTXL</element18><element19>sMYooHEfqBcVzgGDvLInwgIrIzflQqcKWnYqXNjVskBLtkrKxW</element19><element20>kKjAmALWwLHfoEcSCWrgbyeyMqIJwhqbcpfmptvZwoIwBpYSPo</element20></root>