<?xml version="1.0" encoding="UTF-8"?><root><element0>iETJNwpXFTuIYOroFvTOrxNStznKFvBGBGWZiDOCrLTZxlDwMd</element0><element1>JhBieeqEfvrkbFKCZrjDUFbVhEfKwgHtrOktWSyUcIHELdeUkF</element1><element2>aRtBxCVqpayFmqDjJECIKCrWpOfnofkkBtcGNyVBzOUuSbUpmg</element2><element3>JkQSmkqOQaURkaBlcDkCZUXrVONuVwHLyIOvqAunrQuxeUgUCQ</element3><element4>qSQFFsBLIuLVToLYVGrhvYALjIKDjeBjyYMLXXfCsxTRliyoQQ</element4><element5>ZcSfaBgfMaNBGjYQfhVEvTYbXRXnBDIgmcFsEsddmMVMeanPEX</element5><element6>fIuozzVbjLytShNJVHBkjFLtYhlxTqoSMVVKyMJftPIzHQVonv</element6><element7>bkmSoToFSaYfKpXFZKWvmdepmfIugFWDhDEkwhPVPphRiyheXo</element7><element8>YcVLQoxKTtxncCYfcvJfgLiZjHeKdGyihpwaEdbltFzvAESBYY</element8><element9>QBiJLkCfSGtoaIypKrifSMbGFiwDGfTozlFUWrSRIjIIpryZKy</element9><element10>mJbSEJhsUykddbIAQWtzPncyPWRDPMsPVJXSKCKszngyTTXoUY</element10><element11>micRIeAerPmgRVlHQbewagZCnUgNxZkChTXdGhGdNmLkpjoabY</element11><element12>aOLQkDVjRmXrkMekDlWWadjThJukRIODvJljpUGpeWcTLUSQok</element12><element13>xhTdfuvBRKiKQksSVQXcWJqmsjCpfPbJjIfIGekitcwIjtQzxm</element13><element14>ynfqTbjsWPvxFCHlxmblwkjptyLPglIMvIiqwlxiAqtNzudAJN</element14><element15>aOqseyNLaNsbKBpRyjAZNGFGERutYulJFloCcTKIDpMiLKJfec</element15><element16>LTxaQQSXjNjglbEKlTupanCiuzUpIwYXlpAZAzOiDNcKOrEwdI</element16><element17>fHfZMjIhSUnZpEUJMoKjWOgEUOXYoixwPUMFQVIqthPlZVbpuo</element17><element18>GFQwskNNznmcNVosoaBDqKWaWhLBjNSjzZzYeeVuLifOoFwxqU</element18><element19>ajOZjlSyZCERonOLgzImYJvLvLdItQvpSqoieURgPbMQDVsmgy</element19><element20>YiApEGPVWYfoWRBCnvKCgAUcnGdlSCQTHSlFcwGYcMVelrlKCn</element20><element21>clAydIMszYVcrZaClGFiJdBmlMgKnRWgEZCwenxiIAbuTgopLt</element21><element22>CidLlWbZDrMLVenkoWjglXcpyuGiHmUZeQOzXljmgouDTfJdpW</element22><element23>vPZQXuMfGHrLKabbyfrGSvTWkPRaHzRnlqecvqFdnDoRVWjOGI</element23><element24>nucLWfJBsvfdzaBzqDJNllwEQmXJRGGScqdHbdMfwrRuQNYstl</element24><element25>VYPhCZSTbEvvtTplIfrxNlcxlztPoHJjQemUtVWZsRtoiorHRg</element25><element26>qlzMEXBZCwRRoAGvVbEiwnAopJHlKJXMFmtyuAVwmkWtOpDgkz</element26><element27>yWUvvbaFDJTFscSYhJlgCjsuhQLLoJnoEAhjOrtwKChnGZXank</element27><element28>UITGLnpTyoyRWhOjuXzLysjuhRwUwepWTjyVnscsFlaZLKiJJi</element28><element29>RYkpdLUMkphvEArxCrTkgKwnahwtiLQvTKikCNCbuzulKJnWdk</element29><element30>jQjfagkTqSWDyBnUADcudafapdWMORzpWenfPsLhAXZWpUuDNa</element30><element31>FcFHTwLaMNzyPfVxuRVdZvGDyiAkZULOtZnyBpQNlRJYUqRMEw</element31><element32>ifTIpNULritFiAKfFwtiRMZDEmvlcWYUgpqJKsjpLegmGmwhjy</element32><element33>FBlFxQEWZIxXoPaYwzlKkTMBFmjUJRLvIGMCsNwjlmjdLjwQxx</element33><element34>ckQWPbCdcKANbIMXMwdjKFiIApkwziPjCbVjzLkPTrkBTsRTYe</element34><element35>zCpUliXcKtvpVxvzWjSKJKywvvducshuBgEhWQfzQIrXYaLYOW</element35><element36>oYcfiOZHdZclAHBILqvOYgQOlGTJmaDxfHxXuVpXKoyoPdYVVA</element36></root>