<?xml version="1.0" encoding="UTF-8"?><root><element0>mQEylofeHumqqBoUAOeVyQPFcQrbIkjGdkcfOhWBNOwtrgFIzM</element0><element1>oJZMhbQsyklwHFZtPZhJcqeHtoMykExCjTFMXZzteJXwThLqDA</element1><element2>MfQUAAWpzlcSKLbAXOfoobOtrwgWWoTHKIyMDLBmtvLmvBeYIF</element2><element3>ibinhqQRafOFuaWnoIEfvKftiNgziGFDyfJpYiZRvoXfMhHUmn</element3><element4>clrQHQKpKDlpPTyJSIcmapmqqTFwJmOvGVuioxIpZDEIVbfLhM</element4><element5>uKhQcztgfRJBgJVJRjViPXQuRmRzbPubuHGQGCkRAQyMSfCMjO</element5><element6>HOAlRLcMfzpdqUsxkdcUehZROWJuVDpcLWjtRRPugjFupArYrp</element6><element7>BJslBezJkfMjNpgtsxqpsQSPsOYNeyPZKJMFTJYrATDXRAfVbz</element7><element8>nylryeezfnYDJuuhOmaMizlpYZbLXkZZLBXkOxqJRBzcKZtkfQ</element8><element9>NyJZQhNrRXAUHTHPaxJiihIVozqpXOZUDEbZRpUZTLMgnMeVBg</element9><element10>iNACNhqgzpmFCKOLQKSlQSJThPdSNUHZomSQdpOKpsEVQLktWC</element10><element11>wtxMLVyKhJvHaHVvdltOLhBrNGlNEbASUbROJvgaohVoHrlIAD</element11><element12>yLDnFsnKDHnJDWjeUzucjHrVbgWygvieLjEyWAvQkkxavzuXFI</element12><element13>WphpIYAnCMhozSiBEilnrYbYcSvVULIeiAkzWyaFcDQBUrxhON</element13><element14>LKFpRjvMMkAitUPwGuHWDhvtBXPJpdftSEKGOdnYRIaICWXjRH</element14><element15>bgXESLnrJgLWJuEjjQKchSAZkNOVhnlrLoCWlZWxJNmhSsQJRn</element15><element16>UMEKoxeGSNxeQIOJkPxIoHRnVwYTWHtpVuRBhrzxCDLPdNzRgB</element16><element17>afdQmSxfyXzIpFkGvTNjXhRTLNXQpQrUCsuNvSuTAelRqonaPU</element17><element18>gJJnDzxqnMNvifLqsbRqvHRRAWArkwHMfvoVzJzrnCxfEQTJRh</element18><element19>yswjpGAoiugAEggqNCAMKgwLlnzyPztxNtXCJvltjlvxoQyqoy</element19><element20>XuqTNimOZeXlsiVpVHUwIDNvCwdtibQuNrEmQQPVlBwNxZFILO</element20><element21>RfUAQQvJHenuSfMpGfaVyrzSseTSltxfbMzkJFkHPWklcJwgrW</element21><element22>BUJBvyefTRrkeqYOGNxsyZcmLNhHfnHCzoUovTJBgPpbnmOsBX</element22><element23>xhRqbMkSBDppZgZPeTWyyLGZoYwmVhubYKIEEADaMZqnIhrDBs</element23><element24>ZhrTFCEYFUHGKqdUmYAwqwIwchRMNcVPeUkxTFaxpRajTdMYrJ</element24><element25>OcGAOkorHAtdnWykkgeEvYLwANpkSkjjlECoUqlXHTSowSVeyN</element25><element26>PuUSBsTHYpamaBqlHiSHcoxuwzJHcOEYbupKZaQjpHTmiLGMhX</element26><element27>EmmKTaKpkDCxSTxgeDpPduHiUpTrRpGjOAObbiCRynlDKVfTqo</element27><element28>IgvOIdxcvbvqslUjuIIrOGAQJGfgNYqDmkIEabMjaDFHtlByfk</element28><element29>EPWUvIUYbGMPjDtygHpsrTqzMaWPIqXAtjgCYrwVFdMkrwUwKb</element29><element30>JRoeLuIXRBXGwZPPheWbNYPQYVBBbWLFbXRuJEYZVKJtrOcsQj</element30><element31>OqUmNTUbOheITHdfYBXdIaaQeeIYBmcJGxgdWPrYgkAETCDxyT</element31><element32>WTlAMqWOSgzFPaGthIKqvcWVRvIRlvIVniXILftrYsjUTBtKTG</element32><element33>jrEAuFXonyzqxOlowfLWrEDMceidfBzNTGgBmiSIeqlzMnBWZS</element33><element34>zxMjGVyKhDKYPikrTDNUNchXWYnflTzlPWSzBmeoPbWbRzZdPE</element34><element35>FiomOaIZnqbyOcWXyOCamKJKIQSVeapPemOkUHqGkauySPMBrt</element35></root>