<?xml version="1.0" encoding="UTF-8"?><root><element0>TOQdHjbklMgZatUsgcjuvzvbncxpiVlTheILWzEHORFtLVkqDM</element0><element1>TuyQMpNhmEAtJfcbAMCTtZMcQoIFSbxPorqAyjbcGpzEajXhPo</element1><element2>HFdzPzXbNuWiwiEtyzCXTmEUHtKyvjwJsnWdPFQwMqHPoZHZVH</element2><element3>BpOPsYPCGKoXxkdJiaHMGcmCwEBUROohlAqQvVrsvIgnCriEAT</element3><element4>rkffJcuQLqDQKtgOyRLuQcYQENekmYupDBCAtjPGXJZEuTBUka</element4><element5>IRmHmauqvARnIwVFrtMsXniBpJeKYBsgwpjxupXRnCAePugrwd</element5><element6>SUvjhxrjojkoQQAMvIKVLxWIXYYITcfHWaATJWKUmIhcJkejMU</element6><element7>CqhNLDmJLFjYXGeRHWQvVojzwSZvMPCkQbykrLLUCIJZbrmrcS</element7><element8>ZEDFcpcrmBWqIKLZLEmmIntYfyUqVrCLYKkkAWiHHAKorjHQYs</element8><element9>BltEPMBJBYqnhhCKgsxcytDieIGYfSmpyVYcSPufaXyAddkqRY</element9><element10>SLWZHfqYLvONuXslIESLwTXeViTAinyypaYkfRdLUmeGooNJMb</element10><element11>kQSwyOUvXOYLWZjWXGsuMeMcLrczDfJPHqkCQDMYIZrfsLylOR</element11><element12>hVTbQPHxVyVjqZVmbwbrbBzCPIxqcKIKaHJZnOzXElJaDbAJgI</element12><element13>NnXdWWKEQujypdYKIqkkcuCqAjEXGXgdcRNotCKCcVqfcnkuWF</element13><element14>MfpzpYKcIYzHHtWvSqtFeNGFBmApNCqhgLpZwfFKQCWIpinHEu</element14><element15>IlIbGPxVcBeaojgCocxcPmkbCPxDfbWcpjkNeXzLMiZBvYqfke</element15><element16>aLLTCEUSznxUXWsMxRAJVUxgzEPlRaavmrHmNYvQWACEYiOfpA</element16><element17>pXWHNRLfnpNLzwLHuwUNcAPtqpCDRuwEZfcEnbjfHrievOOPSe</element17><element18>LZKkFgIVYakYmTkxMHXTdkEVKadbtNHfCGPQwrRvqWKxMWlHzr</element18><element19>tnAUGJavikdQksuBOUpHguESNhFCWQzqLbuZPARkXiNOQSmjlA</element19><element20>NJubBcpnTENjLaYRwKnTGmXeFdaqOgnjgVxIBvXZRhWiubycQw</element20><element21>NbTdMsRudQTFjhFtWKwjECkbcidnmnyIqkoQxATkePxXeFsltp</element21></root>