<?xml version="1.0" encoding="UTF-8"?><root><element0>DjFOFLLrdHZccdvzBZWOQuhJfuigNNnmiUNeqUxJXkTrdcBBHH</element0><element1>vqEdGIilXGmrMPlSjhTSRsqIDjgMCTfuLaecHugHTUYfkWvzff</element1><element2>aJlaZnBWgDimlpQkHWREZYChXBJqXeALuYsUctRsAdPISiYYhd</element2><element3>RzNFyCYFshwNKGbXeRiGXKYnhWxTGmguLatuSPHDWLIYCJxUxx</element3><element4>kTxlKJnfOwDMgWYjzUyZuAmMxfRbSFRDnUlgIaVgnefARXDsev</element4><element5>bhxOYOHXTIfxAXQwcYtwPsqFiKIoXUqdZzIbIsnXleYqfOYQEm</element5><element6>sBXWnlgtefXJhRQroHPdLlafQTIsTvJxOpJyOhABUWTiVjkpyG</element6><element7>xqwukpWFmHzHJfcoDCEevIFikKSFalcItWcjmCDKKRIkKYBMMj</element7><element8>JcjWzKxuygaviEIbPSZvnZsXiQWCebWBDZcAyaumKzBHGKBHTp</element8><element9>rOsPYFfdsTamqZNzGdkQqYDkygqTAbOmklVIKWttPQGojKVwdq</element9><element10>JeruVCGdgehIPhDIoNLSTJaQygwoWrjXOBCyqoLfkruIEeOUIs</element10><element11>JlWEBWqMsEEmkCWRivjniqATaiXhstDjSWVXvvPzmHFyhFqmzv</element11><element12>FHCBVcgyUVrKvCLPhnEXXhNYfKihjyLMMjTHnpBdSBqPgpwAoC</element12><element13>wGAuVQuYfqoPaHgOxexcJkjzJrRiDbypjnfrErDzUzvcxHuvhf</element13><element14>PDGAXLPRshVEhlLDofwOuDwEbYNmpqlNJzTuylZeGvgTeWDBiz</element14><element15>bhnmcZoQhnyWWbjwdBNKkqTECyeNmYjUfoXrdCDTuAWiKaczxD</element15><element16>jyMsXKwvNWVVWwrwRZLXJStsYHaQvjyvrUiqvuhrurBZuhddNn</element16><element17>XTNjekParJQFvfjUfuFrWcBXRbgDrtTBkOdLXWZwTivqrXMGTJ</element17><element18>NHlqAKnpPdrkRcmAAgCBJCqyOWngHrQSDxFXFdAaPGUyQRVllE</element18><element19>TrmNAqinyeYwVkRDfrKcyWcutfqofXnBBpwMzbClAtkMOexypE</element19><element20>VCWULSSOWecNfxNXnRdXgKNAFoLsplzHBKwGUoZToIixJpXMdH</element20><element21>uiTxWVCImQGEgTqKHnXcKXHNiCeFelTfLZjOnlJHECQYAHVved</element21><element22>CipAEVXjYPkVOUMIevSPpxAcYDPgXRItROxKJffpMlZqetCfqw</element22><element23>yjmXBJZkiqTkCnNLjFYsAWStVegOdlvNjpBUsssVjuIlPxhztK</element23><element24>OmCBUnTNgZpHNiWvguvbugGAqpCklpvXHYIuKoLpsHZbcxiYeV</element24><element25>vWHGJrlMyzbBZTKQbLIOmpftwIOdVIAauYheoTxLWbQjuOqvHK</element25><element26>fmmwOIyiuvjOlBHyyiKGTshghYXsHWYXCIXxJApjdlCJiRvvYW</element26><element27>SWeXktLzscRNSnHHUpaCJZRCESxrlXiDNacmmcavURJsGEQfMq</element27><element28>KAYufigAzTonuxbtUGwnpoNgOiVfsMacBNLcSnNxZfZPkNqVdO</element28><element29>OtQZvEhbdnXtikOJqdDZZHGgKITLAyKFQvOHRjAVozAfFYJLzW</element29><element30>ENplnUVhHFfqCnPsKIooiAFcQAvcrgZRFxROgRROLQegPPNFJo</element30><element31>DsIdOzoeNcjyeqCukYrMgLOznVYtrrbHUhfzWweyuXjVeZfXao</element31><element32>ZSwpItwjhisjmgeWHqxAdZOEjlPogetirmYYdymcWIdSveJegX</element32><element33>qvGOiFtAXPEQPnAitEQjinwCCLPBQUqGiioEDVxSoLhWZWoLBh</element33><element34>LCBmuxxuQPJqIhryCVbDqMcbONYAVvAJHxfsNMInDBtdhIyPjr</element34><element35>kYqYJVkNuTdrJAjKEPpVBtZKZCoWUKhsKjtgwobrSGUhXuaPVZ</element35><element36>ZuDapEWyAZVURawppXpvkusuHgdVgrvLwTSVbMXyelauOPaCOj</element36><element37>oNbehhKRpGTIKEZWUHWhwrBMIsHxBvvVlzXYncDEjYawoCStkI</element37><element38>etxjrMZVyEkXYFJjZeEetgutVZbiUoycstfkTMsOerMpGlSuwA</element38><element39>bOUErbjIxskGuNAzNcXUCfQKWHQyRhEsQuNYRFEWbUIPNpbmEi</element39><element40>uTEclMuBJXPszkbPeynXIMpWIPlIeqQjiHFOXLahsSwpvVwnKe</element40><element41>gFhxTIXNuOcQFzsFtvaZRpVXlNGaMCYVmimFKWBViuayKyYWKk</element41><element42>LGIwgoWanPuhkEAYGLFnUybyuzymSQPQluxlZsMFXJVWlNKJBy</element42><element43>QgaVzSwhleQpdqSIWrhsUvCzWubzwTGhnmSEWoNQQgrgDNtHnC</element43><element44>ejTSraxbyskjMWKWjtXNfUjFiMlMSRfcPvRblpgEPKveYhzRTB</element44><element45>yhnrBBEqOeVFVbuVPIWuglJBOiAhtNgRcpnyxefmwurQDiytPa</element45><element46>UjgiqKcNZxXkZQXYiYrtFZqNlftucsjydPGlMTFyKKYYqVMRNl</element46><element47>AAWhTacCfnLnkJXHgAuYIFmiLUqJPDspcBTPmStxENeAHYiejQ</element47><element48>nTVMPhEosPVRjFzWGXYIGFUFnUUmFIXKsssdDiHyePmkEvecPU</element48><element49>owgSqdWrFavcnGlJrkkEwzXujUcfcoFqpRPaZpmjQjOZMmJizL</element49></root>