<?xml version="1.0" encoding="UTF-8"?><root><element0>DIZHwJPByHLxjZhUrGeaiwbCnVDzrbUBghTEpNqQpiDEuqcQLf</element0><element1>cOUWnDJvhMXRiVKkbpmaXJGZYKxeKCTrinEcedLszkaaxWqoVl</element1><element2>AVoYLevuDOoOCSVyDQJNSfOBinLktRWRpPCUdpeWKCIwAnRRIg</element2><element3>CBWFLyKGVVNBnyllzhALpRRakBKoUIIPgOSejaSlGxBxPSlrYc</element3><element4>lDZnLVPlsnGUhmdsSEhPQfjgTioByhDWolAWWymPcpvPBCFsif</element4><element5>zeQXohOZbwzlyGJKwJnJeaUgvPslrESlXZiKMxZWeGzbJpDSdt</element5><element6>AcXkXguLRpCryPaYUWGMIlZVKfzaCOaQBjoyJoPBFbuZMtzQVG</element6><element7>KrxpOCQVpCWpEMwghAylNYlcIPKSZEPxnHSegrKSIMgwdGkLQd</element7><element8>OLeGUuFHbrKqcxVouZajBNwQuPJKCmzpDgAVJcucgoNEssCdOy</element8><element9>fUCpTFIHIKAhMKBXQGQRZTSbkkLploLRXTtDgeUIaOxdPDNvrZ</element9><element10>KAhPTSBESeKaWksGdAFQJxjcYfNjIVrsSINaOLwtnszlPcxidz</element10><element11>CBunxsbjPkCsPrMTfeXClWLeaMJAuZbvDYthZryquylNOIelVj</element11><element12>jwQiOuEQnbyPwFyvQkZAFOFMCzLVaUuAcYcKWPxWtrmwOFNWQt</element12><element13>PQLYpHJlauVVXrODLpvnNtTpQltaKpVFLcYDJFKHJWZVtgkUhh</element13><element14>UclRDBCMtWxeRWoIiuUSCBfLuDgKzzgLNvPbODxZuIrfvnhxkk</element14><element15>HezFjwFWgnuGlvDyHPupZZbNuDGsTbasQDrlxZAFAklsAdteNd</element15><element16>aHBrAadwZaWKcdNUQqRpzchJlBgBpSIQOyjBGGrPiJUGcYHQON</element16><element17>yBCafhfclDChYxkYPiqbBLcMnvEpZjzUTWrnTJAaPpFdSeBEbP</element17><element18>NrwyRfTezqNQEStuwwcEyGutZzITQxzMzCLcCiNFWmtlIfNvuZ</element18><element19>tJukcTWHLlEAGVzWKqSXdaNdUMhZiPFnecCaBPMQptfnTCWigO</element19><element20>oJFFvxWFBTNbdbDYgofUoKNKoddmPmvrSjmvnXIKEznhBJjPWi</element20><element21>QUCMfpwzVQcxtZQXRyAZvfqalQWPkxneMrwIjQjmBfkCYudyaT</element21><element22>OBDtEvTdhihVkzybGqSbMtsABapAAAZBOkevLJCFHMnifGrcRb</element22><element23>QOAHPLKueUgRozDnGQkmHflMWtawnMIOCSdtBdoYYFQvajokDz</element23><element24>PcDUvEqPKYKNQvjWalkuRdBtlqXodIpdfMrOeqwyYWxoMxUIrn</element24><element25>cjIxgAXjKbFOYOIctKPCDhXmPouQyjaDiugnzpEPAMlJPNuaky</element25><element26>PnLYoYJILfEtqpqwsUaMtMGvrTRpcahOIYwMGJUqENmysBLPFf</element26><element27>UoYqZrylEclgFtyNWsLAfeofKsWuLCWsEmFgIbCsydHXjqDPWY</element27><element28>RdTEzTWkIdYzOBohQcLPOaJvagdzoCKmArMJvOwOIMwVloIDlx</element28><element29>uNXGFbSSwDKXyofizPDNtrnepGxCiMmWlUMHeVZlcgvybypagn</element29><element30>uXyiPxPvQTBpBLNDuwVJaDEtncpqKGDiTgtZBsUhAKuUhbVTch</element30><element31>JehHBRcBiYCEAunDBhlTGkVEznzxBwjfRTpDgdbjZXwXTtuUSt</element31><element32>YHwitZUfOHilmnBEUpIrcoNvsAOsbUwuIzIQSRITNRmIHVmspO</element32><element33>hKQWFVeuKAJNLOixLOrHxuWBohZfpgPTlcLOZCkMAoeYMAtrXr</element33><element34>RFSOPBVfDqvhjrSbYgnNuFesFSpdPNbzVJDLMYczYPQEWLpVrY</element34><element35>EZPQqMOuxsuhkmaIFvBKfXncyoaIOIoFGJrqvJCzZPHxIUMRFk</element35><element36>MlUodWoGamrBshIyWNZrbiuzxArsBpMbeIojzWysgvVeEYLlVa</element36><element37>KBeeFrpYduosUXffnZbFVOZGciaBXDDKszZieUHKgqYfGikrLm</element37><element38>rYPLlzMVPbgTHRxvVhrkisMgndmNLTkuLoFUBhocTMqTtlKGWi</element38><element39>bhzqZPiulljplxYKEXIvqwSxNPKcNGmnMdpmbmWXGsFMmtmROZ</element39></root>