<?xml version="1.0" encoding="UTF-8"?><root><element0>molpnKSfgEWJfXHSceKXZdQRknJtaDMfRVVkLsGDNCQzsPWiqh</element0><element1>XpQmixJSQXyILcnyyQzLZiaMMvTfkLGJtWRguntrZGiihnWBFs</element1><element2>xaGkXKHEQtWbrBJhyqRMQplJpIqnXHNZYIvZkNVyIltqNCjgNr</element2><element3>eGqvvHEZrdVzwKKvnjxhfbsEkZxuAbvWooPSGpolzvIWHdNdCi</element3><element4>XKeAzROipigppfMdgpmIXFJUSgbRtuNAXZXiUxYoAHHkOvSqoE</element4><element5>tMyRIIKISozMSGbnBTJaiuxGfJskgMkcbDmVNXfFFpBsCVSBkH</element5><element6>bqBtKgpgXaPJwPuxZQFVrVihzzKLabfyQJHUQzmUgLKXHmSjrC</element6><element7>kVMHqkszglHsStjQybFzTChihhiYOztoMClRtOWGmSYuKNyXAn</element7><element8>vRjAGoqnaoCdFWiRUgFUSejsTXXOHEhRDxfCJwChuxMBdDOUAi</element8><element9>EsNwHmmACmXDZHyeedcTjMNIsLwuQQzqcKMfykDsCSYbeQsiEZ</element9><element10>JdSqJzgaIIxLAwSYlVSLdzFTpxiNAkBvgEbqYUbveqpjkHuJPX</element10><element11>gqUzLbOvgPMDbXdHGKfhsrylrpamsUzGSwQrALGfVuZnFICFRB</element11><element12>WLQJdLuyxsSTKmwOOJkLDzVWTIglUhQXaiIjzFMuLKkHgJpLKv</element12><element13>iTIvFyAWPpHNdMsdZgJjlvWeMTrfxkTmpWZytnZUDcuBbvALhV</element13></root>