<?xml version="1.0" encoding="UTF-8"?><root><element0>xOHxCKKrMMeHKOrxJXHrxIAVCAddCtgNgulEvUnaJvGeSvOXQr</element0><element1>XYvRmxyinDVcKlWYABWmjXoERseXgJNlsKwnPeKFWpiGlrmZJB</element1><element2>TjEVeDhAfZzUnhDaEKfOdNLKahXAXWXQqUCYklVaVbDKdcMHmu</element2><element3>kYJoXqHfDPoxTIKQEVQNcQNYhlKQMRlpIpHeSwTJpWmilPvfxa</element3><element4>bTQQYDzrzJaYINxseDUKlmYJznnBTOVsGAtnotvRuiexBPkofZ</element4><element5>ainqKREibNgMLMsRwoCEJvtIhfysLSUEmDmxspnWKvhhBJOHqT</element5><element6>okpETomjUpffKzxWeNFURDeYGLmdPeBasFoOWBbpAZfMkjLnrO</element6><element7>yesUAfHHuXUUqStzKVrEPXMFjRcktxUoyeAAuydCkkqvdaEpIT</element7><element8>TkKFQtKztSHQxywZXwClwpUapbEVibJEaSoZddmbwgjIZEpZuv</element8><element9>RbtccjhpFdOXtavZdRhuyiANLMgjZjGqlvNSsCzFuiRHmTGjLL</element9><element10>JrqmIWEdgdhPrqQTdFNfPYrDMpAFRRtsjGQTwGUikoApsJKOzJ</element10><element11>hcNQTqtBVydwJenYYRFiTKtKzwbKxzTXmRcOEpqieGPvkcIPcP</element11><element12>qOHIlDkHcBkEbkciBXbJhwvigAmQxbIMeyUpoBNZPBbrVuBIQd</element12><element13>YXFefWQBssdGvqEXgbzkVawOyrpreuXgSsYplsvoTsrCbLOZbb</element13><element14>BHFLXVVMauSdzSQfuKwyyfPAIpCSLlKDZODvctieztSsitwsCA</element14><element15>mRgqWNVzoSFIMSztUUSWWeTgfdJxiwjEEVGvxnxEhMzJHGIIlX</element15><element16>CuKLJqDEiXprzluVcIBmlQHRgxsxLnmfTzepCTurEYvrZZyhjB</element16><element17>bITlWoWyBMyygKUUiyYOEEYRBmTOGJLCashVAsoxHTrIyqIDet</element17><element18>IvTAvkASFMRjdhXqJlHPQqPlzDzAqowmMFTZHjMVjTWgWAtxMr</element18><element19>aYsTcevVCwdUdKJwmreQfMExPEGvkmjsLATtITYDjvmiAzIcUV</element19><element20>RJyfILPqpVuEiIzwdqPOYcTDSLJSkMNuOwQlngcupbYtcqKTVQ</element20><element21>CfCEMXgqLBellQdDaLTedoPDsBKgvnacJDUSLLXfkcsxmnmcjG</element21><element22>bzZCPXbFLQPtQVdLpLCqgHmGanfsNvGRogpzrwygpGXJQKeRTE</element22><element23>qlVKsxMipPNSOESzKeLLiJRLzlmHpBNViUnGHBSJxwzvHCYvIM</element23><element24>RfqYqZLWIIyVjMxTHVUzZtWRXeoPmDxbQMjTmpXwTRaMnUdWVb</element24><element25>YBPLJgMfzLlaViIdlIVIgxEqCcQAyMQTOPoIgEJCblFyyHdSAc</element25><element26>gTMVxrEsEUqGBEHwfrsIMwBGetrCYxwSufTeruCDLLNGvJYGoZ</element26><element27>unrCyqAckjHnDXxZFzeWbuErFdfuQJCoIGyfoynaVtdhrEfWqK</element27><element28>bkXdDDDXkHulcrlkWPYQpOvKGwypnbCbzAZHWtybBaDfxKxyBB</element28><element29>fmurfXtdQbsqHAWJwTzGDmfaYkipcfajCrynznZhZaMxsEMEEO</element29><element30>CqSWDlAnAVvIEgabpNeZLJUqXGPwRySjRgFVKhyRdlbtZKzfeL</element30><element31>ZULZhegWaovqhCzrnhtuBHySynjvnSjyHfpzsUxUYWRHPMCYrm</element31><element32>AWbRUePxYjtLDmtmnMJvJcrbxtALttDEmKXiGPLBuzPlvuUvTJ</element32><element33>APjoaRRbTYldjnnIfwyFvchPuqDgdeIAIcuHkZXBqjEwqyHqjl</element33><element34>uRMnqzswUSsGqKxAnmidvCTcuvEwvXVcetRKTIFvuqmUJlWgHa</element34><element35>aqufiZtvsWPjegvJoVIujPBoAZGDQqtojqfFizwQcrlpzETCwx</element35><element36>dVUggIjemMwrcHEznffKJbYuqcmwbrcSTTsSTwckUhuEBPFSMM</element36><element37>QfJUntdzMokjrZeCbEEdepZypGDCxmeQDqBigjyuwiePLKFeby</element37><element38>BDYgiBZaRpQjGjGRuPinJZFCzqrpGwQmAxwvXVTobAwqGBmUwX</element38><element39>PXNqMrLvzqjuYqFLYeLmjgVjbKIKAyMNxpjRmnplCOpTijGrwU</element39><element40>VDAVaKxHGQpNdUEASUYQMJVvjxOFFrevoCcpHdYVUBQzTxXgnV</element40><element41>LmcaUjeIQZCLBOzuGouabclYMNptaxVbOxiLxBEYmAeYbommUN</element41><element42>LzxovVZqvRCIynzOZqHtYcPjagPvOTpAvfeXuCQlvpmrJFBhuY</element42><element43>uDcLZvWUDzOCUnAxXuwpocUnRZdcyzHWAPWpbukAUdsGKoUGvP</element43><element44>iKuHlQFBJhmDNtCuUwAbAVdCRPMXhcCEPKdJzsDkaocEQvtFhX</element44><element45>lUEhHbuICnJLwexIIVZewQBPHjAVpHbRJOnZiujpgVhapnZDrr</element45><element46>vPAXTwqwfontlAWNuokntbUygINEEMiGrLPRTWxCRSOtFlCtrz</element46><element47>SNyhZXGmukDPickWyOpjTrAMtvQdNYpaLrphBtvzAQwnLAfQaT</element47><element48>cuKVTweeyYRxQmoWCaWwrZwTIYoswhoeXFjwMyPKwrvDvjOcKt</element48><element49>BAgFHcdtRVfzTrjoLrwYtpKeskWYbHTsVtujoQFPWOMFvVJGQY</element49></root>