<?xml version="1.0" encoding="UTF-8"?><root><element0>PuupXBFbcZgekgCOhlnbufXLLGDDCjWZHoINzODIbxUspnJPcd</element0><element1>BPOFPlVbVbRkmikVPwVbwCdvjxKbXNtHtfrtYxxBXNiamSKJsn</element1><element2>aoACwsoIoTzTCWpJPSXWTMIoCMtfENnIKZNYPkiJAuyMGVrxGA</element2><element3>vMTyxsgcjWxZZQWMgsdMuXnaMrriBVVWsGepIrpLplQIOAKocL</element3><element4>HQZHQdUOPiIgFqWgBknqNoFcijOLAirFXzkKkuQjrZMOuviyRk</element4><element5>lGwpziUKYnGaTgPDAYjhVaDzWXLugzGykwebnTOYgjTHBkYJqz</element5><element6>JtDHDbVXTrhKtOfxWXsaSSxgNXTamhVhcPMtNwCqpFNsVmhVql</element6><element7>GAedleioXroUIvSjiUeNwSbSCredtvbiLxYRkYrmXHdtEqTmwt</element7><element8>WyqzlaSMsByRQbvlgBeUyOVUgRclyHOeOUHvOdkfmPgilINSlN</element8><element9>iuzzXHyKPxNYMBgakqvNmQDdyhIvLTakGIgBZkWcAaUtewtPgt</element9><element10>iUqefHJxeRUmJeelXMxvNSDcQYBogrDsXCPxcDXymcFHAvtNhu</element10><element11>TLoBYcqwFJzXjSrSiLMLxXtYHSqxvlLbuApBDctJCUPUxPcmHz</element11><element12>ITJdTRUpvrfCGHUZdCQTkUEaONtbpJgjLPnvatUlCAGKoxbMQG</element12><element13>PhZWdlHLrIKulxNEMFDXcRVOmtzophPTfePglweYdoYafFkbrj</element13><element14>gkIpogIReeWrCQSLOynkYZBhFWvLKLxgeNcfSroRUVKVMWJlyI</element14><element15>AvCrDdpcsccimAaLFTDTzBUMIxqUjdODVOqajqFwoudpWgNGkQ</element15><element16>JnepszewMHDLLBdiqvNvAtCdvyUQCgoqLeqUjCmycWsTAGlomx</element16><element17>bxgHnpsRNTuMfeDJYaZTCHEGVoczOUOgSplIfkAbHvqFpUveiM</element17><element18>PcbaoDJBZDmFbhZhqAkMVUToaGKxQCiNkvqoMUfXGvTrcRCfQx</element18><element19>hDjGLyfnKrbMoMiXBRoEYISXXWxUYNvzvMMNoaeVCMiLPbolYv</element19><element20>FthSpKGGYAPMitmDqXGGBahzCbKDFMRHhvdnusEynjLAxSRrDC</element20><element21>IikPjwVxUwmLuVbwVjZnFKRjYjsympexBZcFlXjIuFZiXAxYmS</element21><element22>NlUlEFKpvcNLTnUwvUYPBWunIdcfaCIlSvoGfvgYOEqRIlhAKs</element22><element23>ODpTFRHRBbjLHkIvdmjVbJoGIKnFPdzEmvmMJKFIBQxvIlQAsK</element23><element24>BuIzYZlPVTguuRjzRlpCVnCttAXWvDcHZsjYmQGnEKyltPcytq</element24><element25>FmUPuCDzBpyvMkztgowYZLvoWOQUZAgmvvYRlvztUkirJoghhv</element25><element26>vvfZeRSRYZELvqiqoEuYBPSAmaTxMHeVpyVOUQrbYQUHqeFGfU</element26><element27>gqrIgpDHYkHmLtItSFyakuASKlIyZDUYiCeXjiPzjACSGTMZvc</element27><element28>mwUXYIdqrADJsOTjfMAPjWbtjMZfawXwBHgwGMlwRkbZNAiwPG</element28><element29>bpNuvsKpqRUVKjtXwtAtuWCMbdxpNOYwBeXHpRPFxLmtDyDYwp</element29><element30>iZmNDdBKGdfFcWALCvAKocXHPGiYVhDmMmgxJpJhTfFBsBKSNq</element30><element31>sciqMrTeLQGycVkokDCmPQXyVzztWFUIPiDysZTxhsNEQmTYAd</element31><element32>xrwWhkRPlprPPTNjBaZRQbJtvwuyipcscMobTxfcGdUGpvscdS</element32><element33>ksAuibqvxLDywrWYuEFdqPBjuIjgTOGkmEpCwnpQoJbodeIbGD</element33><element34>VxMlFAilWFPalEVNexgzkaVGZYjfMzKNRLVXEThxKLwAUfBQOB</element34><element35>nQWxcjElNoKhcQzpuayUVNmUYpJfgfnpwmvVXrCfAWMypTgGte</element35><element36>FsitRbNXktlSSWIwPLpucJJAaxylLKMscAoDeiUSnFWTKtRkok</element36><element37>ijbxtZsxhEZtRQDvblWzWwfKNTYgvGYQHZoIrpqwHKnqMdrNwp</element37><element38>GaTZKSOofpvAqDGFHdAmuAAAuRtGWnbZkBFzSVsaqblVORTZpq</element38><element39>DMTUpNwfXjjXXxDYphBfQHZorhBxWnBIoQjxQlwhjhfsjBEXRi</element39></root>