<?xml version="1.0" encoding="UTF-8"?><root><element0>wWvvWcnOKsSurONsxqgayYhWNyIyIWESwPMnYhhkMMPSLIHApT</element0><element1>fhDnNKEkQPuUTcGMKCJVgioMBLzHZQbnSgPMQoxfnhjkPkdvqZ</element1><element2>OmBlnlXBNWlFzEJjxGAyyRhMvrqpWxfsKlFWSJsFjpcmhilbbP</element2><element3>jhhJWXIPMljHQVpsJnXkUgVJSrMyhAJTBKHqezTkcPJpkecVvE</element3><element4>cqVJskwyETJQFWPIhVqjfdcWelZEOPIfSUFVVkmTFnRaVglrSz</element4><element5>HsAnauboYJSyMDGhZYYIRwWIfGxqwwdZIMBRgOUXMdsqomUZaK</element5><element6>JETXPXnpkIMWYHWACNaqLuaVAvmAUdyTsOABWidJcCLmecEeek</element6><element7>IbzZHlUsAeOXtGUXtXkjuDpNvDxsEZcEZsVwrBHdbmXBkVdMSV</element7><element8>vBTTopCDDCbRYohaVNjlKPesCKCuOvYlGFVzUKCseOvpohFcLF</element8><element9>YmVXimqzGxDySRtBYqgkdZEeRPWdihgfIvxraZIChMvDkKJSPK</element9><element10>MqonXRepmrwzbiWSSoocxNgWRJdMjFfRMmBYZsnXFGZwAbALeB</element10><element11>AXgpyJjeNDBYLfEytCcAaBEWSuXbezUnILeOSoURyJfHyOLYaK</element11><element12>aNdNWJiTdSprtymgOzMEdleRlLRhLmkQvLBQwYXpFSIKhQgVTP</element12><element13>BVCEdBjZVWyrFheGOCkfhzYQawRpviNyRTmWMiBZAyuMgKChnG</element13><element14>qztJGJamFJPdGlVAbMOTpgIfWhkMVnJKBxCtCTZyyAEvQQduOl</element14><element15>GTFNUnKSuFfsoKdcWVmXCpACEYlcaPqVlOWQJVAjYvSHVanTBy</element15><element16>PqpOXlmiCEBhSYWwMaKlBSikJQPaBdTUforEpcczMrSSOXvRsG</element16><element17>pOHnpvDGQMuLdWCanlYrAdeoNWLBUysIlsvKioJYjgwxJiYfII</element17><element18>HKNiFTMHUQsHpmVeVBLjPQBclXmZeExcCAtwwoFxMIWoygEZxO</element18><element19>ftbARkjFCcmIWqHpbPPajyPMhNvnHdXsdJRJMFkalxOSzbVZeY</element19><element20>rIFMUEVuhdMPSyxvZFcConbYuvtuVUZewoyIeLMjgEjlVoumcF</element20><element21>kxyLxPJRpwrKcbuQvFKUtqHACGmxmuqTSGxTgkJBJZWTdKWlRR</element21><element22>HuDeeGWRWVIMDWWflGsTVzyZFoWdrTxncvAvrjezwvvYAulmWw</element22><element23>QbUgWgEonCHztTEPqdUFNukLUsBQGFpvkGnupSlgowfVBkUyCM</element23><element24>XiBMulGMWgilalYxRVTUFJhwVtBYXJksgDPCSAKcYDlsuzdeno</element24><element25>PUXuGuBriTMjMsBCIIwPdQFEipjnYkodtIONiWCkQmAWLvkAOB</element25><element26>VvtZkpvhslTXVWjGlmgrtjHtIpIsyCclUbKdoMukMyXRvMmswF</element26><element27>zaLmasYURFyIFHnavqTIveqVgjCVrAgvIDWUxodxKEEDnznMKw</element27><element28>jGRnViNAdJyvzEVzXzrHIFBmSvvAqDtacWhVxqhOdvAQIgeYFA</element28><element29>jffGnFslMbdePCrDDUwbUjQlasINoKmcVCCaaYvrhVUEhCTtgm</element29><element30>RhSsESOFeqSTGrgWygiFZFMcxLvakgAGWXLDAHDtyquYPnEOEg</element30><element31>uYWkOdIgRTlZbolKGlwmqqqzmTEZrgkoGdgNpjtIVngvCLdITP</element31><element32>IIdILaBdFemDwotFSFCGbtLEQTvKLBfECMVRBKoCsQHxgwvKix</element32><element33>UglUPJCPCEvQCnilJTXqtlFGddIdGJUMcpXrtZmNVyVzvFKkYj</element33><element34>HsPrPINtQnQYlvnGrcrMsmGwLzHCuzCkHmXPUnRjxkCuAENbyb</element34><element35>UZLWcvpjVVJZlpAiRMAoEFqezstIonUaDkyGDXEmIAbVOCEvtA</element35><element36>NogPJquFynyEBPXgduWUzwcNzSvUUCkcKZqfbcLMZfawRVSlDf</element36><element37>IoKdOuiUzGgciIBGxatycaHniRNWINfClpynRjQawPwmyaeitM</element37><element38>gwKbCLhKbCfFVGoFQIozXBxntFBPCVWPFPFHuWDnWXLjBPqUPA</element38><element39>VsQdtuwhDySfuyjTlmBcwhPAIclUYdzKAQNDkWLpTCxNIivLkH</element39><element40>baFyrsudXhUZNNfmleYzFiFGnEcrzbbOjJqhZyhhEuPggRcvrT</element40><element41>fZrfkISkunPvkzxGRaOrYjwiqJNpARfzbPEllXdcAKmNgvXSSG</element41><element42>fmHfwJLQEPSsdAomwvLedRIqJpRMqdPflhyVeZnJeLOvQQbESD</element42><element43>HIzHCnPLtyxAwFrQOmzcNctQBFKZvXkYfEvDoXoMZbNUthpiJP</element43><element44>oVaBWRNAqIWKHOFLKQIhPOiiBivJlpFVXKFhpsNIHseKSDemja</element44><element45>tPAehgPFKHvOFBqZAyomPSwpFBhGhnwJBJBCCgmNrFbBbWcQXw</element45><element46>ryYceborKHtDBrzwTTklxrNECXnguPXVCQovUzZtiXVnPKSkpm</element46></root>