<?xml version="1.0" encoding="UTF-8"?><root><element0>LukhQYdOBmfOaQtfZXDAWCYnrnyqpFAZCqKAxQIMfMaSrznFbL</element0><element1>jsKvOZjlhDZKwVNyOiBQLwXOiZXNRjjhvOAJKfpiSETuouteJn</element1><element2>QMGMJkIcPDYSMLAmEsQcvyFkfSpVokLTxoUqFAWvENKTdcoFDF</element2><element3>UwbzjCWzYMfRVBNPwCOsOSMrwCdmfRnDUzRTDPgFItzlBxtykN</element3><element4>IQHyTYszrevTLbFReAlNiviOwmfZDNkFqBzAAqcLXwyoqCkjOk</element4><element5>mXMdQNcVbNCzLAVnkDeLJCICTpGLMcliEAgWTvciNuUUnEdDQB</element5><element6>wWyLiwjWpWjZhOaxCavswjkeUZoPoPrHPqVxdlMpLjfdrehAvw</element6><element7>XWNPFVUgqDjzDZBFpmDFPFpVUYZBVoGhJdeIbuIXqNfXQaVEzo</element7><element8>lhKsClKoSWDfhoJCpdnwJcBkkbSYIxXnSYOmFUIyLihCFyEFLi</element8><element9>RLTnxirxLGrRgdPCzSaLOBXLKiggluoSuPylJskKmKcqmKxGdf</element9><element10>LuEKlcRgeESwAxCMaskULzHDxyRYrdQymtBHZPqfftEUUskutY</element10><element11>XEOsjZnrAMawwbrsSqkUWFKrHvfnuuDYFiQGrfynsNlYNxhgPR</element11><element12>ZpztHhzVIBnTHJjKMDiKHkFdlDhWKgUxwGgoaqMNMLoVGjROyn</element12><element13>QUqrKpSfYEgXeuPsNJJISTMMEMjVgGtLqgSUgMcYeSRrRXbZLj</element13><element14>cQhHXsiFmUSaIneKhaDLSIdPXFaQgjYtfMsluhHTeNemjEVKkL</element14><element15>qHQtKPVMDkMfrMJgEpwRgPWBgBkljfudXPAenEckxrTWPURiyW</element15><element16>zPwaRvnFcjCQEualxAlkIQdSZBsZApfVugeomVQUllGsTyTMhN</element16><element17>sPmYsVLyvLQZeRrMbIkXkNsWCuAVKwCYZnxRupOjtCvFDZLYrk</element17><element18>OlTrUTsTsRWfSzkaBWiFyiMlkbqoMaXIfvhRTGkghDieHxLJiR</element18><element19>bmPPhkxXnziyIwDuFCGJwmLesCGpZYqYiniGWGvSAzAAHRNFOq</element19><element20>reNPkXdJwQhHpwLLUwvFtMedArwIfSqfYHiGdXtzauAiSjTpWF</element20><element21>rtUSgpQafedtRnpSvdlVtxcpkJfYOyehPuTtFcxMTNRKUVWZrE</element21><element22>rlPTQDehAqDleDlZAzBUtwlrZpdCuZrYEbPdTTsVFaewEnWFAS</element22><element23>meIbXcSnoliKbfENKwabkeIrntFwjiqSrUdxblTPVzUQgpNjTC</element23><element24>LPZOoqFlVvHHkVBCBtzcDzvJssFegkvufpQKiOjdKVLZvdXvyj</element24><element25>ylFdXrOyXMHgAYmXvKnPuNvsCKYdyIUcuTLUOGLUJDDYawSLqk</element25><element26>RRcMfpXaFrbjYBtKyVPdtmQWiKuJffwIBREhDNkSMjPlAcBRUY</element26><element27>XQpLnmsOowFZDxrhgbxBFlbuEubduXHSHgPqOCrVtWQugdKppe</element27><element28>XrmHvfkmBZdmQqwYSoOMcSWkDafgsBsEMYqqqBAJBYksAPJFNZ</element28><element29>SruLxAoIhbwsFfrptyEfENzwXMwqlHuPcByRUwGrNtmYGaTNvD</element29><element30>ZNjOgsPBdyDAzcHIxMlLmhnJoCHpAspormkOvcSWDXnztOmbej</element30><element31>lahVsWBxDKKtSeBRixuAhCvdhLxmMudRGpQxNmIhYAjGUAzHkR</element31></root>