<?xml version="1.0" encoding="UTF-8"?><root><element0>POEoiFxfwrMtrPdCFenrNYUlncuKUVkJasGCgCajgItdqjjzPZ</element0><element1>PyorAunLosyGQqwQTXciapBuAYdFKoCYtvyzIssszrOSTDyeEl</element1><element2>FDZorWhgPCPNKHcTkfotcLRfVZdNQmkubMHpqxTRDHzYFGTwZr</element2><element3>ZkddoIArlVNJTHgrazIzSgTxorDiytXtHXsiFNrVTYZGAoJIXU</element3><element4>FljIqGZvxyNsSinylPevWjanUTdxlzBIKdjSQgzOAuWEwptwDe</element4><element5>zFbQcGqWfsBcMcJCiqovLLPopOdBSbUQrVxrFPOeFzonVwzAiU</element5><element6>HsXsPTWnGlazbQnXuVQyzRMycntGNmGzgGOOXXMAYlSYnStsXv</element6><element7>IQlTGxxRtYftqudvPZsnGDEiZcLXIeGPryqXBfhXCDhuDULGbY</element7><element8>bNbeFzsyAkdYtdAgmtbNSlAoWsbbHwhaGHQuCjCCSBJCUpElQh</element8><element9>seOJKOXGyuXLDbzpPUXMfbHGEoBEjDxdGikEkcRKZYXaKBYbEp</element9><element10>denjjWODmKJCGYhYiArbSwejbGbpxYMesuLlsSSMpsciEbHgDs</element10><element11>DUqUwkcgUsHyLDLFRvocxYFjuxRIqJmVUGkJnZtREWEcJuYcCZ</element11><element12>raRUpbpshRASEYleygyOyLeDXmLHIXXyPeXBEQSJvQDvuLUycy</element12></root>