<?xml version="1.0" encoding="UTF-8"?><root><element0>KCmUOwWKmYtceFeIPYRXSQfOAoZNmCDLtRYbHjzIoPFITLfiXo</element0><element1>VsvjrnirCGEdgrYldrQUPSvSuKdTkQBcaghRpkpjMuFGUlkCTm</element1><element2>cHhTnaTmtkhsTRHfQEcNNhzLFOweRlvFptYmGzESeOOyhouwfd</element2><element3>fbfoKmGHNqgPQgqwtvMdOsAWZizXQiQncUWELfiCQeibBggtZK</element3><element4>KvkIGVtJQjidwWPDvWuCftYvzTCDDMJevgJMQLCAPuMBDluHEz</element4><element5>SiVjEFHDRjKVMwdRPSfDLHJzgRGCeAVJJsjwiTrXxCjEpNuDeO</element5><element6>NQiyhpbxyKrWPNIfwTRUIDqzjTxKfHppNftFOCGXonficddDdV</element6><element7>zqYMFYMHtdxPpvVlAaacXnADUGKLEaXjfPAisdyqGnfXZkCzkd</element7><element8>KKKOPuJGglNPbhCNZnXtSsRNlaISdXVRWzzymokwvqETElomyb</element8><element9>LAjhCAQgDcOFOyVSNqbnNNTJMqkAUcQIgzJavbkizhguSnQWxl</element9><element10>GrwwwdYAbYxkgqmNRxTBHNZlsuRxhyppFytzhDuMVQLwpkeQVM</element10><element11>XXlZJeuajGVNOXPemgylTDGpCZNHHcKSTJQPuBRDhbAHoXhsnk</element11><element12>oXFKEWSGASZCUFEOsroqLFbRHWzpcALEgBsmwzzdZRdeMvUnpB</element12><element13>JUIWmAePDqoYWfiBxEBUcSJFsBSgBrhcEIJDvgOdKygcnOpvsU</element13><element14>gTFKOlDKJeIXbbyuhuVxxeuAnvXmoPBjxQqoPpwOqAVaBPrQte</element14><element15>LcYSdwQZWdnXDvsiJxYpNrAWGdPRssUsGbtlmLGiWKxuvzfvYO</element15><element16>EfxjJhMBGWrpdGQnXOjdrSpVDOdGzhhnjIUznoDGPsgtthVAMC</element16><element17>ImAHhibhDQxjPJKIfrdZtUaqGReiGeBXaCNTgGCVHcsTQEJihm</element17><element18>pDikowWKuWgXarhEaAGSKeWpIaCbGPPummtqwJlINIjCZQhIwU</element18><element19>IKaEPYPVKjuQCVFIlAKyVllEXopjGtQAWpNKsQnqhgcNEcYyVZ</element19><element20>KqPbhySnYcTHLZHXZhLhugXJoAZfLtBaIWQGFLEDGeiWhDBWMl</element20><element21>UIwIYtAPvfjvCLZwsUARwALqEBxObaFDmkzDyyZKzziNqBQNGv</element21><element22>QzOIlcMUFcXSUItAbBvdBFufAcjNxBznDObVtvUfAmILCtFrIX</element22><element23>jPbsByhnuvtKinTMXuOedSxHzbiTWwbOujiMnnLpGQfMdQeXZN</element23><element24>ztnSfBImJcCFfGxZjBPnclrQIbrLsbmzzBXhdfMZVaQgroXill</element24><element25>JFYPMJYUWxYtigZXswrtrepRsEQkrvGWTnShwxPIVUrZwzcZws</element25><element26>zXqgBbWUOnAuagjkFDKTvrxlsmGUnFPFsDvFNasaCKMhCONbox</element26><element27>TzfXVKfTfIieUtRELTCWvJxWWOJVolKhJWOGiKFyzFsiPlNTus</element27><element28>JUoPSkfkMPejdCUtCOxurLLBbUTiFnHpuDYvofUBwPqnWzWiem</element28><element29>ikIOBLAlWOViwAyKczlYorxRklhimcZhIjxOZBFPcqdhzxZsbC</element29><element30>eyzzkCsOozlUAOVpWtHieSdSSaMXxUCeoCrRMugmXUEfPhZJjr</element30><element31>QwLYQsCGhsPphiSdlLqmrFFKCYdUhxbjsGgFrcSplSYXvLqAAE</element31><element32>UITvqvxgCbxBTMbWzGNLqxYEQeEDEEADyiNwcnKimoofcSOMfx</element32><element33>NNWGwHzEndYkwcRZKYHMlriBdbzVghwiVIqwYpthKuPZbppvBG</element33><element34>goqqYqYboxdSCVYHDVulFtUKCVQtxCuIgHoBYBcREEEvLrGCeK</element34><element35>nicNEqRzoyjalPkchADNExAexEyWzXXqLYmQmUyQMALczNhwmc</element35><element36>gogZDjmpNHOdqXOAZlAaFwmkYjdlUYLqdTDsNPLAFSjPCBvFGn</element36><element37>JFNvwVSMqZbqlRLUWCjhzBHUfMRkwhXzsugBnfykObyJCuTDPt</element37><element38>nUQPDEIHLisYscfbeWjAUHbrNKOKNMWnFjXxYEWdBLGnOTLHUq</element38><element39>TAhnRzyVhZkaCGacLVqtbslYSXuAPiNOfNCuNZRXIqslPKYqWy</element39><element40>WwtXXyGCgKJyhjwCxDjPeXsrGETTYwmbMrpFKbTGywLNxjTsiX</element40><element41>pXfzjGdpeinlgbCjuzgDgREGPfLwEoZHPCUblmvorzFadPsEgK</element41><element42>YANqYtlowxelftgKgiKpxZpxDvSvminwirYjnOTmFayVozXYJe</element42><element43>qitaBHqGeNzrIaIsLiAzNKLvbhMzprkmPxotUGSZeIHJjKHmGu</element43></root>