<?xml version="1.0" encoding="UTF-8"?><root><element0>CNsCjVHExaZtdFXQggQxhDatCdAFKkneHgwWrifmWiPIyDQVsR</element0><element1>nnaGDWVylfIuZkIntWycjIAXovutPQGtbiwjrrgTJDOZKqNFGk</element1><element2>vNqDqYZiMmMXEanPYzqTLfNCptQwPIyokTNgFjtGMlqhQDUXTQ</element2><element3>NCOhRFLwyLXptGzwjWeoiVEJMooSRABiyqCvSzZwrXWbISqOXf</element3><element4>wlmotDUYbvNuLTfYFAFsjMqcdXOdbCfMQsuxSsMfaOqKAnHaBW</element4><element5>xTGpsPDSVbwBwZrRHYHAOTuJyVGckEPcstqEskKmlWnGkAhVEn</element5><element6>lrCxsBGrpyscwkXNtLmlIkJrlFOKrNBjFYnRdvOFSiXFAnSOdk</element6><element7>nAaPcVnyYgsjAbSYcAksARvTajhZXsCgIfTCYkdfxjkqJGfdRJ</element7><element8>lcJdEwZmcwNnTUpEKpWVudpxsdgiJoRNYwzMVBPcrtzadwPkBx</element8><element9>EJBMAdZnOkgaLoGXYLnAykrPuSduUtdzBYCWmbExeMCcAgjceI</element9><element10>muiRtjkthtUWbVmhzPMWQxLmxrNUnvNzupNuJKXvcDXGPczgFd</element10><element11>PhqZIrqcMzknGkFDQCkuWDHPhHqBroKzNNrFCEcfRHagtiyaAW</element11><element12>onCpzVXilMVhTglghKSiMLaMnjrStfQDmblPfoVgPWmFChfODF</element12><element13>SXlvVwGOjdOvOmvXXDkecLixOefYiEREwguFROtOLWxboICjpO</element13><element14>CuRjrwiqAxqMjuEpoyvpVYrNkvKbHWNxtiWmkxDFoFXwyQUEzC</element14><element15>HRnTGNkynTCLlohzjtiKVrhWymJHiDFhKMMvquaWpxcyIQrBss</element15><element16>uIWXxsUjcXQZtbuCCDDQBTRUNThwDTEXEejSeuQZVPgvsCLGmk</element16><element17>JaaaENuNKXcNgaBkRaDgzZCFmPzrxURLIsLacpjHQWwqVQefcm</element17><element18>nJoBROYWrCPIZVRynZdxLPuYMvgGcAuBRciTxMNgrdIPWICQEw</element18><element19>uHcePJGIpqRSYEHvZjIKxYTLcKuYruvRTXolpXfwlRnPxzmjVB</element19><element20>POmqxrGYLyzPoVzGLjevxtAiVmrfrkfMxIAPlKdkPcGrZRNylW</element20><element21>wefOPMqiXisoOBsWaktBPxqNKAyqUBXWTezRKfSZurhuhayyiY</element21></root>