<?xml version="1.0" encoding="UTF-8"?><root><element0>hGRfTMNGBuUMZxMrFGSzkTlfwzKbrZSEcECpaoIviYjjWUqvCl</element0><element1>dFvlimguuyNHhXnuAVWCQKlMITSExBQOGqazjEbXptHijIKpHH</element1><element2>BiqnwfZRqIcpYXQlQmPFkkCoabAHZtbmBkHZWamrxlaAdLmUiT</element2><element3>XuglxNxUTYcYrjedtYybPeQqhwFiqbUZxpQrYOyrpiZwzZjkfX</element3><element4>sBLymAFJaLnbAHDdFgcyDKzMNVTjkUCKQKvEsdiWmJQnKzUEzR</element4><element5>nnuRbksqjYfJwibbWIgtPMfIJlwnJpZRDKKYJTOYlxvSjMjkuV</element5><element6>QaMmnywAONibzoQElCYGipVbnVobCUFVGGocxRClKgNOUaXHDs</element6><element7>NdUFFsuEVylarTxPRNWSeibFRbhKBpOwrGcZunCNSvGeDghByM</element7><element8>myLwKyWefBBKsTbNAYhvNlSclQZmrxXmWDxoVKqvQRRAVYpxiv</element8><element9>EvCGitdTuDlGVaozpTAtMGxSbUfmKhIUXErpHKTvYWzUXugMNt</element9><element10>itvlrMfkRGxPkXyuxKKVRsBcMZJicwoICFfxsKRsosXhHvrWKI</element10><element11>dQLLRUZBhiSoVEatFvXcSuDkGFBOGqoNmoXeJMBMfjgbGhTioe</element11><element12>vKZUIvUJwgNKtlvuQjOhNqQBYLGhHJANbiNzGNNywbesEsGXXc</element12><element13>HvWAHGxCrjGqxpezqobozQPAOlzQRQebGYzkctoCHOHisXRRTL</element13><element14>iGPZYaYOTuJxibQBuSjMYWqnsANEPJkvqSSkkRAexloJSwXGZz</element14><element15>lpBxwQCLqxTjnxLYXmBSEnGxtkmExwQDrwDplmaiLZLwBvBfBc</element15><element16>IazKPsbsWPGkwrmCRDIxihhkjkHjszMtOSZnuzYBYRpGRdzAcZ</element16><element17>EWLSdJcAnnAqYfiZUbLSBrkfqhvsmCiETVNFEVNQfVobYOMWpT</element17><element18>bRcTFxNVWfTOKrYBFWHfuIPgJMPvNQvoiZQAomelublBouGNHW</element18><element19>RkEKwLVgLqZQLPvcnYkPePbCdwgxlhfguBfVNlCcGCVgIDLQLF</element19><element20>hXsBlwRbUGXjZEhmLupgbOgLgtSnmMKIzaKfEXTDYnHikXOYvx</element20><element21>ItLBJVvjRAOcVCHuSurqvoMWVEhLKTPOQaRNzXrhNLRkGNvoSo</element21><element22>NwuDKgeoCSqSoKMkdlWiNikJnwAEWRrUTazWTmCRtecsMAJgSM</element22><element23>YNZruCsdvKSGKHkJnyLbluKCIfaHuzDjzlrjoAOFVjOhaGYknq</element23><element24>XhvThUxgzXySuXuKjldomupomdNzuLpQxYSVnYcbYNjxNLBUDf</element24><element25>gIfGmyHqzMPddpastclVQuZCuGMWLxforZesQtmtvZExxZFPZw</element25><element26>edRKSHsFpZMsPeomKyIMApKzhVGkHxHahwojzjPaFbGGNrgvgH</element26><element27>InUWeGKJimnxXpuizjPRtYKeyEqVVLjULLlPPRVXtwhuJHSJfT</element27><element28>ESPsCyiKeQCgdaOMBuTgvLMxkborvDYtpxDRdsIgAEXaSLSPGB</element28><element29>gFtKEVXmvHyaXQdOqmWGlnVfLroGIvFitIduEVYIhlQmcXGAgb</element29><element30>CFxNEtBpXGawYrcJQkAWSYuYYWankPKJOYQltNAQrJcbTngZRA</element30><element31>FCryrqBxzJXtwKuogqtIuBssuhDkIMAaNiCLFVWdleDHGZEYsH</element31></root>