<?xml version="1.0" encoding="UTF-8"?><root><element0>aYRszELpjNbuAUUuocyzwkZwBcEFCFAgdnlekAvDjseNtDtyxg</element0><element1>MTiCgpgEXxeteRIMszLAqXIRMVsdyLhGyYLAirmTSmkAVJyUsS</element1><element2>qryZWjYKubXDXrVuXNwTQMvxhSdrdemmfRikMdlGCpidHDSSiD</element2><element3>jCXbsTsOsqAauHmYzFXIOCdAbYGhyARilEIwoDULMVlKkNPwqC</element3><element4>GaMmkVSsujkCyTzYNjjdzKcayajonXdnGWJOuCwckgHvCDycUl</element4><element5>niKgjQOdbqWbRYlslkvNTpoKHKLPrbGZUgFdHCnTABYBBdSkvf</element5><element6>rUdKqXClBcOHqgWejOBymdBGbsGgEtOeeNUpDgUKkisurTxApx</element6><element7>YrfRyvttTIaUjcgJxBoepbzriwDkYYoioTXFnExbFTQEaqpMqo</element7><element8>BluGEaFbcQXdHvWIzBsWUFvnageIOyLJyBkgISpGmYvOnvuvIk</element8><element9>bPDhRxKdqVWhYiRmhUIlFCfNWdVaYBOsEjiltyBAuJGrsXaoVa</element9><element10>rIsRMfqZTEbEnzxJBhzxUdtInhbxOnuaEqZrlSXilAxNBpleLk</element10><element11>NgKhvtchhBmxHKdrOfHLPDucWCypfoRAVUvhnbAERrlCnbLeDh</element11><element12>HJNnvcGJLzTFidxdbGyVRpAYRxlEKthSyiHVSRDKMypYmNCsVm</element12><element13>eypdLBOiuZwshQhxTVNYAPRdUFknaCrpKnagBXJuWJlwQUNwYS</element13><element14>tWAMFTzgXLvTPTWdgJIkRvwqFXIqTdJCVXPHoUAJhTmeZAHMXH</element14><element15>aIpIxSmWEKeRxTqUDaRuFrvWzcrVWKcpzTILdWBaAPySBkYVKZ</element15><element16>MkAOvmZmkdHaNyMpbJcoeoERXUrVxgBBYIulAmNJTFtEBJOfsG</element16><element17>MJqecypVpjgJBwtKWxMdlmyvLyODKHtWuhYFBvQulLSFWJOfjH</element17><element18>AJLmcmmcTYdmACHBtxYgHNLrmVBkgqDDXBIocjXmiRcWmQWJkm</element18><element19>DhYvAmyGyThBSzrBeipUHovZgwQBSSRaJyrRTkmMOAxlcvZOZE</element19><element20>YpXwoGVTamWSdCvkhUTOsUlQbmKIuSYVYIGVefkYgNqYnbnAOl</element20><element21>pQTwyvvubGMUBusCCjjoeODWqfFBxTItcQfKMLMSnuDmdihXkR</element21><element22>KcwtAPefGrtrPQEETIVDFwtelfHtzcpQodqloCPdWEWeRCSmfE</element22><element23>kTnkAbpITcAOzfMBLvUpGSFFbksgfOyUfozlgwfwsrMuTQfRPm</element23><element24>LtMrSSPdNOxsXlLylSMDVtcLvhysaQZVVSzjJECZOMJliCChRk</element24><element25>nhYLDFFqABvKUcYonrsoIKGRXoKdPOWqeGcbBzJpUjkpnkSvNq</element25><element26>imbdUYcZDmpPsmJxKlDjgoJtYJTBwiYRjigeXJXdOLNnpKEyER</element26><element27>qyxHMUqwxcRtuIytXMufvAqUIjJqnqHWUepHxOhQgTUJdEmOQU</element27><element28>kjJFskGzYhAeRvdVkpUMYFtDZGuIkZCHRwbKxYhIuCQNbaHrBU</element28><element29>QacAZHFIYHoYYlCcJFdKEWWJuPnLzwoQgztMhehiAVaTQkIRFx</element29><element30>tLrOaVvicESxNtgbEJYHYJETurgOPeIKfNkpHkbbCoZMVEHiXX</element30><element31>jhyEAtWxpwIHWruFmsTPJUOTEbBWzZSNylpNqPUkVnmMdaLPbU</element31><element32>NLGadnQTkOGNFBtPTcPLTqqBAAQUqQxVIKiPkDbVNfchNxgRan</element32><element33>QqlVaWXojrlNrkUERwgqOTjQicVvFCVrdyKSdohDmwuLgbbcjM</element33><element34>pDGTYbolIrSMntqVCAInYkLWeFbIUFsYufuIaOXeaCGNHiJOgL</element34><element35>uzAWJuWRFJLFFRSGjqrszSGqpvHidnfsdRCNHxLkonNwRFIMwE</element35><element36>ozVdJzXHDskQYFPYNjWLfwkmEOrbIMLcruMVImjmMmpDeqqkxo</element36></root>