<?xml version="1.0" encoding="UTF-8"?><root><element0>hFKUdvbUvAOccWUgpCJICvVtIudFeTMfohzvbVVrDaBjqephUY</element0><element1>chchHtQiECpjKluoQbEWRxoBfECWnyjQFZQKXbxNyCRcZTrUNu</element1><element2>PxEMuDvxoAKzApaYAFhmaQNSSVbHYVPKAXFgwZfgthlGXDXHKK</element2><element3>kpOkPwIRDqERMDaoNJvuxxSITTdUYrIenPyVBFEnAVrVhSlzTY</element3><element4>gsxQWtAuXstqMojcAgxWlSGLOMlerYjHSVCtamfzdKYBCKroGb</element4><element5>jwaiQvoBYcylNhLCTMSwgOOdDFocuovEmIHrGMrXlBHYJoeSyC</element5><element6>ypBaKmhAWQnmxEudSCnnYeeFCsPfbuuWhFfVobFdNzbrVMjuHD</element6><element7>YeCMbwtrYHfzzdObnVCoUiPmBLxotUcDfNpWGhuaLiqYgZcypb</element7><element8>kGkSoRbTHVCkHMhSKarXbIlEqkFcNhDLmHMAdikDOEPjzXRABd</element8><element9>HHFsOYRvWbRuYPkJJwnwwDYfcmcQWertFMiVDnaKIJIOQmvmaG</element9><element10>ddJVbrVrQuleGAcBleFONUrFyRZjsxptubevUHzogoliDXYFhM</element10><element11>FnwUwhvhxjjNZpWzvFyCQOARNseMWAROyajjSPLuNWlbtYeMZe</element11><element12>kfRqeNLIXpnRYMhOtqICiAYrBuFRHhBrUlxWflxHGoQeHWOxSy</element12><element13>FCfBfTttEfhxhETyOVKlkGwHsMuSeuQRXlOKtMRUNKxMilmcNo</element13><element14>qUOFNfNFtJGoWSmxOqOFfSYobcluNUIaqtsFvVFfJnqnhuTiVN</element14><element15>pcBuIswAuyYAglLzAuxPZTRrUrJOivPpcrQlXEFyoBAnZUinFb</element15><element16>PXGlnEmAdisIaSvRMPEzsynBsYemHmCmpjYdJtqlFTnmXtZTkd</element16><element17>TQwsBQNibuNjqDLZQiOyjEuFWFqexanGoWzrUhoseyjZuCsLYE</element17><element18>JZTCPUedRSwSaLPYSHhZctBKYdscucKyltIWoZCtsIxglzmyJY</element18><element19>xNCwyLgCKNvrNLXoJTQCMXKxKgivRYvlDYAXdhhFXzBcOBBwdf</element19><element20>ypkrnDDrBYLAIEhmMBlOMOxCZiPznXwxkOnOsyMZMNibzJllbh</element20><element21>IsCzpOShZfocIGOteEjRvsPDhVzjYNoAqWnLXYBbZWyprbymyJ</element21><element22>SgkxdgfLlNeuxjsrJMIIdhOIUfYLGdhFazdUsyglSRjJxiwmIt</element22><element23>URwpjVZgyKjjwjgrOZysjxdJZfVsKLVvXiSqpYETUmnuLqXUPC</element23><element24>AauULdZljqxzttoGRBssFgTIsQgymKuqwerDjjEGyekypOfveT</element24><element25>xHknUPjxCqqdxuWQpByPotKYzauBmtcWHwVpIcBuquWjwDHfYF</element25><element26>aMhbDBvCOknoCThnaujHVDQaCXxmaNpeKOTmqnUVBrfxTMCJdC</element26><element27>gEahHCVuPwGxqREnLCsBYFQHsYcWsaRvrwqrsphbKmHlFqqKEn</element27><element28>fXuYMiOsRCtQfzbhkIexCcSKSujfkpIIKfSoYJdOrWKaegdHYR</element28><element29>PrvSIHqDrqaNtHUKubeRUvqCcQSOBjnNBeTZBWiZGWXjerRuzB</element29><element30>YKNfTbLrmgvPzuytfWaaXcXmZorEinElcxFsCDssRfbHDjcEEK</element30><element31>VANtcgnDImSeWWnQXslpeNaikyFGuuFXLaMXzFSwyWOdyIcUzU</element31><element32>ExGkYEgsKUEsdwRQhZPxZIIKXehYhNIiCdWQdrzYCdoYUUKBYq</element32><element33>BPanPAwvJeMWNhTDFWSlGvlGTnvcSKpRcFLuObkhcJegwCIVBr</element33><element34>EnKwbpnExmudypQFBEMenjCilxcUCUNjtIzVLFYfwFcnAtTksQ</element34><element35>eeDdtbLbJbQmmhAntRmzsKbrFqkdfdpRMROQZjoSIZJrTqoGSH</element35><element36>yAVTJQbtgOvaXjtnNAZZGlAdJxeAsolbYKWWdYowWhovavCUPC</element36><element37>kICeizHaiHvQISAlxUVuFZRokIVplKrlOaxfjfEbOfVgyxAXhh</element37><element38>DwvYvRnAlHcpeutUXHZZMKCVoTZKVYCOAMCtmJPfNuaYxDVKib</element38></root>