<?xml version="1.0" encoding="UTF-8"?><root><element0>aCjpVKAvbBWhulkzZOChGLKwmhhVONkZYdkLbMZVGcscfckmAQ</element0><element1>VeHmqMEiFNOYbHhKaURsYekjqDrPyMwSFbWazTjOAVeJqMnbTB</element1><element2>WLsYUtetYzhceCxEPQvVkqrKPNgZGAlMarsDEbZDerPDNKePuk</element2><element3>NAWBCNzeRCgeBXKyZrnNCIDLdKxLqRtlbvErzfDrgkoQPpoLew</element3><element4>opuRHZWldoFsNOXqdCbMLwljIspnbyYWdrugMPbkoudSbvzBfP</element4><element5>visYpAJtWVypeeuLGRAAxXXcYNJjbIelbLVmdLzKTmCeKCfkvX</element5><element6>wfCPnkSRDTIJQenWUCmvtOCioHQjPSFXsnqCpYMFMglVNeuIAv</element6><element7>JlYQHtCIxwyFCZUSchfPUQOsYuqJboMDEiCdtiiKsUpZMvmWrz</element7><element8>dToPbooRoigMLpOTIqCmgerefjQLGRfWGzmnjmmMQYgjhURZrw</element8><element9>ICyRgmruiJZLIoVASpuXdVclVmhKdDQxdfgyqUUUQgHeIawpMA</element9><element10>HFYGVMRiFlQlAMCJOBpYyrGleyfechlhWUbeEEymvZJjIaGLXx</element10><element11>NBikBGCRyCsobTHtyZrlaCJRqlihRUGluelZGXjucRvWQzduWL</element11><element12>fszwTeKQlfCzJWWHdyXmTKTkerdzldGrLPxolCFBvABRIlqfvf</element12><element13>yzMxLJYWYNbiOMEcgjWITVNAxSMyqfbVLVrZqzbSlkAlcbyuch</element13><element14>LlcbJAysjmRgHnhKISkfjzDoBdXuwcbQXPTgPctgLUcJXRniRe</element14><element15>nhpIvEcSGnRFinXaOrULXnhJvjTuaUxBDZdbHOyPBNgevBKEFg</element15><element16>xKEpLjbZRqSuxnFFylLFDWpcmGtiwpdVXjLTtIvZuXNwvDwpNL</element16><element17>yrTyeroVGBFCswiqBpwtndeVKJAICCrdLYNDgJjCJENIkjNOCe</element17><element18>guxsZvZqAecqwFdFRoRqNnKnXUSOLnDpojVtexbCTdRONLitzF</element18><element19>yQAxZqVLxWtGUrbSjaMbajSfAbplyXPwBPurxDPvXlnSggpYjE</element19><element20>lpjSrCBrbvoYwgLYLnMghJVMdrNlmjDDgBmRyolNtstvBiWosB</element20><element21>kbCXrYYEuikebwDLRRcsVuyEVnyLHhYjDZirzIjMoJygTTUTia</element21><element22>RcsHpdWMcybdQdpuopfrECCiuUaqWVJdWTTEHtPCKuFbPPHaEh</element22><element23>CVSbJetZgVFIsanmbfRoJSvNMIjTAvdAZXZOAEChyWFYPevMWi</element23><element24>JXxrHkdBbqJbdglVRQzXkZSTQdxhBcXZOdVHJMwhYnjDWzhsYy</element24><element25>kctQSyBWpNvTzsSGBfdQVTNGAPISrIvTmNIHuOvZUHgcovksXF</element25><element26>COgMOrzJjhYMpTOKBAPrWDqeviOIVsNRfzKpXLdTNKElpnNpeo</element26><element27>aQxKqwhbMuxZIbRJjjAsvtqtYhFOMgClpOAzdcfeCXmSiANUPu</element27><element28>DpLOHawpAWAtnMwrxvyNOsUTtQYEUzINYHhKuTGNVNHZBqCEfK</element28><element29>rMiDWCZCKzfFPvBgtIsCyJPdZPlVWuwqIrgpggpTftfFRdqcTj</element29><element30>kVQWnQKcxDlPejjSWwIIuYKrVVBCeKLmdSRdUjnXkeyeqEfOoN</element30><element31>CbmZeNKEXEVJlpkBCIRkkBJswHGAcNFBlhypuqfJHldUfgGhnU</element31><element32>KlusPUXviTWWTZwEegVyhcFbTPBokmVytkUgDAsURzNIvndfiy</element32><element33>dWeDcQbmrqPdMSLqjpJmkrborXBTXvUBoZqFJfRrxNqxjPwXXQ</element33><element34>tgnkhRblAmZEWWDjbcgoskSaIUyxuIGHCRhOIszqngXuLbLtIQ</element34><element35>zpBZMxxwCimZXqXeSpcBktarBVJTbIArEMFpTBZyrQqcFFkzVb</element35><element36>rKQShHVIEcJftuTKjPPknZIzQxnNAtckpVuXQktsdfNxMmtMmK</element36><element37>pspcueyYIUvKjVEuPelXEmhCTpJVYgBXqtgsOjvkyFNJdLmILB</element37><element38>VAUtgFoVPhMWxyRbGIdlDxQLAyqsJZVluSYyHxOfuCQWHpdDsB</element38><element39>ZokWGVtuUlMGOaEusTduGwXzhqKXxOKfDdrgtUYHqAvdGCtnxd</element39><element40>hKGTzVEZDsfGzMdpZdbBraAhvtjMkEfYZYABCcsPsYtTGgmKHr</element40><element41>BzNbAulTgTVrRmuAfseIfnUtjxCYaywWcabnrbLetsmKiByBYp</element41><element42>cQYXbRaURedStjtmHsieXIIOHbTxxuSyNoRjkeLFLCoIUvURzr</element42><element43>HSfybkCkvbBWtLpVDqjxQVDKvWgpQkVZvBjcHdiJpopJpqfGZL</element43><element44>NIGCbplCzwUsXguXRGSWPTDuVeVIzgrScAHryTaFuJfTSFkMwi</element44><element45>nMiUczYEnXIvlQVcPdYRbWmGmfeyyqtLhGanCzrOyrvIecqnIm</element45><element46>cXbwuNoHfAXqyxrsJVuEAVnUEMMdrurWXOSjhqtkFTgKeHHtUb</element46></root>