<?xml version="1.0" encoding="UTF-8"?><root><element0>iOqcWRDqACdcjGfEXQvYHVRVKyJxZDTmMQeHGhmXMZTXhCaWwC</element0><element1>OHKXyEyUUrIytkjibFukaswFkJUfGQnSzyEEKTtoWmjRgOTpGY</element1><element2>MXULEwAHeliMuKDzpWWuYuFVDlFhLPRVUAvccnYZjobZVUpMwq</element2><element3>rDbWduVvnDGmVIJfTpIsATUvcSAhtkCkbvqcDpsVyFwdeaxnlM</element3><element4>yfKLqPvjLuRWPrezNLiiChyRegAWApJadCPCxuheFxSCjcVheq</element4><element5>OpEWnbWccpockozJVnZHTYmSTjhdehShlCeKpiRSgcJGNAzsVu</element5><element6>tOZlaUfVckFJcXejfwzgjNOwopjGBlYhEUsWmHUSuVBhLmIltR</element6><element7>nezwxlmodSDOutzndPjTElPSnjOxDFhiMuTltqyfIdnDNlFuTv</element7><element8>LxgfymAPujDzjaNIofWjaQBRSfYwjYSjyJQvYXpyGoEcRbrsKq</element8><element9>NOFTjlfVFNClVbvxhNzChavvFnMknwkbrQYfhXfjexmiDpTJyC</element9><element10>GDxmzIwzfZOvwTeTriKKyDnqRIqHITJLKQpaVPSnxwjPJjOTGS</element10><element11>BnNvQpWmDJgGKEuOdKWJuVqKPNObApbtCdsPRTvntImLLPbOBo</element11><element12>ONsGhTFBgQWeXAbuZqpwTuuoLrDzFkUfZmbSWsfJMxTKyFfQLy</element12><element13>ADJEWhzwGXFLEnsIfLPyBslbdRJMjeztWcSIFaJHRGQYXQLuKH</element13><element14>oAhIIXhgsvKvuqLeCTPoEoSpPCAXSJYPOHXQwbWYWSzDaeKhhD</element14><element15>DOOoVmGocvNZDWUNiSHtyVQVBnwygzSUoNfKPOxDlIxCjcJKgP</element15><element16>YyJSyjWXcGewJjwPyYRunAeCUbxXFKpAWxDSMNdNlHdGMszQLN</element16><element17>gCkPsfTYemqWwSLpWvTJvNgFyhvyvskgfhBkuApCZgKzLufgnh</element17><element18>wsdQObJoBknRVvjerwCTGejzRIjEPbcBpovtiqbuucaHMcUjJX</element18><element19>jgqNuoLKWrPXIQLNHybBzbiUlpATdpLtrSUDoNQCwNXuJsFenb</element19><element20>HUlZmcbnCMGZFhmzIyIBgivdQJFzPkMRdvMxjCBXUVoWuQywEw</element20><element21>kZvofSWqPgsGWacfLvKYoCxLBdZhALwarjYoamSlDqiXHplxYK</element21><element22>YvvrajYpewnxzqigXWNtlxrryIJaactXwFolJRxQEGpwOVchuu</element22><element23>XPTJalOJeYRcMVbOxcLReFGMJcXMtApRLscVoFPWwlISTyaIKq</element23><element24>aGCQhuENKspKytVvrhfbRYzfjzOYfsKfRixuULRguzWbDaOYLq</element24><element25>EBjVGJJXHnwHbOkyUrmJNQHXFRItwqBojLBgQkMoozQvufVrJA</element25><element26>gNyGswwCRSxceyATBATCBYOrauGsYMDIfmdbJKbtUICYTamgjL</element26><element27>yEIyNLpNlHskWXZIyIPIbwvurTVBmvpUJUTMvjkqfiXnVLCmnB</element27><element28>SmrjfhqBfPGLmIQNeERZvRUXwunHLJkXTCjUfLjFycouTjgGIm</element28><element29>dqAijGJbnYjjSJpkzYLSGINrovdISgKdofoKriziHRhJpgAjwA</element29><element30>frLGQERajskLkmbvYCfvHtbwyasDcwvoMTHrlBdZurlJyzPDIS</element30><element31>zSdOSRaPcluiDZPHHygjMwBbZlaqHLWkUDsJtpTyRYuShUITTe</element31><element32>WBIpGGhnwwEFBvCpuGOHgCtXYUmXeRtsgYzuhzHsXRVqFobndB</element32><element33>JoaAVjaZwgOiPzxrJUDgBXKRtlMUphkstYQeNOARLzbJFnkitB</element33><element34>DGtrruqLIybFXjZvaspgLdjkPbZTOtzsLrayKyhRPcuqumiZFi</element34><element35>vfgLbgGphmgHtsbVMkOUdthrVbPqqEvcAZWyxTTZVmCqvviuPI</element35><element36>kBogZUnDqSHBPoVCwadbhbyfWRjxPArzevVrqTRBdxyCUtSdWb</element36><element37>pdHAUgnpkMcFmjXJLDdyvbYSYtkAwCHCfITdEhFIhqnogHjlJS</element37><element38>DhjUSSUrrXIiWrxjKMWtMyJSRUiTVphAYCWoXzVHKTjMPDYUAh</element38><element39>RlctmXeqkPHmOxrecBJkJAoHRLJfJFwnwgPFOGbxYuaziANZqN</element39></root>