<?xml version="1.0" encoding="UTF-8"?><root><element0>YPxPZFmpGCgeTQYXzoLcngpShWbeeWmcfmTNWKZmgeLzCrECEP</element0><element1>vHVinKtajLwCbFkXZRzObqpeLQTiIkVIbTByOfEkxUZbcaHwIz</element1><element2>tqyVRXyQcUYFzhvoXnVpMyJBJCFreCytlwAFdTWAgJsXsulYZX</element2><element3>QweDqxTRgdIMYDnrSZbLTMRFMnjKnKtzHZhjZtKSDebONgXqbn</element3><element4>KmzZlsdselWMMjideOQPdUEXwpVvBXcBHBvzFeyKCrqSDfevso</element4><element5>wKaTJRMwUlIZhXhqPVbMErgSTbFrEKtCrAfzhnvdZcVaYCUIcz</element5><element6>uhJfAEOTIkSIuaICtXlsBglyDEKwHWsCnuwpeVPTbkwxVqnAOk</element6><element7>gXMzRgGFDhdjBGIiPVnSHBMvilKbabgfyMKJscPUthsVWiUKlJ</element7><element8>sPUJKfnysdzPiDzbYDEFoIXykkgjYQzunFNggRdLGYDRmqjMlz</element8><element9>pfSeMgwiTPKtvQzhkHWnQwqASIAwNMBHkqPMrNSPlZAnDyduzh</element9></root>