<?xml version="1.0" encoding="UTF-8"?><root><element0>KiXKIPNVRadDVhJFfYPgKCIcHlQviyJXRWddXEECaZMyfAyhFj</element0><element1>LDuEbrAOxpsVQXtMdxcISyGrtBACGsgvXJOUIMcRqjwvojuNFL</element1><element2>ErPiWuZEkXxLkCwmFwyhnNcCrvRjbBLyVzFrAACLicLeRNkLiv</element2><element3>ySDsoBgiDsniJMgAqoqnijvYEXDCBWROEywkWWuvZClVjQSlKA</element3><element4>mTVdlddKxtrtDEzRWOxXTyVzzDphyAhuRSONeMdLaWAFoquhim</element4><element5>RJYgWtSloCfKlUkHhQkXkgUGRVQiwHkYdAlsXkVqBYrQlHvCgq</element5><element6>GoPNEsrBLitSgpOQbOFDuQDeMjtzWFfvNAYZQijhUvZcxPkICJ</element6><element7>jTCCJhnyGPydchvMRKQpwXiiWvKXXaqdJtcXdUgbrhEEFSrioy</element7><element8>cTrSzwOjjyzWuHwHxyJxCGCDFHTWhxneehVczTDongkPItLXTC</element8><element9>AufjzHiQIYNPhTcdfTAVtPmQFQYKWYJxQgGMtKBSEOrYEBBQxj</element9><element10>FUmvQmehHqfwGPcBTdXDSGYqIXTlSECwJamvboELBNtVmhaIDA</element10><element11>TLaaJswczCJecvQTlzlnAjhhFKUNzhzKlJEBvvhnrELfPncuSr</element11><element12>jMIYzkwWqGFGamlCpPxnvHNCbefyYFclwVuiCVLYkByXthOPXo</element12><element13>LbfAEYRRdsnYzpenpoImwPtafMTrXBfINudqeTjsqjumFzuMyH</element13><element14>CRBHgLzkWadahIBJQGKjusjlNFPetBNaSLgSHVYqIMZEnjecrz</element14><element15>doViemeyXXUvHTFeUppTcbQBeeWYRWKjGhZuTNEKSiTRMVAZUM</element15><element16>XgQPDqfTTXifXNyLeyarXXyltVYKvotiCcBBnIsJrEwkLxmHLo</element16><element17>hVKfjBzGaQFMSjnjZUQwiSksIudneiwwQEFHYuBfAmLdrTiHPN</element17><element18>ndWwjPFFaqJQOPHpCgtSEWZGCTLMCWTYDwowTsNbHfPZkkNDIg</element18><element19>vOynoHFtpkiFDMXRVyVghvCvcEvGxXQhyubGEUvBUCBkcgdToL</element19><element20>ofoqGvcGGMbwhQMhDYwRSzpfnGHEjIaIUDdbKvfTORSkgXiHaY</element20><element21>ZseNbSHiTjuFlDRDdYklelrfPmstJaMOVeJqnLRsghIRJSzscz</element21><element22>RXMcOYPtXbGTwhLxXPxkYQdhdfNepebMOYRbJnjfykONDnKEIt</element22><element23>YouFNyVnlPkzzuRKfIArkkGQUoWMfAZsuvWAIoVSYMcNxWxrYX</element23><element24>PesOxrjxeEeZMkPiLYaMHiwpjCUqEtwWOuoQuPQruvRwdXDsXZ</element24><element25>LJZWzqZDqTnglwYXeiszlhtXlxyfRHsivllEHtohJCWhZQLzIl</element25><element26>TcTkMVDnDCRXrKARqAObupGAXkaVrKsXxCLXQPJQuSaimdccAP</element26><element27>jcOpsvwvpepaTfmbugvigJPlNcSRsZYuNyYlJsmKLxzCJZjipL</element27><element28>sjngGfkCTEtkVGJVLOsjyrDJoHibdRxUOsrAUaYcEIOdMaCgqu</element28><element29>dolwyQkXcSlcLNGOcdOnHPtDijxnDjYjobZAGHSWXKKMGiMMUr</element29><element30>VlradpmefrxLwliIwYypzEyGPLgloJtTvtxrVicJQyPtiqnPMK</element30><element31>awoBVELhdxyxyVTrhpLMTmUVLnILNyoAhldpqltqrOStsprILv</element31><element32>veqvIBaOsFTtjftywxVKqJmaCrsxjeqjZUdaNdHumwcNkFxzdx</element32><element33>eTgapjFlpywALRXJxHObOtceXRJbIKzmDOTADrAdfWMPOfmDYa</element33><element34>pDLGabNksCDXapYKhLhoXiCOnOmsAPDORRIzidyDPzkViESNYQ</element34><element35>pnuSBeqQzkGuQKoATNbHBwhwRYSyUFgWYfLuTppKMbjXbeOhzF</element35><element36>NAyjNDPkrOetneEcXWbmYttDzNsJomrSadKMuJBlFDGsRduTVb</element36><element37>oPuWhsDVklZGpgpjtzijezNTbGmKRisqPKaKUEagsTNVlivptQ</element37><element38>yqmvRmNcsjdXwXMzijwbbUqYKRYFsZNuAyZkIPWzieZsLQQanR</element38><element39>ruzPECCExHbAQGDOHujWOgeNUZzQtdPaMplLewpDrtMYcscMBX</element39><element40>ErsCimcsicWSHFGropPCotAKEwBgfHkfrtrVbhOtKxjvOgCIqF</element40><element41>VSHNKPUwFGyquALGEopIeWFdwgvIzorHmmkhNZqwzndnwrXHro</element41><element42>pNgXiThqmHfNqmBdAhJecKhnTDsEyqnPRhmlBSSSDWKKakCxIy</element42><element43>ircYUICbtNTxWEUBvXATQuTmLdzVjJskszINrnuqCngJiRlMlt</element43><element44>muxGQfAGfBxSOnmmGkfUQcNzZqQWhBvZrepcbMwOTuqOHafwZZ</element44><element45>MQItuRhcSVevsPojqYlaSLhgSuDIRQAuejaftdVgGrfkHocqbx</element45><element46>ZSFWJtIKUDbpvZLejAYvUngBPwtblKUHGlytJVAFbhcEuMEaUP</element46></root>