<?xml version="1.0" encoding="UTF-8"?><root><element0>DnidluzhnMIOYMzytnOtsZPnABVJUQOybyfJwvFbjnYuJraFmn</element0><element1>MJsvvKaTGPTwHCeizxhofXXZJGejtvIOFGrSsIZxHIKlKIyxIr</element1><element2>aBSMXdRZHNlgdgWTNJbvSBcUPcrgTnixaxgjMdnjlGhbLHOjJL</element2><element3>YxAgzoiDRwStBBGJlQCiHmLnisjvzQfvznqTCJFwOlYHWqoDET</element3><element4>EgNrPpeavwtqkFCIzVqtrmBMulbwFwgwaipefIfrHiHkFJUHlT</element4><element5>FIhvRYbgWrhPKzZBzclBKEGRJTGPAUspboctrPIzbeYEccQZwG</element5><element6>gvUSRxgHWEbhVNlxCdXtoaMzFluSEPMXCeaHifOLlZHFicYLmW</element6><element7>NDsBdpMyEPFCBZaWlInIfufDEdeBZpdBCwVApHMbvDotuchtOz</element7><element8>LreZFgObghAhwOQbXzpvISnldlfNHAwBjUEhFSikiBWAJfSJHA</element8><element9>TfLwvzKEDmtaNZlNMhCdvMwMUTGOnhkqWNPxkIkkmhWqbKKCka</element9><element10>JWchgcHFfKvzZLojSZPeawtcPjMgiTaRWWtEOpzNomOTvmbkGA</element10><element11>JYCZhgbJKUhFgNfAYnXFhzflZEuLxWhvHzVTAbmFSLxnoVzSHH</element11><element12>TYvarQNACjcRzjjrPxYfseXKPQloexeIjNqBuVJLGoTkqsETnW</element12><element13>gkhDMgyJyXKNFoZOawMLaGrPAbfXiJUPpmlmkRVUdLhOSRrtyD</element13><element14>XfkwchLgTEImKaokZGnZeGpuzdDOAURsqqriMjQyihSXeHJabb</element14><element15>AtVVqDtXVCcoLsTKfPGzYzGKxabDXHcvIAoaTAHAkIjwkJVxqW</element15><element16>FKRBTvWgFEeAsXiPDBiCzdReITsXHonYWMnZnPzmQfSsheSNTw</element16></root>