<?xml version="1.0" encoding="UTF-8"?><root><element0>HfjXeRmGlfkYBbkBoCNCESLTcjXaIFtYJkAGIrOHOvkfnCBAuD</element0><element1>VvuoNjfDOGuRxDdwMbboNoppXkmnibZsMjLUIqNNpweniYXwFk</element1><element2>ETEIFWRivSwWCXnVIrHBxdRjZDFtgJLqtLVhaukNRYtZjbTZZV</element2><element3>WNGVEWeYfBQdrPOAgTmEsWcGKweCLeQjQsINxxUnxnHiReBbyH</element3><element4>uOKIHcgZINQkUWjyPOCyOeigxhCJqyQcMvUyvWTOuSDHtKhHJq</element4><element5>jsnzXBUOuHihBNzxPZZXPuMnwCPcIWEoTkeAZDmfegCZxzlbVr</element5><element6>MLYypvAsxEGBjzBmNvYSCBJHpEVPymiFTGWXPGUILpYTsgQcPd</element6><element7>jpcQdYYytErBvvQEuAzhsagQhpbZtgBAJJAiBhhpXurdGHAMGn</element7><element8>EzbamNMWhGjnITjxgiyrgNyFZxTVLSVjDmFSPmxOTaWWGRwheN</element8><element9>VXfCkkBaeCauquQCNYKBTRRAMytpYsenDLVgGXTHcnKCOcHojH</element9><element10>wzdzCNsVVGRUEdLLewnEJROCBzaGqdubdKontkkzFCasJsiosI</element10><element11>WklbzEOAzDRedwPTaoOMOjfVSUmhmbrELHNurjmNbJyRdOtzfQ</element11><element12>ZfRmTFrWACPtEzxDSjaOPvWEBwFZpeOAQgexfktmzqjnZYutdB</element12><element13>mioDvtUIuDJyottfjKJQRFBOQLAJfOXJTjCQDVEUUWxDUhLdwh</element13><element14>jKXYPxMpwhCsIpNCLnFVvEvnnCjQIAOmAgmmayTZjLjFmafLzu</element14><element15>ithxyGxmktjXSgQXnqcTpwXJgloylhJXTHADdSVSaRKYAQlhZE</element15><element16>QPlLSvoqtkLrtllgeDnTWtgnAXxtDaAacXiwkDGhYGZqvDpvUi</element16><element17>NYMwteKQhcpAHVpXpbaVyqORSGHsMmoGUDWkyMTlWZcvDfQYua</element17><element18>zbyIPBoMIopJBOypNaJbOHRwJgpWYOxJJgUmYAjdVjvcdLVnPk</element18><element19>xAqWFXCQDqTkoPNAgiyANGdtztPNAltOtgKmdMbiyxiXnUunWF</element19></root>