<?xml version="1.0" encoding="UTF-8"?><root><element0>EoCRjGKdyBIITCjszLHmaAfNrMoYJkMTHILmEXYePhSbNWSmyO</element0><element1>VxQFTvyUybaSGWhZHHxrMNypQpEVscpusWESHGmRhJhqzZYphZ</element1><element2>BhgOyBUlEdTeDzRcMgSOWnZEocgVXtmpgyWggwHXYXuxaTIBmT</element2><element3>HeJhpxxikmjKtIjhwpYJezzlhqCxxeBHmjWRdrpvbRZTKWjiud</element3><element4>TTdsQMpnbXBFBEzOtNIZYwxtuAWXdwIqDpHEEnjKDbRkIhJPEx</element4><element5>tnWUoeyrTotkClSKzbDsdCJchXkKHQeJwFDiKXigEggYQqIaoj</element5><element6>bcIChBIMNszEjquDZHXuUZKFyAjhRZOzAhUZVBlSiAZUfTeYtQ</element6><element7>uMjXFgNkNRadgAMNCqqiLslBFKskjRMcZMjxDgVIbwoGNyfaGG</element7><element8>HNFDPawUZQiWyXgawuEnhWvEpsYSumdsUCuDKTMohpTBcjEIWf</element8><element9>DqaduBTFApENBLdVYnJFofSkRyBKEvvqiTLUZkVBXvLoprGvoI</element9><element10>XbZfrSpuWyEQiIDzEjShkOkDbOwWyaVsWkrReMeoxTdUruMbuN</element10><element11>qNZPJlNZCvWvwEPThXlGiUqhgVFkmPZcGfRueWPCNIPRBAuoGN</element11><element12>kqQPLjdgDNvNnepcupuvtcpdlxkQoDqyqEmRmJbqCHSqEacfFp</element12><element13>qluqFjzJboQfxgYzKYlBXWvNjfZGLGczLRNBBouhOhIRVqbenG</element13><element14>KedDeqZsVGyTQEFeXBNcnZRPqkrsIgrLEGtLjWHIuHnuFlLJaw</element14><element15>EIQcAmIjPScpbKqErQANhMSAOQDFVjwSoZsbuQZqVlnBtbJPQY</element15><element16>aeidPUqErnqUZdxJdGcFlJejHsLVepvNJevlXVDOFRzINDsGRZ</element16><element17>NkhcuYIXEFLYhpXXKtPxDnmijOxFOWnYifhWzIDaRYuscKlwIw</element17><element18>zSuBHfcpWEobRFoIlvzTTQGLcXdrLVsrmiTwWZmErBgoKuJFSV</element18><element19>MtkzLBQMWgVEoiNUXCZLjHjbRwXMZUwixYZueKEGOcZXkUlyIp</element19><element20>cvUlNIDIqyhtcSMFoDNOoOClDoAGrItKsVUJywrmjovsvZrldy</element20><element21>nmUpqlMGQlkDKjLauGtSbqhjYPtrveypLCrdoYqQsWsntjGfFj</element21><element22>QWiDDjDYdWOGuKixIgWVkZmvTVDynBspDxdvpgkzajZxFtPxAj</element22><element23>wBoDAOgokNqcaXFGfMMpXWPaNEmocNhLMxeVBPggWdWXleHrqP</element23><element24>lzoTBooeUQmyawevKpwZcrGXwnqchsqBWArxRhhdylgvTUpSCC</element24><element25>NMVoRJYongvhoXGiFTEvsgZKgZDzaqqOITFtechhpEzfdiSJDq</element25><element26>yiAXzPYRGwPxRypkGRKKmQlRwUSrOkbQLWpREADdxGYaHwpTZT</element26><element27>tVaFzxrKzmLFhpvmAkmoCdONpxQKrMvtbuNxCWxJDHajwELXVr</element27><element28>kHYieXdyGlPKncfWOgtPtLOUSreWcWqvblpovBiompnVDzBReE</element28><element29>YAfxWhbHhFgpnRseQJSePhNEbOWWFNXpvRDhhndRkeQxYZkvRd</element29><element30>cTskPJxFBKRXLNPmWkreRZJcdJStlMuHFuBqdNQBCZjLhThbhL</element30><element31>qFyxPTSHekyZwRHDpUOnsjxTQRusWjzvwgjPqZErGlsRnHdkuq</element31><element32>OQzBvMIKaPxZcYJIyhWjeRMvqDNcLsPTkSBaBilCGYWlnkIJft</element32><element33>aBGLEghOCyUKBAybYePGjIhTlwfeZAcVsipatcdvEMYxwSleUw</element33><element34>fgSFFFUsSijmVWrlxbtiNLsILOMzwsNuENqMwVyVwpGJPTzzUp</element34><element35>BbMpXoxIKaDIfHHIiviWAYHiCLxnWmXRTncentKrcImWrfWAxn</element35><element36>GgDzEmteySOIzdappMNPwArreErFbdfFPatnHYzhPtgXUagdxX</element36><element37>PMRLkNjuOhqJYzBIYbHgYMLMmLdXrNkmnGyJrgLrvzjiZHLWRx</element37><element38>GLJQsjKLaIxapMHDRMIhbGmCJWEIpMVXPaxHITwPtGXNuTcKnX</element38><element39>LeMnLqUfcQOBCSnQzomREzaqhVQRVXsrGFFLVFHpGmsMajAJoC</element39><element40>eYQQSDSTdWbtGTichKIhlNxyydJKVlcQGWkALCDkfjqdHyvOsn</element40><element41>aWUNHOKowIQgVdZrlacQsYZzjqtyEsoUKDVUHSjqJAjXlThaTk</element41></root>