<?xml version="1.0" encoding="UTF-8"?><root><element0>WxWbqfvYetmCfSEScgocezbixRdOoxZlBzlKnFANXzhFOsbBnZ</element0><element1>psOwYGFbOsaqhqZoXpJajaWIzokHMZbWMwoDYLgYoluyfWDYbr</element1><element2>GOSAWmAfCvzkfkYRyXxtKJOQhaoLupSmYrYzgxLApvtqmJQeVX</element2><element3>nMRLqWnlwGxbxTSlqJSzkwRalkzgANMQBocAxjIGipiCSyetkP</element3><element4>WGdJYXXfZFpxetZozXBbfAiJwMWzfdVleqSvdGCiaLAHDcBTCq</element4><element5>tEWXblDEYKnCXdpiymwXzDyAbsHXRFigcWmmGzEMWWdQKFrbIx</element5><element6>YVVSuKaYNaTXJrTgqozYZHlysXaRpLlDbuVqbPnXnDSWfGZMFh</element6><element7>wPpGMqOmWDgSmDlpFpmJIvwWwHEviRIYpcMFAYzEcrYadUHWVO</element7><element8>UliIdfAqIYBaGJhJJdNeDnXVrbXWstPSLOuLBrVKnhzZUphoDv</element8><element9>OFMEaEnoXNeodpomInVvPbMweTNukhuZLCdiJimaeyvsdVylBV</element9><element10>qTiXhqYIubhocLjHQQsvoHXbqXDBcZwWEJtMNncJOxAXtQfLdo</element10><element11>lMcVJOnUpZoliXIocJUPqmTfeGAVfWMaHassbvCdiDYHkbXeQk</element11><element12>MHoazxhezLEHmdyDcUSxECxugGNoHKHMEKUQHihynJMYCcXZBu</element12><element13>EwSYsHIyfbztqVJXCoCixxpsOwLbFKyxyuMNLSLPvvXrNQXgjR</element13><element14>fonNSaPAZsTxhhQhXPCHwKyaGUIIxemcnDhtvqcMImxHoJgvnp</element14><element15>wnJkoFVNnplTWWzzBdUrclDKrvwOehnbCXlKgXAXdNozEewjYI</element15><element16>bVVWgwpVgPuvadjeNukkMBqCTHsSiQrscDQhzlswQKHSGCxZqM</element16><element17>tdczfoASOTpjpcMwFKOksDryQRXOIFxtsAzeHMOOhBypXNsZWo</element17><element18>kfDxpjwFewGpCNKZmgpPztTxScZIAmyWfNhDuSPMxzeycqHmTY</element18><element19>XIQakwjpHPacJsLHzOhGdevvMrwtdpXanFHgWigOpajgMaXKTK</element19><element20>FGtoKbzXTdFWbwyaNNqrfPpzYfNXKrjoQArzHfeRdUHjdeEAph</element20><element21>ZEEpTCnGeNTnIMSzVRpLVMecRjZdUtJFLlFKgNYyWOKlrlwwYu</element21><element22>gKOYqIbzlRMtvUgcWRSOLVUPzXDQCTyGhPCAQCAAZfnZcMCoxT</element22><element23>MEcbgoeIrpZWjTYJnCJkUNxHFBkEsTPFJjXusznUWgGxADOuml</element23><element24>BwzfZDXbMvonfvMRWBjsibAcQbADxLIGvIJMuYOlyPeFlitsHp</element24><element25>NqlYmYldYZWoodtizcHqmaCiyiVmfvZsRSCnYguPpWVLAYunlQ</element25><element26>TUUzRpKJsOuIhZWTyDVDJLDkeReVegEoxxNBaAtwaCGjuDiWsp</element26><element27>qjTeRsgKNuXOlBeULhyCqZXAntIEmlzAiiiqCzGdamDtrWsyUV</element27><element28>GPCVLIRQwsMGkNIraYumNEKueloRzFxXNQYiuHuupDrdFdnaHE</element28><element29>UUkwNDjDQVxSmHhxOhFodGMmZVJlrNWsceVBbizEgTlgUfelPB</element29><element30>NLpnkzPZeccyZYTbpALYfLssVcGRzoehvkwpJbnNIXroOXIowi</element30><element31>poFBtxYOqGbqkkULuoPhhgLTpiVdrjjZQSDuhzDBqpYhnRkOIH</element31><element32>lHsOjYEaXXiOESHBqMDoeVoNAZuGMvXOapEMmiJKGvadiUOJLY</element32><element33>bQOfosmwJlAzWwAEMYCEyzMaUbqGBVNiwbRjWGoDTvuGBGTzbE</element33><element34>ZFVmEUZsUGuAqEFpbckwylyReiBQHOfQPROdNroqqcAnZcYxYj</element34><element35>slpThyRPdijRGYMcBlJtbKTzGcfNIuilGYuZMtevjjbgeuZIjw</element35><element36>UirbIClJcvTexSowMpAZSBlTIgdlROGHlNNCyZOKsQxEeENetr</element36><element37>elGQXcReheJMyVkrPxrRmOvOlppHLkjpkCkbQIZadrsdLtgmcY</element37><element38>lUmtwZZcWmhzXOkuTCyHfpIGzCYkAtpWjKLfwuzAjsFAXJVdiO</element38><element39>LWhaevCnfjEbAMLYddIxjHTmwPsZswCrIbZoKUPRTzFpplgbDN</element39><element40>NkasBktUgAXQnjvBWSbALEEvXiAZcUQJVUlMAYBJbkATNfSZXS</element40></root>