<?xml version="1.0" encoding="UTF-8"?><root><element0>WtHLkGITeJyITuqGAhgvvLrGkPYWTFoiPMYytkeDgstdYokwOK</element0><element1>tAqioeRTXLxeARcQayaJTcJULMYdSwfuToRFyJKJTxzikaYkzI</element1><element2>jDzVOYwasJvFXzzzwDVeBumbjfDwqNlqBqQqneDgnpVLllGaho</element2><element3>QQCecIspxjYWwdsBKbfBczTifsZdAlUlgjrjfQyFzseDMPVlWO</element3><element4>qdWoZwcxTXZHgfyQaJGcvxlzqBYEtuKRcJoYsdiuMPTVxtDRop</element4><element5>yDjCZLPlXWRZJUGRUMcFMzJqqcMDfzwxVMKTtzrlSriOJcUDpk</element5><element6>FNZGWWyAlTYWrZFIkbvgXJnzfRNSnMBmYmUtNILchKnwKWnwIf</element6><element7>ibVezWCFyMsZfkdCjMMmvTlXZNiuVJWAQBEJgARSLrBXCjAFFZ</element7><element8>QanMXCnmanBOMbPVwCDFTJXnWOsBDUbzgnHEYGzWuOxhFAPvpN</element8><element9>RxrMhaEpFWrSLNqiurHzzmOAzHoMSxwQBEKdnUwUhNGhWrMQzA</element9><element10>mdZQgvCaEUOcRdORPQgHlGlBHuIMYSMcTBPbfcTwxKNKdtybdR</element10><element11>rcQkIcSTjLnstskngmzzyfnTINOdREPZQwGdNsHwqDvPvIFFrr</element11><element12>RNgzasdWafMGNBkTqBkcNxugdTONezQNHxdVzAvLOIsMSvJugo</element12><element13>hTKBPJmchEAJhpyjgFMrEapaBmuSROCnnpJMMxNpgdfpLTXyvL</element13><element14>AfgXvfpOcRiVguxgIUhmeqjAXwaLPLCVkdGNpQNDeJuZCOcWXM</element14><element15>ohckwzrUvEsgLvowwlPytcQjMXfbamOhxjZuLQXYJATlrLMjqS</element15><element16>BKKiCWgXsquiJLHGHIMCtcfUjLwbGbBqduwSgOJHuCwhAyJMqM</element16></root>