<?xml version="1.0" encoding="UTF-8"?><root><element0>slGVoGUFbfTLCUvJEDhqhUIIsOVIMwdsitDhPgrOqDXBwyVcua</element0><element1>zJQclIuwKlrEIRkkDGHRHwsNPDYeWpLzIQtnNyEqpzcGtSdXeR</element1><element2>tfjXqIoTAFTsrEkRnbTqenrJzRkfJODxenYymZWbQJqoMilhoy</element2><element3>oeDdnTJxZAPAAHNaqffAQVwgtiqbpXjsRvLUnJCaQjLImXAaps</element3><element4>uhvnkhiegDIQmPmWixjRdHPUIprsLOUXoxyBdCaJfGoDdsWnDq</element4><element5>ottYuWwEbFgwxNazyQuothoMsJfaXInAXmcpqNIhqksAPjvgAL</element5><element6>GUpiHkSLtAiPapMjrMQvNpkcadASXtHqbYhhLKUoZMNRhWMnYL</element6><element7>LBDqOZiPLzomwrcSmvyyNnvPGWKMuMTJYKOvdxZezWKjNGVVaD</element7><element8>BRBMRBcCweopTvoZQjhraOEOGVCROzXSQKOHrjaaSSkKDrznaq</element8><element9>guPfsBkHkzKDAKyCYXFFQdtSnjOXSpEquLhlZraCDliuoRqpaS</element9><element10>flvqOyIqEobtmmAzbVTmVFjWsqNDKxmgRcTHsySxjKVBGRpFHX</element10><element11>RMmjuztPIsfiNqaVOFLhOKOAuVlZuFkuTLDkwDkJnwWoEaixjm</element11><element12>hXWzfAqVtxqaOhOzISaXacxBlocPoqDQmSqkURrrxUpBEIXwwt</element12><element13>MRSyEZuZuJzilBIpxKUbxRSlTRCUTtZEyjuuMHZgdpgbjfrfGe</element13><element14>bxeOewANzUsLGSSnlwVKNAdbcIzWiZVmLVHDmaXkbPKOFWExAb</element14><element15>wJMApzwWEtTkDtanSZsbiTNAaDdxEtoEJooODveebOXvwsWcAd</element15><element16>raDeORbLnmKEECOkajEkMvpxOepCkfvrbaQNpUpGSXwTmWgxqe</element16><element17>LPRVCJUtRlEwcUTcsJUGunEXMozcNknOkSUAITtEGDyGICRaVY</element17><element18>CZipOUCgYvzSsoJPoquakmbkAVpphvZGdpnSpsXtOPfIgLaJdn</element18><element19>WtsNVJQBWYqtosOEOmNCGyicrXBFDATuAaOzZUatPXRTomZvPa</element19><element20>iPDjYSRgOgqcgtodywQaTSQRMpkZintKUjfsOKGidjXlxbqZdn</element20><element21>MIRZdZIHtstOZzfCcNDByoRSeMKrqITRraPcTtjUmZWFibqmih</element21><element22>DbMraBfAZLZYkaIPImTZQISupBkmHLcjmJvoISRGLHJGGPGvdf</element22><element23>RdTqamGrKzTOzoSjyCxKKeqXZwcjJUoFBwUeIvbbcVLTtlvHkF</element23><element24>bcclXQioyVBNzZMOblSQNQfSNNSIBnSCcoonjwWvrzByqyCaFg</element24><element25>iTdvyyeNYPUPozkulFcnmeskGjmKVMwOlsfTkeycrnybwaANcK</element25><element26>iyWFabmPoLZkFiKVyuYqXurRqdnVrQOlgPRAkEuBihzZxYmCwI</element26><element27>snydcEkzwQnVxSDJmgUkaeWklnmDlvEoIecFzNIgwuKiigoPzl</element27><element28>bqUNMvbzNddOxegjKSwRccUoivFoCvOIrmQSibieHFNZSyYgCP</element28><element29>YYujknSdqAFdSwLiAEDySoqVBotVejTTstXUyfCQQsHFDrssXn</element29><element30>noYVhKCVNDENHpxepbJQryawjBgpcXAiMQflVOaPnSYLlwOgzL</element30><element31>CpyKWyTskXvZyrNAZwXFLeKPLEpxFbTntoMwdJXcIGZhyANsXQ</element31><element32>QaKQdCbmiJqiheKtXblVAxZTOmdaSumvHRQFTXZYnbyssIgjVf</element32><element33>ropUcrFCbimhiZYoYiVdWNupovKURBvYmglfkyMtHWVWmoLnbp</element33><element34>NQxUeaEOlLgpDDsnSmQSJKqeBhddvFIazmcamKpFksStHmAQjs</element34><element35>jerQFuxMacQkHlJMxdCydIvtNhXmtPSnnIuaKpGELsGhwsFspg</element35><element36>hIpMPQsZzFgZsKMVxjipGKpUSUcfoKhYJJvMzawYdkasjgprDp</element36><element37>ySjgUzLVppVHqRrQzEtPYBMrJqnsmddBpmshRovCgdNbxrShLH</element37><element38>zKtyisjEnYBRgzRxpnFwjDjxQShiSHAfxNwUrndwPAQHXpSEfB</element38><element39>PDmywbfwTUlVssgNqaPgdxWWLnQYEyXUNMIGbqfrTQLcXlntdt</element39><element40>cpICkTRBvsVvQqrzmzrWONZBqBMGUhUWyYIhXHPLvXIRhzdUpk</element40><element41>qTuaWAGVgyldHOSqgJaVqWjlOzqRekwapuFHufqvprZlCyZjAo</element41></root>