<?xml version="1.0" encoding="UTF-8"?><root><element0>LteMCwfvXsEgvNSYYGyKdKLJpqZczQTmBvGiMifjGrnXkxEnYX</element0><element1>OuhTggYctWDemskUgHlkqgariieXAmUPjTgFBEnbPdGwicxjvw</element1><element2>FGLKJlRNrLqCkCsxZCbFiMiPFztvZniilutOMBanbwQvoLGuCX</element2><element3>NiHTZQVGMGzzQJkmracSifmcHAeDHXFFvMswfNMmltBvNmOLfI</element3><element4>BsoSjgcxalihbhVnrfLDRAxCcVVZshwgrsZrlEwIZPZWajGBmd</element4><element5>zZJxKlVnEEqjliVlWrndrTmRMvdnpnZvUDYZvgVJPgvgnVFFFJ</element5><element6>NkRmpyRaeIPbVyIwLqHcbCEfmRliwuyGBwOHKsJjJgxjAwvsSA</element6><element7>APxFnNZXuFjuuCsBrbsMtuOiOWbtWVNaDfTHWGHKgUToZJoMLP</element7><element8>LCjiZdSFTuXzYKzLIosWHakVrzMstdEJyMnIofwOvQvRyXUcUS</element8><element9>ZpLxMoxLHkomnGCXGZlKYoJojHuBftwaNQDDDcDbNLEPnUiJsz</element9><element10>fVWTvBCZwLTuHEAMQGtpTdoEmEkDHdMHowYRZrRqzdqjBbJIyE</element10></root>