<?xml version="1.0" encoding="UTF-8"?><root><element0>EGeEUwLRIPYrlvMEydgkMuIweVEYEjkYswMqubcVOstHNdarTj</element0><element1>ooKiwjyrLFgvnAZkzUnpjrtloLrBMvyegmMZJLVqtSRPgzZdiu</element1><element2>ywzfJKsALKjiGWhXBUEtTyOmoNFYpbLHofBWdHpFOHGXSRlPmP</element2><element3>rdngrVbBGugUMyXtvZrrSeUbvqNyRYzWpOHTKGfoljItxWoQVm</element3><element4>kcyGBpgTrYZoupqzKtNMFXugxBuEUDvKxAGbeBlePEwnzvyzUJ</element4><element5>xnRYcYNTTVrOXxEpIQVujVsAMREZsDftDhveXKcoizbZdZzRoZ</element5><element6>ZbjuwdkOgKrDMKFkZEBtWxHlARDSeTaZyKHNSTDIHGLWyowxLp</element6><element7>PwQxoXDBjVFypRITxCLCOybeFZaHvqGXaHnoOFxVMfSRewTNyQ</element7><element8>GuITFdNoieuXoUeGuPDgwsjnBDEXYyKonYfDqpQSNwXOIuwMuS</element8><element9>nFJnEgdxIMwEVQJvKKbRbALdiIotdQbPxYZhXBhMWMKkxUQwdl</element9><element10>xdlNAIxgOKxwgmutEMQBJBLpirukpKDhtLoyEbUhDqXSwtpxoV</element10><element11>zLvOLkAjQNjettYAmCpAoYhLSULbMTJIvrQdNshPkTIajrHMch</element11><element12>GCNoAJQmTLpXyMQVWnPBYkShCriRPotYuBVHhVVfBPvLmPYAPX</element12><element13>xsoRvByRrZYKxyfytBIpZVufemnmzcyJKfbtjtwgPztxCGgWtt</element13><element14>pXfPoGHvGOYVVJWnMNpaHItYFJkhSqLslotUjZisKqoXIvvIwo</element14><element15>sVasqQfLguglHvZMDdxtWhGGxfezMOyiUgiUGCAURNlAdUonaI</element15><element16>MQOokPlmMUEHGeUkrJzrEkWKtmirjynWxWOjUqPgYQzgRYauCg</element16><element17>ffuTmWFhiazsFiGECIktLfBsVYVlrAzKBGLzagLgRVnWhvvgIh</element17><element18>AfrVxBsbCkpKHeddesxasHotvALegMDaxwpwOjlaqEsEnvTVrI</element18><element19>XZQSrsxwrldMweeibCXcbkxsJzHSlDAbJRNuIPReCZkloAIjin</element19><element20>CvbOcWhvKFuaTsWAURkWZEFuUNFZNldzRwOrMFydaEfiqBgOUZ</element20><element21>BhqfkCaUvrgRqtaMznTFgXwvuVVdMjAkOTbJWZqzPwQWfyZyMt</element21><element22>UASZLHZPjXxOBsBScpUPPnmrALZRPtykXYsFGWZCzeLcrfOsbB</element22><element23>PhmZcPtjDNhHuytssAgpiNmNqPlezUMpDXmzlshOOExYQbRBFF</element23><element24>lZIQlbUIMackfxVPoHEedKIpojFuaDtVeXSYXZZEHVPpQrupgV</element24><element25>MgrbfxuVYmwZenYsozDpJGtRWOiNCyITUXXAEmTawaeWysPTtV</element25><element26>BXbjkpHwqBpkUwmScCawKmHALaJCUFcCZIAWtncrwOLVRflgOw</element26><element27>lrOUPThUGZprsnYNIWllXEuAVWBdCtYPjrkyqifwttzrqIenrC</element27><element28>qOKYTWqHxVcbJyVnjooRFDTitDlnqZuXgAHiUVuDFahgwLlwzc</element28><element29>FflWABzjMnIGltaRKhVTxKlkRCdiNeouwESusjkuOcZiCNeyXY</element29><element30>CTtgsBQpCyRBxvhudnWTKozzdwWhJFHDisPUUqeHBHEmhTLSWP</element30><element31>DjPjoSrRIhznnTMDEhoOtjCbjcggSqMIMBuukrWfrIFIUGKBTd</element31><element32>dpxaSIPbbxodDcHzYCnGqICAVokUVUBrxmLolBmGgsVnFjxKaF</element32><element33>XgNAOVIXzPevNMEPceJNlAQZVRfokBahRgaIXUDNMzimIEmmcz</element33><element34>OuqOaXbUiijebFKJJBkBfQHovjwLCQNIMNzBnkGJIEgfTmUCUD</element34></root>