<?xml version="1.0" encoding="UTF-8"?><root><element0>SdkhLGPIoYQgOtwFKoRTbaMTacMxCHTenNAuRagZFCcOJRQpnv</element0><element1>OrsXaGbwCTKjGTWlJaaNyCloyAQjAvEifBUMhdXZczZhsEpIPP</element1><element2>rizksbMWoGnJPFGcbrftLKZpPbQIxcqDPwVwbzYdbvpLciDtLf</element2><element3>uTHlDdggHrCRpvgsYOdsawFRhjjDlNHSKcEyaFCbSmAchtOUtr</element3><element4>DAdANzzhIZRlkYpfavwMCDStStHkotGhtDLnwzhfRaFFRONHZq</element4><element5>yGXyaAqDzzJuScnwxVHmtxLyvEZhMjyTrGfpUTTdfRlzejzpJv</element5><element6>DSbPfzTrabaEOBlWEywZhUMSPDFWNcOoLXbAzCseAXEjezWnSn</element6><element7>PscioyiHCZOaVuoQBIzkdDPzeQTNcERTOwPJSOgTPbIMHOsfVS</element7><element8>MphpNnMXZMKzDfbfFPMfZyjDvMPFoXjOLGuNdMezninfzyEHDD</element8><element9>ynXLbMdshTkamzllSxfdgBbnFjfPmrvfkkBGShXrYnNYhkHgBR</element9><element10>DPIhrpyGkvFRrJDMZypnJPzxyMtsPSrPzmKfFdcyZsPNgxOZQx</element10><element11>UsdPWLtOOxaawXLDEWUMFFERcAlFovxAqGeVuBlerJRVOjxbrz</element11><element12>wiKqiaDJKkcRIsQBBOoGvfajNkDYiBsaeRpxIRtVSiroGnUKue</element12><element13>vACxndeqRSZbpGylFjnbDlRkTAhaQfORgUwUMpnktIPjHqJvyG</element13><element14>hqdYDvoinyfdhvjbPBukTGKArBSRDWbsODUIGDmGhTFsNvkfZl</element14><element15>wnsmnxumFDrSQbNWrFismPhOmbGDPltuhgGqWTApWwxgMgKTfq</element15><element16>JgSRovwLKGgaBGzEjPaguvUjdfAbiZHhIoFsIvGSFoxGZJSVdK</element16><element17>bcsMazoWcvChLVqVatAkJUCgJaRGEqJhARrGsGnNcVifHDwIWx</element17><element18>AXwVFzeAbrlKpcFOLsXnCHebYgIuouClhMHFXcsLkjwRRhgeKL</element18><element19>DOkwpPAxtOglEiDJJUVLHnurnIUxYBozTgUwUufAdmQNtjmRDC</element19><element20>bsJhSPkZcVNPlyzmWYzIcoYHAtJEpnNYKUeDxRNdTjLQdpMdWM</element20><element21>RLYIBqjIDLqugxdFhoMwngyreERCNLdgYzVtQMzvfnvvQfBslM</element21><element22>QPLtLqFFHpQTvDnhJiQuFBgokHZnUQDYZiEgJmMigQxcNOXGes</element22><element23>tIpukAJYaQgFgQLdLTJwkOlRfXTFIDnsSMLzYVdnypMWjARHOT</element23><element24>PGwagEUHtdhtdKXQedoIhpzkiBCgVExpARxlfqEmTdSwBVctih</element24><element25>fXojqyjvvjfFwKjnzlkolATLClBkZnZpIPaBdjrVabRQAoSoPI</element25><element26>sDObhWQalFgOwEFMyUMRUnTDiYBVlKsepUJRNeFdqFmgLGBAjp</element26><element27>rcuTrtIyjTMeRtFEXCoAziuLMgUTStvsKMuewhTZIXCJFGOHbs</element27><element28>HVIKpAdVqkNBgqbKwoIMFJVrrIfswRpVRNMTtFUhpxvFZxDMHj</element28><element29>CuaUtGhhBSGogsgDqoeDYWsAzpwVTnciwUeSdjaucnooppDtvr</element29><element30>cVnURnWdSpnVpadosDDbFFkjLUtZOCwNDqotOMQVikbAvpIdaQ</element30><element31>YHRoGTFpOSwLXCHvCKeOCJNTAVwbyVPXnoZwBrGILPtzGOLEjj</element31><element32>tXUYuQCLhPDiOwFPjxNZHmcJQEKOrGyQOradpsbTAQLRuErNEW</element32><element33>gqKFNNWARxDhSkdQyPfyBaqYgOmUEwzjiRNZOpNTXTxuVfptgd</element33><element34>uazTiNpVAPpzaXWnUAuGZWHNCCkTMvFpwaKYxDuUzMJbxbeQFl</element34><element35>xxadFnCdtSoDYwtBXPuNbIdKYOXTApbjTpiitYxbyZUQLHhpSQ</element35><element36>vrdATWahFcvmGoEHoXuQmmEuGhyCMDTynAFfqthoUoyiyeYXPq</element36><element37>thkTCYoIxGNaTfmFDYuYmDyKlzLHHOBrNpxvYwRiVWasNffVhR</element37><element38>SRQfwsBDdYjoHiGrIBTjrPGRekhCcLkkdAqTBNopluAihMfoVp</element38><element39>TaIBwCOPWOwsCuLarPrmQwPGQpdEgefJTbggXVEomlyPVaLXwY</element39><element40>BaVosgbeoMIjbUfJcUwbAJCRpHunrnIDTeRWcUcaBWLlWwpKPO</element40><element41>OnfmAoKIiQEuRIUUotauwFpoxVFSxWaZWpXefjWZEAWGMnFjke</element41><element42>WuEQCFmSqNerexyaIHXpgmXJrkGHffBrfJTMLGpLOmhvtsXuGh</element42><element43>cnHvyopTUXLsIjkEpSryMtPmZRFECcnPRVOmsxfeNaoSvwWTxQ</element43></root>