<?xml version="1.0" encoding="UTF-8"?><root><element0>QoMbdXegJlzBqwViTkyOIerLmyUFUvcdByziIvzCgEmbydYHQG</element0><element1>pOQlsRKZLrBChnIjcPoIluQZexQSnkXypzfwsNwRdRBaFacEZP</element1><element2>jiAmczuobUFZLfrqNkvpcSqCXccnfTHqcgqtYTmXyDHqwHOwFk</element2><element3>ptJTMkgUndBfXryxGdHxLvIFeoJZoWElZUqBBkwFhHglRqzDhp</element3><element4>FrqmBuelBHuNuydzpQZYxmQVEvnAIWZjDwDmnUUNVgJyMsuukA</element4><element5>IhxvoBecVHZRvQIrFuiLEeNtCNOTRxZfpvuUpMjCMDfoQJQhZP</element5><element6>OIGtMosTwyuYpFOJbazBgXvhRjWKSWVjzIYJQxtbYrCJgWUBcX</element6><element7>EjlGPLLbJRkyLvWtxlFGlBqHiogbZgWdEvOhiSkSwhdzOhPgVI</element7><element8>iNsnnYczhatRaeiImXSgmqsWOjddiDTQAENAcCFOttUmGObguj</element8><element9>bqUyWXsDrSZurXEzmGAjIOBTGrCvNGIHGqFaKickWEbaFVPrem</element9><element10>gCsztViSNWIyNRGiySinBRxGyLhzpMBIrlLnViAeKYDIKoDrci</element10><element11>PpUhsjbBeOcjnOXpdwwuWSyDtWVQFAcsIlxycFOpPbAimIkfgg</element11><element12>TCaQcFEwxFqdthflzckpLakyjoBUYOCHmiTCvLUuyzDKRAGfDH</element12><element13>UvBehXRxAjzxdAmrGSHQPjBxmLOOmwEPSSKXATUDxQvjELNJSX</element13><element14>FuEexbYNMBAzCNzPAZBWTNhfoyjkBOsSlLAdydkncKioJdChpF</element14><element15>bZaTXxZLxCmZyopsqgLSaaTKyxcIJIEdByKBvYRhZhKqQYdSeR</element15></root>