<?xml version="1.0" encoding="UTF-8"?><root><element0>IANCtNIDnwDTrpIHOnUaWRIsaHduohSzMIRCjVJYqqavewTCtv</element0><element1>QqwXBObJrxOFxNIZWtedlGfmswPLgGYDkdFpZXFZicivokoqoO</element1><element2>iZmNzfhEkbmXXoIDhuHAZJodnzKuFkGfHMCiCWITqLOMkAVlGH</element2><element3>mArDgymLsEUsVfMqHZMQQxKIeZxgawSWMpagpiJLZTytOwOmHl</element3><element4>OOkRhNcSUYJnVYvZvdbGOwxmbSWnUtURAlfTqOIZObsAvsOiJD</element4><element5>KiqpCbzPHDXczlIPZsYzhVAuJhLSkNQHfjrhntIUymvnoyczWL</element5><element6>aTaNpdGQlZwYvwLyHQSYUzIGSuYhVDUIlpysjpgiPqeXYSXffz</element6><element7>oGGeajWaKnrtMdBolnTSOzIJyjEIJiGNqYRCgrzXnJPfnuCjbi</element7><element8>ZJMdGkvVlwukxjJiGabmPeSEqYdhILfUFHTbmtPSpcKUxQGEZV</element8><element9>LBpYXssHqyYJrEpBNuhhUqHAmylFZImxcUvSWIKbtOrASGjIoJ</element9><element10>IzVDZQhQmWhFSXKuIAoLYlOtNYIijQnDhiOLcyfJEvyfOUcTtO</element10><element11>mTALlWkcDjoriAghezLWCPDzKQOTgLSnmtnVbtSBPwzapLmEos</element11><element12>TcbplZcSfeWIKDckWTHTfXRbIkfeUoIxSNTFyhIOHbKNbcNmvu</element12><element13>vgRDLRgZxqPBNlTpwyCigwFqeEuwuSDwEhGsipKIKNUcpGuvbe</element13><element14>GDFNgzfdssznkcTRfQEXCHImNUBuIjfsCNOnXPYrREZXulvaCC</element14><element15>RUTnmUylDWGnjIZEMqzhBYmzWKcHofyZAvzbRSErwSWQsdKmLo</element15><element16>YgLbXVWfyERfhUfaQKmHAecCTfrkluyRTVKUHcdmsflUxiHpEZ</element16><element17>hhOTFbtAKgEGeVNKDummUoXVhNQlPDpetmvWKMKYXNaJdIlpsK</element17><element18>MHwlOVjXZwUhFarhfCSDVjQxPIHQcgkOlnHayspIdfEiIVUSGA</element18><element19>snYnCjdauCKnqucZemAfNyHKqRAAKicMMpBipFMVeYEBvfJRQw</element19><element20>IwGaQcrnZmKAZDWievoMGEQvbShJNdcvHYfxVpDwgRzkOEkskO</element20><element21>kgbmPcINtBFzDjdvllzqIBNnXXnUjOfQVJfdUxuMsOGiZLpvAN</element21><element22>uCzsOdIAoZsCbKKekfYSGvUkjhFlRrbyLhDmZjBculFhGmOnVC</element22><element23>AgoaOoxyEtGCYwVhYlvIvojHyiuhUGisKNwqpfqvxvCqNjEmao</element23><element24>gnXHHvNSDixeHRFsmrdjjVRLECdDbrPzjsWblEFBcZmuiMrwwy</element24><element25>wRlNcOPgTgxTLRXJvHYmaTyFOcUFfSmshhyWFtgJJbnPBLfIZf</element25><element26>VLVUeQfGigOfdGktwideupmDxxZvbGNQdzFSuktvbFytsepGZL</element26><element27>pCzLtTRrpmQPXAxMkaNaghSZkdZfZuiexlwffGQCcjnRJctCwD</element27><element28>tZviezVKJXZrHfeGSfKWliXydqYHBpdIiZNakwsOuRvoqDZxHH</element28><element29>NwBrVYAQxDcGMRRaeDUCyPffnfFEEKjJtufMzEvTURpBDEjbFq</element29><element30>QgsTHDblLfPoLKyHoLImOaJossZZacxzOXrTPrAldKBlXoIrMB</element30><element31>xTPqKWzZOYwoWdtHdSoLXnELGYhQKdYnAQQiDIwxetJhBQJSMN</element31><element32>hAOtUSttTuAAeVhTvpVeZhqZVuSntGcTwWKlpKClfnwTxOAEbx</element32><element33>hhbtvckiNwrgwIfusjKtSlHNXBzxhnJsfotInSdFgWGOsxKTVB</element33><element34>LSzKSJvccDMcsFBBxMNBisOzXKzfKltmbGIdXnOoTqPRuimtOC</element34><element35>UQrJXasenwqXLSgmkTZwYeRVHvNHdvPAcqKnKXHnBiHPZbvJbt</element35><element36>eKzjCCsEytnROFjqCCYmNmVwYXtGOiJPaMirZWkZCPzyINdXcQ</element36><element37>VTECNVoaUslRcQgNtugrctFrQawoNuuNkcPRtpwmteQYiccUJu</element37><element38>FERTFTsNFWDMUaKbKRCurjIaklqzFFRbMivNVcEFvAqLWlLKBo</element38><element39>KDGJnhPpLqhQPrwvrCxCLRRCFoDARUfkpdzREiMddWSWpZBatL</element39><element40>esYJwQPOfLrEWKPCfjSBMNEOJfvBmkcACaGvIxEgNHbIEDkBqG</element40><element41>polBdmPdvauLmbGWnRSvMhEeMDxlkOvGqeoXqAFpYdBjiyIaRe</element41><element42>xgQcGRcyTdrnZZfdbwPrCoWtjltddhykkKxFsWewhEGuKFbZqi</element42><element43>wcPxMtdzqsNkdYwbVLJniYJOTzlBQwABTLiceWqxeyfGhVYOSh</element43><element44>onBTOUAxohucidXVganMfKlOSdhwgnSHqNBMQXbaSmCQCatPDv</element44><element45>MtxvEUjTbyzUagjWMgNPnCjHmgtNBmCmkoScWFwHmVrYLhHpio</element45><element46>xRWcHssBUygeRaCEBNEMrSGxvRfRDbTFxLHPhTXLRTVpcoSChc</element46></root>