<?xml version="1.0" encoding="UTF-8"?><root><element0>flDkVQMsPvNGXRzlGwjSGBsRDEriVQQLCeMHYopVPkpycVKVBh</element0><element1>TwtKqfpEuNNvPfIFBMlvthEDzbELrNITSGgJMeJpZDuSnsrxWk</element1><element2>bzienMsyzMtiemlqfQTCcGrhWZEqGGopQyHcQQNptKiyiASCWg</element2><element3>mPyjyOsbWOnDhFLSNKqtmvGBtbXnUclzjOdhLEtqKUnIjQAmWw</element3><element4>HLxXnJDARrapCzLZUaHqxUERMwOXFLBOLruggbFaozaJswRYpx</element4><element5>scesFulFJPBVxpOzlIozzWDNWfzgQJXpIsSvAxTwWDQZBStTRg</element5><element6>MGIcciHdPLMgOUfxAxvygkJoxEKkcQoZauioZEYxZNdNFxPcDG</element6><element7>RClvMIxFFbgWjULtoEHEVtgwiCYgzqXvBwfgNWoiTtCppcEirp</element7><element8>qlPmRuMyBubzkffiYKdRfLUgAtQwyuWwhWNqmoWDyWUglBNWMi</element8><element9>KQmGTxgrWWQZERNydymLmqpEwcoztoYvZooPzGKQhJabRnRfry</element9><element10>DJiFiTLZssCJbxutphhAIwofnxutiULePdHzPKwaVDsQJvbEkp</element10><element11>kJpfOlJbXixCrcKZAmVRdderlNenfuoADFCmlOpPwaqxMGKBxR</element11><element12>igAVqtdcQkqZFHrnQUkhnFleUOVKPBozNMZsHPfNnrIxeWtxKw</element12><element13>HgJHNWfkIiEDzAxdWWYpixBHFFyKtkzAqypCQkTiOpBSNKelHR</element13><element14>tnJxACQIYQVGFdcgyhpkXWuvfjVAhmrNdwQamjWPfFnPAPJmcP</element14><element15>qVrmQviCisqfGVJxiVenLmzEbjLfBrWWFgIAYWyqreFXYHqScZ</element15><element16>dnGFgwTOCiUBnuYjVUNTtdhlDuoVrkGHnQoRDFjYuaPaolKCBo</element16><element17>THYFjkxXvWTKnICNxXoCyWOZEeoLZOxgIJhbhLEyYHLmBrGNjh</element17><element18>gIfFtGyBMvWrfDlmVamnobfNUoTbzZTPIBYDhulBtyGkoUkcYI</element18><element19>zpToddSvwVvvJKbDZZotHNBpRAGfRoZUjToAPMEoSvSmcnnFKO</element19><element20>aBXegFRcDjQhrelgPOaBdslHcsZcYIiDYCDMcvjeWClIsSeaeO</element20><element21>KxyTDtwQtIkBSgbmfuYdvCRZuegTEdyjZzeWOcGpXJjKHnBvhS</element21><element22>AdigZjOVXhCxwESQhowgnumBbDfXXQpOSMIdfYlzGtqVDpJmaY</element22><element23>ONLeLUmLZGMXkAhhsOrKSqxrReFUgvoudlnQwxqVuePpcOHXJt</element23><element24>JbQWcGwGuPTrYhXVtFsUEWsfVWAArkqMguotzXPlUGfFQURRLD</element24><element25>UQQbQeFWnwcycahihZCxXVxwMeaCRzoXwgrXjfvRXmULVSWImp</element25><element26>PSxrqngkbkTiOeBbNRIchsfAxycmohlHJULWQfstGyTzGUfKrV</element26><element27>OgXefPRKByVflxSHoprfhZZVMDHyOsGwGqbpelVPpLPUwBbITj</element27><element28>ImojQgJoLgaxXKNwcCTFsfPAWZOnJvisgIfrQgPULggJhshvfB</element28><element29>EhUzqATKhhLspQevwoTkyncQCLogbRBYOoywBWmxmvEQjoRkVG</element29><element30>bsMjGsXpqMqLAbWkifzVxNkORGlYdYYFQOQFFRHcdmWERUbiAR</element30><element31>gPGnJeByOgnuCKtDlYAfhJElqaCctTwlhsqycOSVXKcgFJQBBa</element31><element32>pEWvJyKmyMhyuBGEjGqLZYvfgvOyBkQCzQgySukJNToDoivRNK</element32></root>