<?xml version="1.0" encoding="UTF-8"?><root><element0>xiQInjBikQuWztYKboaXpanvPZFbkchmazuUYopRctLHBLKvdS</element0><element1>MDuNqqlMMyFHWlSGTlslqBiCwIcwxmPNxHrSLMlcxwsePFZAFV</element1><element2>WHgWAASKoewVEnFRYeDgvLvgLhlTmUXYhrWSYYbTgyBFvSctRl</element2><element3>SNCoXxhviYNjEfOuswOrdKxbkPRUCXzFhlCmzRrTwabMWGJTsu</element3><element4>xrTIsbgjwBJyqNwqJrSCmNvbDHmqoYpmcYiOyrAaPcBkOKoXds</element4><element5>yMYKtKzLbtYqWxStawMFpFFPeuJpfMNdXOqPDJPmfKhNPyFknh</element5><element6>DskgPuwfJciCKLreNDAAdPbpHAjSnCGgrzHnuNadFMEIaQCbJg</element6><element7>GeMecVwrNOuIhcAcFxPgBaPfdxDFSieNSxlEIyJQQGJvgqhkpc</element7><element8>dfMIXwaUZjJpzABMqbfNNAmjJTnmchRySMkyyGVbSPAanEmTnr</element8><element9>SbjsyFoeDCRksdGmgmvFhpkXagFeBlnbFSVGMgReUHzHRqXTYX</element9><element10>rAMNxRRSXAUAxdOqKaqPyhQQaTrfsaXblbrXhJyqDVkSxfHXFF</element10><element11>vBCWLsjxpzznhiyZEjicDhTKrIbsEGJlNVwrFBcUbuipUpZkCB</element11><element12>lQqvfCVmoudhOiJGfekyQWvNaiglBRPalomSIruUTlQeSajMnS</element12><element13>dSfUkYWGKhwMHuvyKbpqpObdRMrvBCyBbcpgUPlBqewEnuGnXv</element13><element14>DEULcckzMNQAWhILBgJdvudmRQACxSUcNyYNrlXwvTElXJBIeo</element14><element15>utPMWfQDDVMqvgRKDaPvjEpOgXaZEgrIouWdEJArQvbSoEOmxu</element15><element16>HPlhwwMArBAtckNNhjJcFVXFujVuPMGBNlgWXmAcYIyyBjocoK</element16><element17>TFcHwuCweBnlHTWhtptNvhgaanDntPmlpWUbSYeCudfWRFugHS</element17><element18>ERsOCtAeRQVCcyPAeViifmTlRQkTFHXcseFSLYGDvHcCWNhfCC</element18><element19>WhfADmvUrzprSUvniFMCASuWbLWMjaRAOUanuKdMXrhFbKRAiK</element19><element20>BROOgqKrqfLGqiStfWXiZasMGQVQqSufRkoQLbHOuLBoAzEXTV</element20><element21>gQCinpgzzOFSFKajQOCJyzuCIuObYAljUUhUmBUutYgbJAdaCz</element21><element22>bWAoTWbsQHjDynBOgIUIzUJVPSMmrIjwoFsRfPUXQHaGldqbKM</element22><element23>WeXkfFbtMvYUUigVyUYitznOtHnXupRzXqRjTfdRUCeCgZSpmV</element23><element24>DhqCSsGJKnKxcEdaWTuhccJjLlkYHzHFPsRHMizGSQvRfVfISG</element24><element25>yHuGYhGCwuwGrfScgDtDBnzRUtsjjvqEimBhlqtpLqxWYJrkLU</element25><element26>ffESYaVXwFjXCzSfxgRqcwQwJgJVgGLucSLeoaGNWgbBqNVWgF</element26><element27>iMpCwaPQSiBPXnrwWeORLKevGYFaINvAZawdqijFLSPlkhyqex</element27><element28>RwsCRDcewQBaOTXWYMEdWRYUnSGeBNiHxtIeAtSIZBTDJbHBqK</element28><element29>cZrVMhjIbqcvoTTgkoNNToJttLlDPrDybEwzkexvEWwmBTVFFD</element29></root>