<?xml version="1.0" encoding="UTF-8"?><root><element0>FqLYdsZmxkGXeLnbaOYEpSQzHlMMgSgcFuReaRQcGbksGXeABM</element0><element1>uXmiwijqSJwMAhzyoiexoQIPPkrFhkKRkhalMTFLMrkKjndXMP</element1><element2>GXbiZYudJrZImzaVlxAjrjxnHfdhWdDepKVWunNIzwgJXLkvbz</element2><element3>tJhYMFbOrhgicJkBuVFewzVNaoZehNJfjgtBQGgAOoQYeSgjpz</element3><element4>hXzJrzoaBdVDWjfEWRmxKlzIkfUqBBtaKpabnklISaojpzqnxD</element4><element5>hPshAWajPtDeCSwrsSBKmekwZPaGDeUgiyocCYsGsczNFrJKNF</element5><element6>nPdZvjNmpKYyvhLPUoASELAJXAVnvxiRgyGlcNSOyNOcUlDJMk</element6><element7>TBJZDiFehotWvokcDagGyUgKQaTeyYJnWhWqUGyoQZNgduzXBC</element7><element8>twqgSzptAdyxFQSFHaBCHswoYjGJbcEttLUEbMEsGPHDSpiRUZ</element8><element9>YWdquwMrHaZjytyMElvRGbKvcuNUpwjuUvvzQEqWfQLzPksrLm</element9><element10>MbCttEhcFHvCRYFZWXXcpQpTTnJnGuPuQSPwXdjFzjjzZTHXnz</element10><element11>EUdRDaPXugXZbbyGpRirPzRkNnmrhaVxNYbfpiwhGEeyqdPsSc</element11><element12>WdWsqbEZBJcXbYXHViyKwxrKUCfRwbHiSlrDAUhIBGwqaomhLd</element12><element13>iFAVBwxLurrLmatFKPLhdRWQPUtjNzKpVBRJFeNiIPIrVMuTlN</element13><element14>UXgvCnRDkEKZImhoOwlCLLEQAskpGLtAubXGzGNPqFLsAjpMrN</element14><element15>PZUbCHXpVNWlpmxSTpBNkhrhKRmBGgXoLMmsLupzUMtSuhZTxI</element15><element16>kMmznvDrKcmUBdvZvEOEbbfJhyWEvvXcqGbQZHlrlYuyWcsCWn</element16></root>