<?xml version="1.0" encoding="UTF-8"?><root><element0>ceUQeYhpjiWXVPhPLuywlkSwpepUYYAakqLHggRHBroauresVH</element0><element1>HvmKDYXIJUbqGXycNNaPLEYFTrUrDlgrFllmDQYJdVTDvcXCYN</element1><element2>NvyzRMsZWSsTKMsEarDbHgBnKUaZmtmyUGZmEhBHBQbKWTSIea</element2><element3>WvrIYHOquUgqfERUAUvYaEGzisguEqcNeOWkJhivUWzpprfgag</element3><element4>mFyGrLpTRXxCybBUMaqEZGzsNbODEEENfctzmBcrAxKBHpujsE</element4><element5>mzHZgOgGRNJPxTZbEHTycVzDMBYDgsJnvmhECpVdkgpBIMhEQh</element5><element6>JfnHBJlJYUvcrtJhrKGxeMYVTuxUEXwOFTccqdIEIFvEqEZcKH</element6><element7>zOgecibBkmDUhKoRsPXWviFbOZtgPIuJEVwgIdRtdAOfKlSYYI</element7><element8>rCVltpKeGcLJFzLmIxeGdlOYypUEJYxIwcyajjwKdMMAqLzenM</element8><element9>SsNzTOzTVqnFAFztjTLnJxJqMFXJfdbdmvtilRPUtyytfDEGYf</element9><element10>TgebxkAwiiYTOjobkMgoaKdHYsMwLQgcNvuatOGhuvGTPIPmGg</element10><element11>JhWBeFoMoHdNhDVCSOyJVYZfguQHIyutIuqsVwJmRakqVEFOhe</element11><element12>RowlmaSeZgoEwLOOFVDcrVyqFMqcyjDcpXAwQXYoYkXYmWtaQp</element12><element13>FxzBdypJuYPypqGJWDUSkPijzhBzMapgYRSUOMswRMwEMmIHDC</element13><element14>ftDHjjlTofGmStSxADPUBaLKYhiFccrMOUFdsdZfTxbSWmcoAr</element14><element15>cfxmTriOYhKjTCHxjaVYymMWKdlLtRFoFdauWxedBZVcELamBB</element15><element16>dauwmGZyhuCCoqIstBsyHxdIpppVnnvQNqDWcFGYHYjRMPWJCW</element16><element17>wXqJsMBONHfZXqznNYoLUNVFQNiAZUtfIpvRUSVJVOLQLrhgbU</element17><element18>rJsQflaJkAiglzwitVwLviOwmvPPAKGprtuANFlrjtzkDBzvzT</element18><element19>rnvDFDpIdzdavlTJagsJzyllbTOArKtwDTHTxizyKaiOKUkypT</element19><element20>gCfWoaDcNDqgvMfsjEFoQLPbVqdNZqUvtNIaBeMuhYtxAPxlRR</element20><element21>SSEXYaSDhVftxKPUYwaYuOtRensfakQuOAVYGfWeCrHRQTpItU</element21><element22>kocrZlwuUmeObeDTxDlXtjcUnPCljcXLUNFUtOCxISsWZaxpPa</element22><element23>kmaKZpTZKxaHzAPvyTHlupWrDMlqJEWJwgEacBCYdWeuCtGAVv</element23><element24>XSTvXlgLcwFeJdxZIzunbtvewsZfnKwSUwfsTAlRhkVGdNIIVa</element24><element25>ryidMOEqNVXvPMbmErGcIZjOhCXSvWFsqDGfIJoHOphquHVYwf</element25><element26>aIOPieRNqrLknozHmZRfjLaUrceIsUOVWeaEUnpOnbhTXBLWom</element26><element27>akofiKROfLVMKurZbIGAJmNuRnJfDTBwRbycUSYzlLkknEsqAG</element27><element28>FkGqxwbcFAoKhGyLxVzDClMPslbWwZrptSkpnhylYjqvqxgRlD</element28><element29>bWmGXFbFfWAxSyGgEXdDthNAuBpNRxwPidWfbinxEBcwpaWHAS</element29><element30>KpecjxepSspgFuOOsuHkHwSlzoumnfjtFYDzzJTRrQQouPMaDJ</element30><element31>PHGaAPSCFxfgvqGPWoQafjTQjYoWgpQeweNKDiTQjCPzCNsByz</element31><element32>yZzwwmHOALRehrSpqbgbTzhZjGfqNzyAgqYAdYypUbLqJrdCpJ</element32><element33>JJVLkvtjkyfYhjdawndNjZzJsehCjpVYHImMHINbWPQSlAIrVg</element33><element34>AkCldOktdrfNGxImHqgBmJlAqWPbMBStWebxGIoTKGAbcGBffG</element34><element35>AZcaMstbhOfoFrvUCqDIVIHeYDIBhKMTzULxwvOKjEVsiBPxbr</element35><element36>fGnauZypVJqnjTuqimVHltWpkqAQaiPjOfwGgRogfpafYvDKPM</element36><element37>KlaeFLxvmLOEgOKJnyPfiJDXeTMxhGjwZADYBXzLFwAqGXWZCM</element37><element38>jPBwyjeVrrhXCkmlGyUFnsRRVfXtfNiJulDcyQXlsgZmspwkFM</element38><element39>DzEnneHrSMokGsmrnTJObEGfnUAqSdyWPTCgtdaySISfFNAgdq</element39><element40>DGrsimaUSMmlIgkhRCRbOuQVlSrZGBWMdIYNfCMTYfYuGbBeiq</element40><element41>NmnjbnAEMFAvwusuyMRJGgdahxnlzdLgUCcFbjkIfaliscMiSR</element41><element42>bnTsXGUWbbsFiMtvoBgwDwGzOIQZIBcBqFQrzZWITJHbqfQacK</element42><element43>WCwUQYTzEWrhCKLSSKqABkmjuvctocvjEPchrdIbteAhuVmYZd</element43><element44>gBPhwkGpFXxKebbsXSIuuCCSrkzHYKLysLyFlTmdOIoXqcgtln</element44><element45>EFNROHZXMMRurcyuqEFChGjAqatRYSeHbqdAydMGdYQjPXfwvO</element45><element46>sBKsbjzbOhDCUrzfpdgZgJNouuBdfjZfFuJnMbamBHAuIZGIGo</element46><element47>otfeyYjvfdHivTPqrOIcxhOltqEQfEexKWDsJyOBzdGAlgLdbu</element47><element48>pjGNxNGiVTLdxXKXtkVlvuMOWQaYJWsBkSIOPwoYsWjpeoJZLX</element48><element49>AvRSaQaSmGvxNJDKhYBOdFplDMtFjtduwkYGVifPoiWlbmsaSH</element49></root>