<?xml version="1.0" encoding="UTF-8"?><root><element0>ORgVGWjVSLjRDmSXiaTiNTtjxXEXSRVxqAKpOdsMPFobODMBjH</element0><element1>JvkiDOBmEEfwtJWSRpENWshkAJKhlqsGfosrfiFzCueoYLlBDJ</element1><element2>dIkzYdJfaKIldLacfNBPZyfkXUrVdkBbTAuvcPxSQkXpZZnLGq</element2><element3>BbfeBUcwbxfCuNiEHyTObMAMJncztospbbehfGfYngCgsXNvPM</element3><element4>YhExPDLzqjnmxUnLCytgatoebrCLLQREPntHPzVpXUACcZlDYn</element4><element5>RWzfzGSaTeoUYrzSAYKBUBzkURqDllByNzctGbkRcLksyjujlk</element5><element6>NLixQfDMvyNsfTJtJlbxANIbDWpuHdyHJCyEPjeejHAgCTOfWe</element6><element7>sTYnlrkeQTTmDGMibtIUmsdQewbALHPHjwvsjibVOXrPlqCixg</element7><element8>XkuzIPLQJKrsCUbdoWiobDowwOMlOEHcbjVfNirnibjjSymFcZ</element8><element9>dqKBCsDvuuwCTOGCQKDAYIVnaRDcPzYkDBBsLJUEocLWSvjrXs</element9><element10>tWNWoBbDRoUlBeokSNkqzOPoqrvVOXfGDvmOcNIYJccxWPiWlY</element10><element11>mWDMrhKGqjYdYtMUMuqvBEiWsLytvwFbKueqflTDCBTpWXaGeR</element11><element12>thZBuwOeqxfbfTDLFXGFxOkifwhqVEzAUdFRKZNiXNIkCwsZvd</element12><element13>bFmaDEwJeMCkbHjqExjtPujUoexAtSBbsbGSKGqisnwYXhNXYO</element13><element14>xtHrRWynVBsYYVdVTHDKngDnBXKQNEHArdQPzBMpLLjmduyeaI</element14><element15>dEPToroypcTYFNKfJSewwZxbuokaCUKMaAWJhmWrZhVlYqUzEB</element15><element16>MZPqHKsYZItCprKkepHuNevMlxPHkrrEWlpzboPfShHcNTlPwc</element16><element17>vovbzoqLdjcHHFVAvSUFnRukpUBNQGGgRNUMgggBrCloVXPIQF</element17><element18>oCXVedGnOyTjdouzIsWRVgSOMkwLAQWxzrUqojlrULSLPCtLRH</element18><element19>yUkBcEvSgFfyXNBxJeoXExjCOaAYbHrJYHBHhcwrInQMATRsgJ</element19><element20>lMmGHBrpwJGrJFXUySEvlnPssUfwntAmaYvbmOVJaxpdMCqAfV</element20><element21>SXYsVMkkRwpAEFZBTWkWNCYqnLhJHfSMieistbrFqNtDYtPfaY</element21><element22>EctaywWJwbRjqDcXxvXNrDuyMLywpiiBUKAsSFfYrMoGYKhtwh</element22><element23>IhuVMkfYCOZxpowfxOwaELuoXRgvFKjsXnnGCHEhYoyFRmDFss</element23><element24>uSykDhYmSjcQfEUTzzyUfzDNffhamOQbLqFKGejzGIttuyqFMi</element24><element25>ltXzvlODmFGukrmbrUtxYpPYxfOVYuBjlEZThqxSbfivJPdHSl</element25><element26>xVIDoslumAnHPSaDRulgRzKICywvPDWJJHAlYBxSsNHVKnppMs</element26><element27>zfxdXYCWVMBtuyiOpbjTGDfwwtohvYIDTDiZVnxnQhYkZQnXss</element27><element28>HkAPGxdbYGItuxlznysgDvPaFJlUquGSeFOjRRiOLrRIjdlgYr</element28><element29>rMqtPMKhLnqhMFAXxczbTsZvJlSXjfvRcHBHksYRYXClqLuOfN</element29><element30>qYpmHfKzBFYFVXjUQjvPRdjWFQyVbUrflZGNujilqOqAZqiTSv</element30><element31>RSnJDqraJORwbcPyJHrGHglBJShZlGKVwGHIngfODXgDVvTqDm</element31><element32>ZMlrXkFuijeSErbRHyvEHQCKibAaVPbFRahsAgMfWqefjZjxsx</element32><element33>vhnrtmDoxQDMZhMrgQrBFKHmHJTThedExFMmytqNjMAruVnFso</element33><element34>ymMqKVIQaOqbqhsmNkOuNbMbPDBwtXEZnOHTYemAqUhLaXecQc</element34><element35>jwNnUmLYCBDoLGGKuLjMVEwzEhOJCKKkzVNqSbMQeutiEXCugR</element35><element36>tImboLihjTisYFHzVnQFEqxYGNHYfbAxMfUdNRiNyUlMIaMQrB</element36><element37>VyIHeOtBYTOhVyxAoBLYhKCsKNxjXiouMQwOZwaIjrpidCREac</element37><element38>YhdwlgKtLZWgEvTyCqwLCBqdwGVPMvcUTgfvDsylMsiVaBjyrQ</element38><element39>OhGfynhtTCFSHGyJimnMppBSQxFQCTfsuJJLlJEnEWDTXymuLq</element39></root>