<?xml version="1.0" encoding="UTF-8"?><root><element0>mqhIoHELVGbamrOAHgHyWDPTdmDlPlvksDsmYjLrIfXITnhXRY</element0><element1>dzbhsCZBaXEyUpQEtQYBDJezREkTJXkmBOZrNJcbaeDrflfmcv</element1><element2>OGknmhMwLiNwIGreKAZnunNdBxsmzzOLLtfWOnrrbXHidHYxjY</element2><element3>WvGhPXKJUqioaQEWYaoWRlAKvlMtxaArgVPNkhwCERWyTsxbkU</element3><element4>ITnaRcpwMqbWJBjtjDDIpRpTOvtrdCLsJCjgIhGqpXvJYdDeyF</element4><element5>MKJooECwOLbKsqZadMWOEaHyirIuKJNpPtORzXiKIqNuvRQvzM</element5><element6>EHYOPconIzlsRzgjbwCCMHOaaExWzKgDZBQxQyhMZxaSaMhzSC</element6><element7>aBpqpbHThqoQialrRzSuMAMgHtBhAziRmWyJdAQuxCOASZJxZf</element7><element8>UxKxJeESTlLEPoBjduEcUIvykOZUcDztnwGxAntYroSGOnpafy</element8><element9>LZdbJKjhDRLqPhtgGxetnfktdPIvFDJctDujgmZjitaJVkeeMd</element9></root>