<?xml version="1.0" encoding="UTF-8"?><root><element0>TDzPapIsdvAUsDhSQHiEgqxOhXxmznnTFsfRbyoWFyZuEXbNNy</element0><element1>XSlOGBZMCXMLMFEUICcAUdVUNmFvcPsyFswbVBVGFCXtTlyWhI</element1><element2>kIGmikXSNIxFfulVWWkmeOuOjfovKUdlKKEBUXvUspqLVhrZyE</element2><element3>thUjalJSXxmTldWSsbkSqkjhojlHLWRZygsGdYxKNywEkUbHGp</element3><element4>oHfKsndwmYCgVJGkCMsdRsJQEErjrGSXBxdjeQJjPVeaOBmpUG</element4><element5>ncJMJiQLKcdhgLwfyDeruXTqmIBTwltTOVxhYGrSVeWINXEafR</element5><element6>fPWQSjMkElUSsHXVqOxZdGqykdDTntNTRFRjvluNAviJWITZUE</element6><element7>LZsjUerxvccTazfQhhhBcKdpmcmbFAGJxjAzcBqDCRxHCKdGnc</element7><element8>PsjksACErYlsrhmEiNVLLgJuSbELhnzKrNXQhosuLnqishHbGf</element8><element9>hAvSOclxLWUFPvQjuzjqZVqYFsDvFEQDSRegOIgQegjWxdotRC</element9><element10>kgeklFMeUwkKJEUAznfdbRvvmrGGxfeMDNesvBmSebusKdjerV</element10><element11>xoOSXDcMgXiitTYabTujiPfjYETyZJlyrTNqIzykBSoOAbvLZN</element11><element12>bcyznKIdXEujnoDgEHZDfsoAxsqVbFCttYcstdrGSbHDUvLxWO</element12><element13>BShpmRyqoxOLtqsHxhFvXfaFapZAZMjXUMsaSpKsVBIJSgXGNh</element13><element14>aZmibeshKNUnLkRiJNKAryTmbmbxggDiCuqfHsjGLujZyPerpS</element14><element15>YZvEyIlGxaKdAcrKPSAijtrVLGjhEtbGtSMeUbVWjHsdYfpXBa</element15><element16>zqrGbFGRxBMokrXVQzLuEMophPwWIhCkneOihhaRdtDHIJKWdu</element16><element17>ynEnciKdtTdjwWkNtUkGpZhNFJoBzygzrExrVYqYewVhyuGelr</element17><element18>pRGtASmoSKGLJXMpujqAaQXpYWAyQuAQgEtxFaiDwedZEkAsjK</element18><element19>NuvirImyHHghALmYmZEdWnnxEvxzqZrAnjiKjNmVmshCuKbCLT</element19><element20>RuixImSdFakvtTfxESzpzxgMcVFEYFeLryUzpScYykmATCDejJ</element20><element21>vndyVogcAyHMqWHuHwmShCOHXaititxeBxAEEDzPTeYrikHwTB</element21><element22>fYXOaoKQAOfPwxoqnddjOZqsNzjDVojexZhkPkGZBUPkxTnCoQ</element22><element23>bvzICtGVvegvdWXJzyWCglNwNxdLjAbzvcsxfVErufMijyBCMf</element23><element24>zKGkNdVrnlZuWoDSZkzRsQbkTukkxjPvHfIIRCqsmslwbxOaim</element24><element25>wcsZHuzVnFUOZAVARTaruyWFBajFLQrrpyljjTORecGyePCzMF</element25><element26>PYofxOXEsGLqyZBjhsaKKBMpelAHDnqISARDLMqzLbRMxDRrsE</element26><element27>hRhTifwXZkMCItSZaNinVBayYQLzVriPSItfjHWgKLjoOaekJs</element27><element28>eoLwhNsFzjQjTpbJLYUHZrpkQMREbAyfKOQKShtVNjhAxlnPzd</element28></root>