<?xml version="1.0" encoding="UTF-8"?><root><element0>gEJeVQobzNnIdVROLwlSLdTBZGsGvLzEZbLZWmHjhoWleLgFpB</element0><element1>fEadqrEEChZDsunxGITZvyOZotTHwxIWLaOObQdKwJmHsixsYe</element1><element2>kQqhdbTWqnlAHRBaVFHobeXuWCuZOBLlzgOPDVMkeZdeQrjhuc</element2><element3>XwszSBKJXlQYicuGFgQnAnoAKZrXsJlQCOXJLdFAIcuUPaYyDj</element3><element4>ISOcwZkzyYYORlpGOjhzNOTfSMFVGJYyokNcoYhlFSlHBlNBaM</element4><element5>cQmUaaNTcjeHFLMnZmXGPxQsMwMhtsbWoKYEWqekuBQihgsWzo</element5><element6>gXYdbgYTPpGJIMVhtNAgQSuOgnMBNFKRnKQjGidfaVPYbmZvsv</element6><element7>vppVWHbYPDPqUVwYuxntFlifpAzCmJFJnVvmpgzCtCZaqSaACg</element7><element8>ftseKvyQWaJuMLJSRxuSgBfZnovInlmdrsNVFqoAaZNwacnusp</element8><element9>ilTMfCkQfYXvkpCayfdrfrRjCmNYsADzZvqTJhfBJSSvzLKxxY</element9><element10>PMeKSHouPHsnPOEAxpNIwmluGltFeecoWjQrhBZXqooUjgJcqH</element10><element11>SSedHsiQTxLNDXNTTYxTnYwowUXsIeVRMPlYTnDYBSTkhKqQSG</element11><element12>FsouwhmcNNXFqEFxseruEcjuEtnNEdKuIRRFEBqcQMXqNNybIa</element12><element13>SGljasJDafuApbsKCkefVymBNwQmPoCnahFzNtNNdKOUXVjScU</element13><element14>TygtIbSkURXMaRVCpyhpypqMmJRUCbFEsRvemYVCEqivtcITcc</element14><element15>RwdRhOiwzgfgVOGbRoGjvHdKMDHfwTZUAqoxrHANVXdsYzdAOg</element15><element16>ozWxWYOYhaEhioVSGOWpmOJqxMXdFWHQUwdlbmFQBHrDVeihUU</element16><element17>EspgTfHoeyRAQbCUKBYocUtNzOZECxvPAfkmLEjlolQnBkhKgh</element17><element18>rfXrKFZrBSlUdfWmAOYozWzGJsPzDgcBAclTOjzzVNMpkPtRmp</element18><element19>OjJIHMgHBtxvIPGmdHPGriBYtQPrUlNilKsgEkRzubVaHImmvq</element19><element20>wFXjsJqxbGzYAmPuNlKeyNeVVGHSPIRQIZPaUwcKujXoraxiNu</element20><element21>yhzMHieiUTaRuasSdpdwbbwKGvUqYUNLdiHeSHBrMDJizTdvXU</element21><element22>dNpfvRUchBzeYkhXfghuIClSajoDXOTdieAlMurnxMUlRGCgnv</element22><element23>pwZsiLydxCEITzyEacEDzfOuzTjkviIehFwqCwEcLXebcYifiD</element23></root>