<?xml version="1.0" encoding="UTF-8"?><root><element0>kPnUGsbRNGqdibgIszQmgTlheDsUzeSDLvjSluRDMVcSgqzjJx</element0><element1>CvAqcMOlmzUJtroXijNBxGZVyCiUevWntWrsugmefcmFOpgLQX</element1><element2>MnhjPNeqxUXwUtmbWfKEgLYjLeWfLliASQXdWBGSMLgPtnuURF</element2><element3>MrpGIjhnNRsUQMtjycJNRWOvnyExqzygQpLgQBqLsbctqKbBVR</element3><element4>ghRxuyEbvPwxyxjqNXmJXTlOZRpKoTGPPQrGQogveOojcZPAgE</element4><element5>ixxBdhiDOCPJCZTnceyywRwbrtFDVgTChEUEhpKAQUGAjcYUkW</element5><element6>MYrIqKkvdRBtVBOkeGlHMDerFBFVwGkLyRaRdPWTqBwIFMqXmC</element6><element7>CZRCbIlDuCWUImqgecdJGrRiRyIPEPkpLZjmVKJhRVDQYODVEk</element7><element8>eDhSxvcGXfntrJSCmiKnDCbwfGHNXhXZTyetHpbrXPUsltffgb</element8><element9>hDRolwuuTQxFwaqbJzLlSlLDNXzJAzgWippzMzWfGKHwuVucpd</element9><element10>LwgWBOBOVolwSPTxseMGxBPdwFkGdaqOVfZcRzFZSIJWhGgHtN</element10><element11>gIlqVtRCaXovToYGaTVLkTGJvAkSpXjaEStyZOEGpvuTEQZJBW</element11><element12>fnpAgGAxcdNlvcJqYwDaxOVviwyLDLWjSnIdFUOhIymRskaFfq</element12><element13>wTRRmslQseQIuuUnGzUunwCVLsrwwMvpNadUKSpvEAJIBAaQwc</element13><element14>OGYmjUBwWMxysIpIdBwXGAgweMOypiLHdHiECEImQooAfDxgSd</element14></root>