<?xml version="1.0" encoding="UTF-8"?><root><element0>TDRtCVWcOokPFlurUjAXFgmncxuNJQboJSgxfwomFHMWMAVGLw</element0><element1>tlhNKwmrBFhpVzbNzGpQoRDlvHmIgGcNkmPSFKPzuZvtFCVCnr</element1><element2>CJNTrTNujBEEYkwjuptCqiGthdkzpIuehDjnPpDQhUQLXuzWjb</element2><element3>QGsvTTYDjIicqSIXsdksmPjEpWsZfFprNwMigoLafsYNBWRNXH</element3><element4>HcYBtoPAlBPvSoDRDSghpCzfqHPCnbExXGVoJDHvxwlEMqVxGw</element4><element5>EDFuYfdRIBQOlDHizxOIhbVMQxqpDKvLiFzsruiYSjLbNPAxFn</element5><element6>nAnKsGRjtAddnMciSJdloDThMmqEhQwJcMriEyckAHqjdMjqFq</element6><element7>EYfpsQQOxFDDldlslrDntGFhNlJfdeOAiqYdAcFYJnKVDRHdys</element7><element8>dUSJWjEuKNTxOJPEhlWymIVrsIXhEqfSpbUlsWsMfLCGUGbrEU</element8><element9>zonrIWLAzAeNZnYQEZsHqBQMrxepVikaYXrxIKjCPQDfUQoggN</element9><element10>NMGAviuOgrTMzdJQMhzLGyermghCXCDkpjecbkxKiKLMskcLVL</element10><element11>zpOYqcMpRwhjJeTiuUwaxlGTFnYTDkKFnkcJzrtyBDouGpRVez</element11><element12>NPpOREVqwZskRsmRNKsOlezrSLBzmcpgaDdlBhLwGAvHOqQGrh</element12><element13>hEQwZrRUCgRBWjotMFbkGHplsSXQEkQNKYWdyOygzRPMyAzJlX</element13><element14>YlPTMtZRoBeLMvHuodODZJfuegtyLqUATwcfpZoZNVgXnNSAdx</element14><element15>DDqJHRVlgxQOyjkxfgJvPPkSNmTGfNbfcpjpTzwMxEaYxoeGvy</element15><element16>aeIACubEmjdzOAYiDCSquWDagKxLodkCDCCMLpjomRwseeubbx</element16><element17>DhdjWuujljNdOIXHYWJmjcrhEHcWHmbzWjFWGpadbeHzjOJeJR</element17><element18>ADhXcakGDvHRxvXuSmqEgPljlejLLAkBngSTGjLGVTXgCKknkM</element18><element19>dvKumuLSqmMsoDxJmgUHrVCuLYmKyOlYnbWWupJGbIMxMgHDiz</element19><element20>BDfOSHoJshnSDXtzbViWgMmFQtZlIJfmxOIIJYtoePvMjdfDaU</element20><element21>ImjswTSCPpqYSBGcTbKftHetDPDaivZQRmdomFDECzWJwWDwuV</element21><element22>wyYoPfsYnnoACuUKtYdKWXXvdpeeIqDurvaDmtmRJseWDiYZSO</element22></root>