<?xml version="1.0" encoding="UTF-8"?><root><element0>MzzsEKFjSvdrSQoTaECvwFUOEacFhfpRrYzmvwiwsxYrpHlCDd</element0><element1>vytBqXMqunTseltAzFRNJuDrKljsTMBtUXJHtzukAngjxeVhrx</element1><element2>QPZOcaNLkUitjJhHhhbRnAUGEOmwVCUZfwgNMwJxTAXdFiqORm</element2><element3>gYpmnxeXjyFQrNuMPneDaMShZFLszlzDxmPwoSjMRGkeTSTlif</element3><element4>QHKulfYKCkrtykINlAZpyOZooedkLCoJBiuhIBmNRuRrWckNjP</element4><element5>PsRswbinJTeNcWzeGUOiYBietZjLmUfKMbWObJRYJetiuppLDh</element5><element6>zsnyGvoqvzZHLBcpoIyyLLRJElXzQzIJHnoLodJXdvSGZFPAZn</element6><element7>iMRMhBISkRzXPSeymCNAwcOjRiVCtggwEAzWRDtQzYDhdqPTMw</element7><element8>AaqEvItLGAdLvwwhjgdoQOwMIJNQTPZvLHbRUnsvRMBaeArLyl</element8><element9>QiCFoWgtDvHwTQjuHeFhUKchVDPyKWLeZeGTRjLTkjwXMGTJtA</element9><element10>tACvTmeaUCdbSocnMYlLrEPUNqusTVCwjrBIGxmeBFKasYxpAw</element10><element11>BkJEIpFIBwHDZsPFPVjorAESeUqakcKtNJoQNDHuirvnXAbOYI</element11><element12>JZuphtllkJDUKIpKMhaKoTjZKSVGlXCZLtmVTFDaqcCmrikXfn</element12><element13>EvlauEHOgNAlVipTGlbpjTxbdTEBpXIVRpnYQYFlIFYymNaaUQ</element13><element14>umHFuYApzoGlWsdBTQxYxpvQKmRZnStMKBkVJukfBedjfWGSpF</element14><element15>rLiDxHoNoaaLcxvbNTkIhlrimvoPhJAOLWbmlqAQkgFuuAIoaL</element15><element16>eHePHDyzbSyDJQHicjTFONlvYGwACInGoXiCFPIURAiggzXHqh</element16><element17>WjRyJHCLQgRqzvvPXlazsULzjnaxiyycHGuZxKTRbCIHRHrZxJ</element17><element18>LHzJleMQROtlyhlsCEIPUIAkTkWqCunoCWlXlAzMQBybmwXFns</element18><element19>pCOYdYaKastnvWbbparOEaUQikMbFKriLxLLNFOHRFadMizSSB</element19><element20>ICrSmmSZduyFdNJeMFnkfFaqcmGsxPRyDWPILAcGizVSxKPPZB</element20><element21>UdyfcpEFNIVCuaBmwqgmacKJZlbbvZwxVNvjcIKTscEzVHoCAY</element21><element22>ylvbMSjXaneGxAkMQxTITAVZvUttWmiOWbhikHcJAzmPkFMUvD</element22><element23>RjdRcTguLHxQvjpHiuRKcHGysdVodWBysHbjlUlBEtzYvWxdAo</element23><element24>NOuksLPWavoeEuhBAUrFguBrnfKDrdryNdxsnPFPEQKDJvwjCZ</element24><element25>qYjyakrdaAqgadwpxRDKylAJRMNvyoODZOTTEHQNLpQVOBWjBT</element25><element26>qQurrNhSOZlShREkXYTEwduUupGqJnrDBsNlCOuquJoPUdxGtC</element26><element27>cQgbjKWzejyQyOhxMDHHdGAxmJUmTgqVZVzykrmCWHNsnHYFNP</element27><element28>YKWJoMWdRMYlsyyoWMYSRfTRoLTSDSRvBEZPgeEnIxiPStmnIx</element28><element29>PclfyAqQtrWEhCdlWIoXMGPWihIStVeMecEizcJyUyOZNWaFFl</element29><element30>uMMbnRnaqpzZwUVwqtQQUYyEwkZbXgUcxGasdAPIwKrPZKKpxB</element30><element31>MajIoJgOQzAvYemlNXQVPOZPGBrgvIcCDfQvHiAJntRNOIbjYO</element31><element32>FGvdVofOcMJinAQbxIQCMgRGprFrDNdfmnATctPMOXrFlEhTdz</element32><element33>KjaCZuAVWuxXhApaXliALzwYhpvIgbiWQNUMuuAeLRDhPbDlbi</element33><element34>vzIkqOGAEyeNUUWrhrUiSrXnHUKwgbEyhEBveznywHdmkgkgqQ</element34><element35>UzqXXeRRPOLlnszCsGjwNLWHkqqESQvtFirYGHjNYhzaGNrbcI</element35><element36>eVTEjydzZGXDLtEJpFtOqkTELOzCbcVpydoezKKzIbIsbgaeWb</element36><element37>tJpsWDIzRLJmJeKUpnnIWhNjluLsUmrAgPJfueeNtjxSTBBaqO</element37><element38>FqOKBIOgJAwYQbRhsDElkJIhyUVyNEhOVTXwtcSAvcTpRjyrOa</element38><element39>QtwCOcXTqwwATZSsZfCQXqAUCOhHmSyIeFfqtWxioiAMynHFMg</element39><element40>ygUqcBbqwWrFLzQjOezXFkVDtpDqaOjuFNwiqZMyffTJMaoCUg</element40><element41>VjWKMYbblFxfeJolSOWanOHOAoeMhULjPSfOAqdbSqjWWEERXF</element41><element42>YfHrSfzTZMQDsFPBrhEQxEfmzYysABwuqihiiSjknFceOOkKrA</element42><element43>hFVlqQUzkVttWnNKOJXjXeZsgymyCuBENbdrDWJWAtQbskDOKr</element43><element44>qvhzwnEXXQsUbXXiAowQbkuToLiXkVfLdZtLToLDgGKSNVVRQn</element44><element45>RBkUbQtYVtzVsARPEukSiPLqIeOmmKgujBZSHNsKBkJIvGYbTZ</element45><element46>JmxNMUcZnyvARJdSSIMrBkknQiaAPreOBHkzLfqFxxEmHqSGGG</element46><element47>xARvJfAVmuERhExenRDDcfRjuSOARJcRGavyVkHaPSOUXJtErd</element47><element48>WvrfQIDQUGZNVrCXoIHOwrDnCdzDvbKfyMldkWkZDgHTiTBEcN</element48></root>