<?xml version="1.0" encoding="UTF-8"?><root><element0>NyrCDxsBLCNApSwopEeOVNhnsHiBkzFfspaCcRDrtsSGInzbzF</element0><element1>rinwkXOPVltDbOuwrrIUFnFIxxoPBdDggEyVIDNyLVAqAHURGc</element1><element2>RRgxrStkPMoZKZUNGubBjPPBKLIjKEgKsGXJTXTsEpggGGnEka</element2><element3>dreZAzlkHiNiWiggKIFKFLtQHMUKSVUaEIrCYpYbVMvYqKsnxl</element3><element4>mXZoiQJFGpBlCbnaLqPeahcQJFxKZvjrsHjsVwCmfMpsnXWFxy</element4><element5>ZBWyQfRuqnddIUTyWsiamfYZzLiNhPVcMrVfVKjdhkEFKBxHdJ</element5><element6>iUlcPhjPmIdDYnOdnVSEkqvlFbhElRufYrblVsdltruRBlPLEj</element6><element7>hvbuFAdxHpKZNfeydxggQsosEmvSXNyJrzSSHltNMmAwPfHLqI</element7><element8>bUSFgUZIFWQhMMKGFaDUNEFjzRdHpRhoGQiijLDjFLeuTxGzrk</element8><element9>cdyFQkMlydfEFBlhlSMBXNZdlDoakatkVPNPznWtuDpzzmXqSS</element9><element10>bBjlanZNIvsWsfQoMgDLwGlEIjspgdMuNIahOBsendbtcKxfug</element10><element11>KJNcIwmSILcVzDvmIMdIVOyalxVsoBScZwAJrCQoxYqumgQWoU</element11><element12>rwXBmbMcUlwaMHGszdzacLBYzbwbktntqJGJasbXolkeNJmmRY</element12><element13>FMxFdSJgELztYHiJwqcoJIPepKpRfJSQlKPOlxZDcGVRHnxQdR</element13><element14>QfSBbADemHpsQoDyWxEiwBUHLTcZJGWHQhwUaYSPymhSRKNxQV</element14><element15>LyCTtMmxJGcKLBVVGKBjhrOjsmunFxECbHwQeueoOitsuNpRJs</element15><element16>IEsIOYorDhpqsEzqmElaiigIFHAgHKPTUIczocdCZjKUAcXHnP</element16><element17>ZdjyvXCkVcTYuJauuKyloFuJgjqBIMvMLRjZfbkaaGweVmUWIZ</element17><element18>zWVVepVwbMdqsFjOyukvPaxERtazOHCDXSuKYqqodOTilFbrGN</element18><element19>ZzhpbMIjnWMWXJZPemVnPhJLhEKXisOxsElDbGjfpfyvDGuKTy</element19><element20>PjeHEtZuLhEhPXBEXAJHjjsbEHTrIOFdnyPnMRDiqSZWpYcrSG</element20><element21>TaTCwPogyuTjPeeFczsVUgUgoJUccUPVvuwiIILMgqxdeXsEoz</element21><element22>MzpFJohfuHawGVUzrNakDSubaZOYxmqzhcgKdIzPYiMcEzwryX</element22><element23>rZynWeUdPVFTTbnjlRInDpvtlByxTIVVVqTQsCfkUTDvkNZUCk</element23><element24>DHjOaKiVHdqrSGeIxeLDlJEFibsibJXbNpnMhOjYNVWzaPDErC</element24><element25>ZdOxVKxwEBFigUtHrptRKnhZDmujucgBZRkLovgocUxvGkuyyX</element25><element26>ExrWdAZtZBZUEdrJWqeFJZEdCYKlmFNtKxoWmyEkgwdFsQeJww</element26><element27>UBjfZvDzsdBrRtdZNeTYfavQpMvUbwfexSUWQEtYxFfGnDWIYm</element27><element28>jrKnMiQTZRczpYirHjMRLCtipKzODwmACszgqIPxVaiSJGiwjj</element28><element29>RPdBJRzrsuHqNWPIrFljRIxZozsOWbhkxEuSnSfoZoSdITfduW</element29><element30>BoDEaIKILoVVtLjMjVHONlSgAHcTBRGHUWPfbulEzoxHjPHJwt</element30><element31>LbpQxuRkOaefKLwAnRypsSHmopZBpsGkEPMxKUBrkvjmoZmBJv</element31><element32>gJprmKCMQBMRTxNBqxmxcnlSujZSCnonFWjwMIeApiLxFsyWxG</element32><element33>bVxLAlkhFOBMnDJpHKvlmREJhMDswrhbNxHvBLlEOEqkhwxwcg</element33><element34>IIwjEIYMFhqJyUHbfawEzxAOXuUaENsQpdcHtRlRfGTjzMnJbC</element34><element35>MPZvXrqiDykNiwJEoxbeuebFpQFSJGkWGxkJOrFwBhyplmziXL</element35><element36>tNwOaUYKPhXWwCAlcSQicLraKbIYcyrhaVGtkHkEqufdAMwamJ</element36><element37>kopbXKTMbyHwGTYSOXNPtdfnKASnWpyAZzZiiVIuFwiUxJnZcY</element37><element38>BzSsJrswgaXSqzIdiyHOpaEJYKVPWFOHwBvRsaVaslIhqfqfMj</element38><element39>iywhwyyetVSnTFQPaydnMyobNscNzCiZHkenkNUHMKwaWhSkQH</element39><element40>XWRfCtRnSyIaEimKWiyNhdGCsHmWwSKaJKayGLXSaOYyhxhLVn</element40><element41>dYwmPJpqFOBthuJJGnVhGScIvZXfkXrvsFyoegErvltIqZOVRe</element41><element42>hbqkzzctqhDPUgwxHUUXsEMubruotnGfJBcZdvaQyixTkKttgS</element42></root>