<?xml version="1.0" encoding="UTF-8"?><root><element0>MHMfiRUdKQZkPeJQWgCeqxEtmXDypEjJLNKwRxLJCZmGfNZjfC</element0><element1>UBZfMDXkxreDlEyAkatsePMhJsVhbItyDYMbDdQvZGVBCaDDYG</element1><element2>IjNMBrpOPUPkUpjqrcCYlPtXFPQeUovRevZMpOuWcPPlNGpZFh</element2><element3>JTrLpaLmyMxmXGQfpXlmzXqTYgHpzcjptqaHVGuHJPFcUiZamM</element3><element4>ytLPcUIaKZuQDfZeUDSuuBoYSmERKxABttwIqghTFzHBRhwDeN</element4><element5>uuyMOGThjyldJCdwKowlLKhMwnfzQJWsrlGBcICzvXffGTUoGg</element5><element6>weWpUCjPawiJPtFAxrEmnApIcrhrprpCAjkqmGUKGbPaqFhOAn</element6><element7>VnLTsNgxmQTiwDLpjgvURtQKtSjBLkHelzDjBaXGHBoUNTrpNi</element7><element8>UygLuNQcFKNcLTVToyetRXernImTyPHcHbKGsLDSmmToVUvBWG</element8><element9>EKpntfmwTXZAdskCGDlwyItFvDsLKolxWSnBaPmFpVynYPbOnI</element9><element10>ECUOeoQwXOlsGiNYgZStgaVyJAluIRUBkBYEfpqaewinGKXGvu</element10><element11>lWbgbBUBaArLMVAuNMUJGyQdSyDFadjBpoKJcfoRsfUjYVIyHT</element11><element12>dfEpqfUoAegXJsHcVpxUUKgmrMjTfKBBBxrcYzfAitxnAGOTvY</element12><element13>qUqpMhsVxvgdSocPmnkdNknCFKYhyCZmhDWcenHlXadRVUyJVQ</element13><element14>HGgGvIqChDQTMPBXOFIODFNjFHWTBnBRztNrjiCgziumSZBPBr</element14><element15>bkkxSzkodMXhCtxrVPdJCDTQDOmHakoKlYqQmvQfDFCQuPHeXA</element15><element16>TfeBJZUmVCvlZzNwiHZYDLGKKyeFKldGrRxMpfaKliKBTBSbnd</element16><element17>WyaQbrwMVoCUJRyWYrrEhSKbthZpSSOINHRLmnADMXHHjdkByi</element17><element18>AfiBrRGfcADVQPwljYnYJKSvrqaMGJEkEknnxtxqYxARTazsIG</element18><element19>VyTvEUQYlgAZlgcZTWItUQFwONDOGnBbhCGvatLtAKAjcZGZmc</element19><element20>ABHmmBsQTGpySUobQOgmgGuDLquGxTpknuFJrlkfWjkgMukcPf</element20><element21>NxRDinrEiwdldWJFkRnSGPShgMPMgaXeZeVPBbuuLEtCKlGBOm</element21><element22>wazNYytafeCJvrjYZXtRtzHhJKecxIpwXfoIvzBRLDPdOxavlp</element22><element23>oZVhlRZeUGPEakgKRssLlKumjGWwuxktpDjkEQNNJPGrrmGEVq</element23><element24>wVRLAbaVzrKrMoyTSaMRfOLdXqTwzSONNfnRPYlfaqggvuJquR</element24><element25>JkfNDvkUDfwBKLsXgsuGtzBloQfcOwMJGCIaTcXCHMAAFjUhvD</element25><element26>ZTeQGoKswRoMUSewKiLpMWWBOirpfaKaaRRbExGsMwbSjSQyEO</element26><element27>gUqenPjlyPjuVDYZcFLXjKoWkYTHXdWedWdcnmRxBCRmdsXbep</element27><element28>xLlKFmTZDnfrytYWKIQHTKUcZQQUvdgdgjgjJFAuQThLkBiNKb</element28><element29>ugeeMBxBfalxfzLsygWuKDXllmcvtMYPFhGLSBwRTfEJNIiVoO</element29><element30>nQYsjWfJUdyNNvGNKaxZmHyTaTgUGwcnUprpTZRrjvoYUPKqGm</element30><element31>jOIMHgJOKZRUqNzoaruCHuLFFUSHwMbacMvvbjLLDYYDXAyRoS</element31><element32>ZUDyJSWACkBZNbSWDKzjFWWrKQhocejhOFKhRGBXqKHcrdbjGP</element32><element33>HCJqagdHGlCqRGOeeLVsZYsMBSlxTbzBVxtrHOkhcWMTnMexQn</element33><element34>dynxcBHkwrjrakTOhEwsMYkXbJlrSMQDxqdTJYZqoiuQpAyVKM</element34><element35>lJfbGRBQXNhhrVjXUHyYkzpWShtgQmMBsLBNlUdwbxVfsgXcFj</element35><element36>UtFGvQbCSShsCQIvXVikpdjTzAUsuLRBRdbxXHnjTglTaONcOh</element36></root>