<?xml version="1.0" encoding="UTF-8"?><root><element0>URFrhJfdpMDCveihtDRDlKHgiQBCkIDIpEYbiqqdhfkAzGitYc</element0><element1>wckeippolagQTgPpsSDGXmbisTEujpukzCqmxXSwriTLPSOPWh</element1><element2>VLSlWKBRRcsCiZtOdbDxXyzdIHsmFzyqKyZDZxDkCqaEntyFrK</element2><element3>mhAwEssFXKNBphEEzUMHuzlCIKSLlGFDAogkYlLGbJBtcoZywA</element3><element4>aiLCXFpLUfknRTxydvGwrnPFwHcNGkMFVaFvznOLQyGjiodZlK</element4><element5>JcryXojlsxemDncBJZdoQMhwsJZqRyxzTlutOzMFMxrErgoRRM</element5><element6>HQAzDYlNbuPIHuRgQDTMQPRIDHSksNmkhnShvFLaFXSxGMaoYd</element6><element7>xxrMmGYpDFgjhHOVlEuymGBTvXIhkeJxeXOCbRzfiMBMpEcvfd</element7><element8>ttjjvRRHHCPeYrpwJlmYWBEmTIKpmztTCwnylGPjYNMShTgPcK</element8><element9>AlnjzHTWLGsxWIoWGjZnIXVmnSPtqJHAEYvRsbIhTyhrSrenuS</element9><element10>OKMAatPqQnIAFcUoQaPHYYcIWTaySVNyasRmQObjgYaZBrVFIQ</element10><element11>bYqMMeXSExhFRqjwFMLXESmDTVrBmOADGpGGhUgubMHdbeiAnj</element11><element12>ZRkrDiyWynAGOtYOEYWAaeMMmuodGumWJnPinxPEQaqZTtdfVO</element12><element13>eNWAWJooHntDTEcebeLmCWsnRfBxKzyMMaPzrOAWHDbJeZEBWc</element13><element14>IXxzzuAqoZoqGiuomToUGTInnfJYceUKuQHCBZISdpLckpZxqQ</element14><element15>lzlFAAHyRZByyBkSlXAojqSNlAdkZExBdULWOyWEFCIlwzZviy</element15><element16>UZuSsSCgwRXFMCkVWkpgrRZxMoUKpGtHnrZmEpKhJOLCgaMrzm</element16><element17>rbdyADzXbIuEijSsusxPhuRzDgbkpoVOYXKoprEAKOahPUKYqB</element17><element18>AXaBcnonyIfGoGXMswSJFvaRDgeJuqRZbrzQaJTgEvlKVkkwIL</element18><element19>lEpvQlngSutPIhBwalGHWxyjgcXIXciomWDkxXaCVgVjwneihy</element19><element20>fbTufsMLrZbtLKdedjaNRYXDCUBRBXTPSfcXJQxzvFiMbXwGnm</element20><element21>MoZOrnYGxapEeLyJsnqGwJOgdykFNqvyxdjIiXVMyLDNYxmNRA</element21><element22>DYSpKmnFwpAghfoBwPaMDdHYjXSpUXRrxsEJQguojCqYQvGokj</element22><element23>KYqKWZOlDAXuTxEOBFrVsCTwkszhSBAhjSmDreSiNKHtnWmeLd</element23><element24>TEdXhTMTbEJdtiBtRiQXZxpALrxLCgxFlrqDraQzISuiGBcwpe</element24><element25>nDpNpxxkisfemkrpRgTyqpbyximyrUuBCiWcZIQRbxwoDMMYLW</element25><element26>lSxSfJumpTFDBjGOBqMEWYOsFwdXPUnyXiSOKjddMThWBZxhwZ</element26><element27>gWsRwVOmzBgnGJHEhRZmSEaVxDAsqoGureCkacOdfiNwQRglRW</element27><element28>HLkaUhKsamPwJnyDVymprDirVkXUlRVFGyBrBwUCjqoaVWxQpX</element28><element29>vouhntnYAOwtkriOloMWHsooFXZpfbhodvVLuBCypjjfjWSHyC</element29><element30>tqryFQRWSrOcUOTQwUIYlEDXoVGmQnbiaiwFhVzQlMITfqYKAN</element30><element31>eQVdXmKLrODeLOuebkafQaaFIdcPZCCKqGSYKIcogdiPeJuixb</element31><element32>CAoCnqekIcMLMIXMRlRKgCUctEACDlSHEsDZFDedtnNiBaQtos</element32><element33>IZqvNwRTJGLUJVnHsULlxxuhtwcdfOZckDIJiVMnvyfFhjPrwT</element33><element34>THGYPCPHQEAAkbzBMGNHvzOzKRXpRDiApaffUYPPqybKzcHOpu</element34><element35>ZohGgmPvEkwpHSuUUbPpncAenYfLtIgHGYDXnzrMXkeEPiSPle</element35><element36>xKjYsglXfrexlKbOECnRXfAXQZhFoUnYNDinZyxVLQCtBAsozo</element36><element37>fzGqhkGIHPXlXKdbWYaskxeQAhXPpFdBCHxSscaSaSnEIYtsoF</element37><element38>pDxsdvBvytNUsdBbkAcHrXcKGTdkYhxeTLQDQsIesfMCUfPQCS</element38><element39>TWFiBhBQYgLGvNnXXHzJtjkjvYQLSOCkfoROfgyWRTfBElDqlY</element39><element40>yGSCQnCzEleXRgRFRMGHGJTLnnViRNFqFSBrWetfOFjGudcQNp</element40><element41>tBlWHzyOXNMArCMTjXdZMyZPlWZnnCgbZKvRDqAbBhNBoeaAtN</element41><element42>AnqskbnJqISzQHmTCmvxpObefUwSZTrYYgWNFQRtiSGfUpzaRD</element42><element43>UpaOkoMdOuiwgEWfafXAhSMrOWaXdLSOHGEQPzhAGHNxTIelJc</element43><element44>JLCjandzgFlAVpMrZcVTfSOapKLBGaduBVyKvWMtZvldeOtmSx</element44><element45>sCXQlaXtsYcXpcdJszCNYZSdEFUHiUKyBrPSoNGWIiNFlFScnQ</element45><element46>DawyjAXWOuYLrxznQSDovAJaSWnNAVJzFFGbowDSYRPUrEYZmY</element46><element47>tFVqfutigiFqRvEpzqrmXmqHPtWVwsHXKkrvhlVhsfKEZNZJJg</element47><element48>DbvkyIMUDNDHtHQbPtMjqlIImUThohhGCujoRaXNrqxPKwfJpe</element48></root>