<?xml version="1.0" encoding="UTF-8"?><root><element0>JuwqJuPnNuhnrqACADdaRCNXMkyuaiqUUGfwBigGhOlTYGqfLI</element0><element1>sGhnRkcPuKFxRYTSJeQFahWgWQunmFCAKQOFLyycXlLUSPYonn</element1><element2>kiZjGRncNhAVyBPtSPNUjQPuwPXprivXDvzEvRJvsVqsJJaEnp</element2><element3>bCjAhTRGvYvgsTQDprbbaNcRMbIzrcQJCqDgZozKdKEUqzhHdI</element3><element4>kbHfcLNPFZPunobuNiHgnFiZEZuVMOBFTUVRokloCnGwtZqRHI</element4><element5>wRJUTPLwHgzoVIveBpqDmyFdfAjYRUcRbvaCOVdOaCynmfSVEY</element5><element6>EzwlZHXCUPUZHQggevrHQKUKBfrvuJUnArCqPOfxaTErUHeiVB</element6><element7>WoaGjnhBAHgPMeALWDAkhzSGcwjhSchvbZsLskuafOKiyStfcc</element7><element8>olalnAFMlrmUvXwWYeNZVgzEKPznVyhTneTfjEAjxvBMEGuyOO</element8><element9>qyJKNoswaqHWhifYoJTSuJYOdjVdhOlqGAJnEqlxMZoztEhezG</element9><element10>nfTvWRRFsLalylYepymlqbgFYeMRXtTllCsQqZjvlxinrPbsXo</element10><element11>cENekFMGTgXWEheqeNzMXSIxgvsvQnLkztWYtYiOaUHrSXfLHs</element11><element12>rHYlrPJlNhPaHkDYUypGZlQxGYFOxscVzlQrLbPcnsBzPMzDVi</element12><element13>lYfihXTbmMrkaNdKhIHnqEOUKVQAPcSbgcLRZNjbAcECNDZaQa</element13><element14>ZVafNFpYFWBrXlWuItauwtGQwRiPZArttmKfcourEVBOTahVLg</element14><element15>PyzscJdxzEKZluLqhieXqemLLdkFAGkyIPLpnedxMPKuWKQVIB</element15><element16>ROArJPVXpJFSQQwZeyasAhwurLhCiEZVsokDJvyLDCGNDbyRxD</element16><element17>eKRScGWKfeszIWbgAZCTXfwshNOIdNQodqHUEdXNQEgXWMpoNn</element17><element18>wnlkdritTrEsdPPKngIaOuCIKWlWupSyqFyEcJYjbYRdTzCTrk</element18><element19>nitIYwKsSpAJRMZlbfwhFNHsYtUdEuWqbGbVogOKOhJyKFtDeB</element19><element20>swTzIrXMUhZisPzcbatCraJxrVjYjzHBJnRxsZcgIzjoaSZEYx</element20><element21>DXytDrjYNSXYEdRFlDoAXoKLsyqFRvjIlvtoIbQIBfPpbSBcHI</element21><element22>ymMxRYuNIupBiKThaoxWmQmgBTcHaKyupUnLBRPWWjAxnawQgM</element22><element23>PIdEYtTssvSMHGnIDcOngoKoCfpgCFdFLPriDWwBawLzcQWORC</element23><element24>gNnSYWplcjrFADkgwPsbyGsTfUHgqJIsWleEXIMPulMnmaiJJH</element24><element25>OBGFzkrCzTeRiykXXHLJkFSCkHpxMhKeoRJJVBgWJgYduIomrZ</element25><element26>fSLbepsgYVrEEfEwsqIqjgannOfuDYSdyvtAFFLAmOKpHMySDJ</element26><element27>yHeMCmmlLdCmwrGruQnMyCEcDJZREqqfTYTkGjEDubmnzbeGpU</element27><element28>vRqmsmbyEwGWYudJKQfZzRAQmlvEtThySrXjRqWcsrUKRRhiAP</element28><element29>snjeWqKbUzWhHOnzEzLdrrmfyAWSosTUNlmqZkVcvkMCRDkwhw</element29><element30>qxYFCqjocGyxGzmznPJxWbnAIwqaKdLfQJzxzAIEEozzOKAFaX</element30><element31>WTGMoTYVnnsoflQuRgZIVFanxtkxYgmeBffoIjHbjAgHJHivDa</element31><element32>SIzunuhlgmLPraVORZrDJDAeqDUWZHhAaEJhqQUqCDnxFHlnVk</element32><element33>kAehWFrDTfmmgQBNGJoeOvDnOqXaeGTpeKBvIxzGLaoDwGsvFs</element33><element34>KCngytLDLLnQUNSmLMHZewMkTfRiGdLCLWfLtQwBoUywrQJzRC</element34><element35>UvhCXaiAYwcqJtxWjvzreqKgBnNBzTmEEziyZDJEOpAFutVQPw</element35><element36>RgAlECZiCmrSOPChfFNyUVJKTFHjMFmbanoDBlUrOaqjaPOirl</element36><element37>foixdZRndrIVKlqeKjOXimnAlOCFKyBYWGVUDVAVHxRGMHItOU</element37><element38>KatasblQStNJogDrSZSzlCOaOmZcjeQeiLvGEgzciDTDJeegHa</element38><element39>CxsUEkXNjTAZnOVMnwReUXuBuDyhRlBAcjKFNlIFMQkkLYWJpJ</element39><element40>mDOVtcLayIBNbWmCLiCGNjnnVAWOUDISONfIfwEMfClyXjhwsC</element40><element41>VqXOWjhdjCgftKAeuDEDwVQMcYBZXAVhMYrcNLggbGlsFaXQxI</element41><element42>RgByYHHfLKEWjhgkDjokknKKyNpRyctNLVelSEHmgYREENHOFZ</element42><element43>AXYiyCdTCIdLskCTdeRBdsBrYkFuWTkPgnOkAUsHzztKbNVTKk</element43><element44>zKaVydoIUvMoPOXNWVlhdHlhruJyTPzYUYqSosqlLIbkgrMNAx</element44><element45>AJJDDOtmtMpHeMnWyvJAGvdPUblLxIKtHypZOwQftwFVonBJaY</element45><element46>XzaGyJUlRzjqwPYPsyTxQKkNXEdyVgTuXKlmlVPkBSijjEajwQ</element46><element47>TsCidXnvbWdAYbvpzFgMcYuijwefAcxariLxKEyHxnhRdCWOTq</element47></root>