<?xml version="1.0" encoding="UTF-8"?><root><element0>veshZkUMmKHbymjYDoUMOOjpdsFAWQGejOYVpEACaXUkSJmTJT</element0><element1>yyaYxfhiUCRsKbuoxRQdKqQnoWLXLEvtoGXWdVzloUuygpVMEA</element1><element2>BQZkwidfFVwtzwXWqiAWJglrVvuARYrtsiurSKZFtMwwYSaarC</element2><element3>PjiksoXNmOYmqeehfHjbXCflqPpaqsjajlyaaoVHBxkytEQTzq</element3><element4>XnsJDDJmezEDSoqiAzmiZPlXmdwJlsuGFhEnoFpaqcYChsPcXD</element4><element5>EQRLXvEFhmMsdEFOigDCxZLqZsfugvxnqebkaXFBoNbBZAsXbF</element5><element6>GXgJZgSdeBSvvGDxfDpYTRYLPecadTozHmESHiaOzlXrENcrUi</element6><element7>WXlaqIICBmJDyRaIQbthdjiOlIvfWQTQQeFVyCOXhzhZRkecmE</element7><element8>XDsFXuBxqNNEyWitvYxinrwwnHXjgvPPuvuaSLrjntVNZOrFLh</element8><element9>WbBNhAxiTLcVaAUElGifMknlsbseoadolOPfGRGVHnJZszvKhD</element9><element10>FaVwPydshaThEyUDuyjEAyqQqodBEuQSmNUnCOOONueetRibcx</element10><element11>fsRIDVsNpqNjfQiwbkMSOYWBFwhpmSIGmzgipQtDAzJyaJLtys</element11><element12>TxFNPvEbOJsVZQtoBSPvMYtXGLcEVrRZeBWGXETtgUkxnXlKfP</element12><element13>oMseKhkuKZmCrOVNHknMcetVcuHJoWNUGpcIcitFOLjCRgDIrm</element13><element14>fUWplzgcgnVGiAiQfrdyMmjvIjwwbRtwRHtGSmnKpdZTRGQXcS</element14><element15>QJiOBzkANNCYbjvCQLzYkqDnSXgbThJBBUPrlTODGFrWvqalId</element15><element16>gVRNftazslkfrxTNVeBqcJOTvzZOcdXGwipyfXzieCldeGGyTv</element16><element17>dLpmibzgrFmOJPTEneWMmjzhcTZsaxjvTIlTTyoXzGxXVWmiXf</element17><element18>PfVxUqWeAHAFzNStOhHHVBAhKEWlngdasSXsALhnnyBmBeaQCv</element18><element19>gqbmnJpIbReqIQheTZBDFBHZFqOgluKHQAOhOVtUYsxQhTpRqj</element19><element20>tKtvHGZCERYuHuCYXMhszWCuJuKttmDvROFduzstlYcrkdMjHF</element20><element21>vtmLlxXiLhZirHWlJHLFyNMBtOrqBqssxQiHqVKZCoAWZxjPnV</element21><element22>ekvozpoLFBfKdHMsJoDlsqXSwBrtUEfQNbaedAilHkRiGQhAXu</element22><element23>PmnnzCuqjbJKpFtRNRAPoKBsSoevoBqGNdHPuXOAwzoyirMNMV</element23><element24>jaNLoZOJcmwosYpTVDjdtLKHbqaSlLwRSePNODHhJTGVpUmugu</element24><element25>WmzzBXwzhNuRLWliBARJKStjCtjwhpIrDXGwKVtSwqgLZOftYs</element25><element26>dCSJYXovqZGoSjElxmwRaAszUYuTrJyNykfPZFlyxVvRNSHtUK</element26><element27>cnUDGidoqDIWOooNlGheHAxUvrRXxsQtIeFSmaulmxOoIPPAAr</element27><element28>cFKPNaubnsZQvahxVgJNWiwHcQguTTSChyDeTzxfwdAniaDjaQ</element28><element29>fPwLaqPFUfGbazDZxVMCjRaWZDndDrhTeBQMBWgWcqMDQLGlFY</element29><element30>ToBCYQygMMtUYCFHoRaidYuPhYpiadbACcsgIuGqecuwmVpEUg</element30><element31>EMnZkirSBAupibzoEwyvczMcGkXSUJkGZAAqiaaQXMyrCKSHWc</element31><element32>ShNDNjbtziozABmGRvOcuFtJcpHtCcbBrHndDQcLlLmQcTDgBs</element32><element33>InbuJQuminoWerlKjTcIGWaXzepKARmToWwiAbrfLMQfHvQPuF</element33><element34>nXTZLePMmAlQGAapYtgvWbajhfrGljZlWUaEIiqqtQpfmwviVA</element34><element35>mOKAKXjdkdMlMynuAHKiDwvQtzWCoUDZffTIEKtGbXukxALyyV</element35><element36>nPEDluHrQmdOVPoqPKFslZXuejEcFEjVhRebgINqkeVAbDpYtz</element36><element37>fbKxBpGRifeOcuPkqngiRWCDIaQGMJIwLuwXKFtgQFBJqyYnwE</element37><element38>gNMEULSkYPKVPhHTXioLcZEZPaeNiDTdHfbDeMFVmGGvQWXgTm</element38><element39>WeaqErHuIaRpvSfJcIgMdtCXxszdtIpnChZsBpsmHAXhgSGixw</element39><element40>UjFFvbSxrROHmesucgBJQUhefDnoerWIfdOjxBOXjspGfbIObC</element40><element41>tBjXkJgusLgNdYRdqloBjUotUAknJThbJuGeKynknxvXtteAzK</element41></root>