<?xml version="1.0" encoding="UTF-8"?><root><element0>EdzlwKbONcaXZAgidGAtiITGrJHCRCnGyqPqqXcJsHAjfXPwQX</element0><element1>HRuyVcONSFsqTtrYpWKGdqFOylyvodISrjVIHGtBYZTJIwjKja</element1><element2>tdashKgGupWZOOXypjzuyLduVDqWFItpzLDwSgcxhOGoudSEBE</element2><element3>NAWUQJzlbLEDVuwDgGsDwJkUguypLEGJcLuDfgRRnwRevnhndt</element3><element4>XDahIktQIRoQumwnJZVANOogHaexEIQZpVTYyrCYzhYFxjCIdt</element4><element5>PYAtDPoxMBsjfBZlUebIxRAProcfbmBtUZqElZCYLzgCYIbcsb</element5><element6>eDTIyXsQpbQGeGLUpoCkIQaXbLXqSEaszKIvBXoLeViBHLrJZs</element6><element7>cjZcnJocWvvAxRSfvWWqVjhhgrHhvklvijthGrRoWpwSCWJwyM</element7><element8>pnKFDIUqsOuYVRKAqUAiKMgHcQVesULiHTUpsnPAdUToQFxQqo</element8><element9>wVRFugfikfCYSOnBVTRqPMzrmtVoRqVWwXdGThdYsUOuWRUkla</element9><element10>wjKseSmdHlLlJISdwHRYsbbxuYXRUOcCkzNsIlCHStqhFQDfkA</element10><element11>ZGyOYnjFfLAkieQyoviWcXIyyqyfsYAYPSSqkGecptlqdhNLIJ</element11><element12>OKvVJIbARrjKHdKOWQIXdAqnZTyMAtNKuJRiwMAXIxTeGbOJhj</element12><element13>ppDVtoLEaqbFZcQsJzQanatAuorpfdzOuaiuEuUOCHBAXjfpEB</element13><element14>MNEixYcGNxtBiwRdrEpgqkOUngyBnYNQMElugBMQjwXpmvlKml</element14><element15>TfWbIzXCfnfInXFQkxKCTciAgCtiwffjOqFSTCafqRJsZLlrfM</element15><element16>iFfoVHXbgTzJZosLEPpqUmrlKZblRwcpEBudguravqRQSGNNyU</element16><element17>AMsciMrmnbVSCwpjXZSBjjAJEnYPMBESQKxQPOxnzHbTTQQiMq</element17><element18>TtQOXMaRfRnTgtmmiuTNWrdXbQXddGCQwcQHBhkOuWkGLgEppm</element18><element19>WpbNJntvHxhaLiTHoKoHncgEUQDGJJiSvPSHlsSnCRzdhXrvkc</element19><element20>uPKGQdXUHKPSqxzbVnEPlJqqunxSnHHMaCterjmDqpUCaNdTVo</element20><element21>vIAftyghPnqmhpYrQacBFnkaRKObxwIFuJHVbwsmoLyedYQSEr</element21><element22>GCDUMrXzJbzLOOoiqYmGFbPxnVYzgmKBmWlVIzjoLfQkAQhXaC</element22><element23>viKbMmlnaarvsmqLovVhBlxndeOfMpoNCSCDxClDrSFSnVAJPO</element23><element24>JBLkSMfwLfbJirglEnyOdAftwzqTTPNLBYmveIKzOUDljUpTDC</element24><element25>BQgjInlKqbmxpUJyMwDIdELvjBRjvBRkYaVoCGcjAnpwktkvjR</element25><element26>HNrbKkwfoVWxVVOPiMFDMaNzuaoZSBjsOEUeLWYrRrADDIZdAE</element26><element27>EtxTqVSsGltHFnAAqwhfgWtPYASHydchpCqnqKqGvXwGebiyST</element27><element28>bxnLPPcahLuerQAIYYovRMQVAYawRAmBULVCBfYFYpMiLpUAGc</element28><element29>sJchuvDVaGYZFcxYimbMDbXcfgXvuSMLWRBIApCTApJmiFvZbk</element29><element30>jmPBZNVWkURBOzMwjLHWKAoUxEGhtPCGccYUUBPIwhHouZSuUJ</element30><element31>aIDCjtBJshblmLGjslCzaMefKleuKOmTkEDZCawXDcQmlpyyxA</element31><element32>zpQjIhKbAOndIiSlYHGpjCspgcNIOicldEcufhLXNyaHDQkYvY</element32></root>