<?xml version="1.0" encoding="UTF-8"?><root><element0>tRYYJIcMAreWpCYZIpPzlAtOBLlSvevkjhRtbJzMhHyxXIXGfD</element0><element1>FnPWqagToQzvelcojhNlphytTDCRoREJDtsorEETUzNNbBIjDb</element1><element2>uVoVSxsZzFifaedhwHvBmcSgATtbydBDcvaAURZjdQuuuSpfoR</element2><element3>KCXNFvQdCbcPtsQRAqchxEaQMCqPykOHfNoKQfEqYKsnKgFTUX</element3><element4>FaYsZwXjlxEXTzKGeiEZZbfNhgfHlmSNBtmCbrnubgiNhbAOTj</element4><element5>wASHhJokGlABKmqjsEQBvHUAvZgMYZGchWTaTaOeGhxFuNgDkn</element5><element6>FkfpaftcKLSdTZzhkhbVouJhWGlNwCEVzxnwjduAIMlKCGkZbE</element6><element7>mXqtwyEaSoAxMCEQpeGASgqChnTateLftayfQLFTLtSfjwTfPH</element7><element8>dkQfrZWdmIEaLfiSfnoILpZdLcJprlSpaXshVCkrBddaxbpBtq</element8><element9>irdxSJMHmPAeLMuhfwVrPYEJhEMMBsEfGTDQqPAYzEfDrzwrHb</element9><element10>btmnymQGVToaRJHrXbmKdTYFziSTuqrNPrPePDDladzFbEhhZJ</element10><element11>MkxMbisQhnmSJLSrNsaomdFmGPCQGFJJVpnWlpSAAOhoHyEHfp</element11><element12>PylclgMJTepgiZaIHcgXhEqIdvHokjNYovpwCNiCPMTLWCYxCy</element12><element13>FDPWAqTjLRfBcxSKxzSDUTxoPtZdwVOjvzZXybkniuvkmStqMT</element13><element14>zvmpOEhZDcnfWPLvYanGBXhguKzGxwzLUvgjZATosghCyYPrMx</element14><element15>NgveoncIWlFpAGUfuiQknmdrZAjHxFBmCOuLyNeEEYgOfAwNtN</element15><element16>guOYxnsdEjElYVcZiRjLOXUBEjkVrdQtysNXKGCKBlFsJHZFVM</element16><element17>wBuCgchKwWReeYfpcXEAAxnVCxeWUsAvFFCHMXzuTVPtnImkFR</element17><element18>DfVuHTOHCdziIZKPaRYfbYbhscLiTCgFHGGrRzPKqCuvJsZOAG</element18><element19>isllxABrsPjrOatkOyeTZCiBOPnBhPfxcIpLnttlDuYdKflbrb</element19><element20>tjWkXsITyBuoHvCnlrCmtBLbYVfzYJWuyKrSbMqxzPGcfoxIxA</element20><element21>WGwKdYjkFZKtdBCBjROVcyJoFKaMaLUtbGkYpZvyiQRIpgPXhH</element21><element22>bSpCsIPipuTwOPglRdbnDZxSNfwGguOmivmvYxXTaFMxPwzCvr</element22><element23>YXVVxzvaTeWQYLrUWkMfkhriVVYmFQpSmuPlBTVOSmoUgdChpl</element23><element24>IHlGTXfwYDimUdMKODbyGJYPfZtEwwgGiYGMtJfBJnihxTjLao</element24><element25>GzlHjzSUnhjUuGVRZsmzAfnSUKzcwaZhrIaTMPAiwbwGeZGDrb</element25><element26>DOOefKzqvPLARDMLnjZKvvNzhOSGSyUmJzVBXvfqoTpEnOuwLh</element26><element27>baJQJEWwGRtftXsnXkIJDTORqwVKPyxwhntyExIqEvXWdrIhEW</element27><element28>tTDtlyzpAFJklQnjYqnPvNZzWGNToreujRSfivERcMxsanoKBP</element28><element29>RbRrsgKBHYEShZXcYUAiZXZycCLTJLxGEgjjdORMRvjVEAyTLu</element29><element30>jmspyVFSOkHEpMbkLjuQsglofKZJfsFoFtvXCARtCptNjaEHdy</element30><element31>oQEKqdTjVeCSKRoLvlAkCtSBXnEjnWqTivkXRqhfePWqUmgWLw</element31><element32>sAwIZEmwOqPnVplKDMQTsKfCZruIGsaJgPMIMnEMPlZOwGaBuf</element32><element33>PcLLbBsTpEjWOoFZCqTcHZMepdktxUfUIEZphITFdVuPSfhcVG</element33><element34>pycLzhpQsLaVdhqBQKeDtZQIUaOFpusBhlUqkmjpvniBdZmJft</element34><element35>gFigLpYtNJvQxPQKvGnCXOzsDiiHyQnYhZwZnKvbpzoTXkAbGy</element35><element36>dxSnveIFhxmdrNTiJqCCPvyvFiinEnfXnVSTYXDeAjufmSIhQu</element36><element37>vzXVhDvzNDXuuIdtRhdNqKeNAazBqaXlxGnDZOCNUWSfZIDEoF</element37><element38>EdXKEYUppNJCcJRTifjZNwLThgPyLatJJHVIZpwIZcwHtRtSGQ</element38><element39>qwMrhcvxFxzZvPpVgLrMJeIeKFxMdtWyVsebiihZxbjCJkHuqa</element39></root>