<?xml version="1.0" encoding="UTF-8"?><root><element0>vtXhhgUepRbdcNjpXRwJICiHuQrotjbtkGtgHfsZhkYccqcjaz</element0><element1>prCsjjMhDMoVtUTClyaBCroFAFqZgRAuibVXQzXfkswiIOVLmH</element1><element2>OZeuqgWaEFCtUOOwnFebhOvaZFXeQtOQCKVllZBkKfPbPxvDad</element2><element3>oGDgSgdTTXWMaALpdduZRVmIfqXiaiKGwEUeQOLZmuMRCJxeET</element3><element4>fkxFchKqAPwLQsTRDEfTzPojUZCWPWMcPbUCkraEUugYgckMWD</element4><element5>JwLCUbRGdGmEyFFRiMqKaiFUTDbpgilKqlXJYjAFUxbHuzLIng</element5><element6>SpHSIbYsNPVqgdtlQKXSpRROnYXbqNuwvpesctLDuzGwfyEhpZ</element6><element7>jGEUjQirbWcJMEAgFJmPXoNGqprJdinvuMFZxrulCSujZTvNAE</element7><element8>MwUtJMUZPJBogegVfahyQZOUNFsMMaIbZmyOVHHlJGwKqEhgyY</element8><element9>sLVsnHPWqZwLOHiVOkgUdkEKbOjGqzCenaMYZWtmYtnNlqIiNt</element9><element10>pNiMcdMEwuTOwqEFFdKDRvjeNSxrmQupkScQZEjvMCxscAmEYM</element10><element11>gWvJffgklrigDTygysFsKHitZgzEURFfLsccHJEGcfXrfauOlI</element11><element12>SvorYHdhPElCYgGOgGeCHWyNRZpABOFmFKxHYHtBdmAikpfoJs</element12><element13>dNufmacTivfsCDkXQdDWTYjomjyCMHYsvETbAIcLZtODRxsvFZ</element13><element14>ADBcnCRBkIgKFtenUUKnTiTYmSVJroyhnSNJnANVTJKzfQHCxW</element14><element15>rOtNpnRhFAmTxsbjykBSYwSHfByQKsZWNnHReZOnJspTbQqKde</element15><element16>HhwTRMmAECSBtGJjgsIOKbZWZLicsyjANZUGCTmHhudDaPGagX</element16><element17>PrwWyztryzlEMSyyXdqPQSadFuJhyqWXOpMskeJeGxKpyaiCvn</element17><element18>hnYQuNSlYLfaZiGyVoUcTIPSPUOZpYQSjefhKQRafPCHFYCcnR</element18><element19>ruWEGfMXianymXVsXNredbJkJCuGRFGGAMJcYnBECeulXrkScn</element19><element20>ZGWWcCToQmjdUuYyPcUpeENNNorrsCxXOtlPkNacAvIhtnwMHu</element20></root>