<?xml version="1.0" encoding="UTF-8"?><root><element0>wPDGRfSSlnTRpjSJqJdCGgQvjMSPcZLMTUWqOpbWAdRzILKscJ</element0><element1>IgTjwcgftoCwVcVFsxucbperQvqREQRHIJEltyWujWBYcTTJNw</element1><element2>oeKYVeOPZGNMRAXnqzVApMegtmtqKeZGYAUMJlclsVKXOCFMTY</element2><element3>UlSbXhWEUUCidmADBBiHSVaVTNLKRQYYJmpRZXhAAxXFHqigQW</element3><element4>xHTPaFHCwkhjdMICdeuAdLtMjTivxTdVIqmAYztinswbHeEADQ</element4><element5>IcawAjfkdSqyvUbDfcsgSugIehglbWYwHQFvqkuGoHTrUbAmIP</element5><element6>WzgNqzOkyULEwNWZSAQRNnFNIrivDAimHNdccLZiEUfazWWNdT</element6><element7>LiVXRavDYZwIiJPoRDlJRnFfukrcfcslDvjoBEdEJrVwivLwMg</element7><element8>pMyEXzmUXzYBpalFCnBeKrWlYvswoWeAPMNzcXScCQuCgssaea</element8><element9>zGwWwHMIsHGyyHcWDuijWURPDpAXDPcntXuyXWrYwcidwkuQHe</element9><element10>VVsBkuvNqKKzCsxprYGpffCFpgNpqjTsogqgnnguLvAKLhBWmK</element10><element11>kXPBMMCWaLaHFRYQQOlaeVElfqAuIueQVWMEUDEeeLEwxzXpgy</element11><element12>UDKMoOlMQbBNhOsFhXfNSNuTbQiEViYPvEqHWuFIPUyIzCZPGW</element12><element13>daWuujTyYtbzgzQQkfijXFfsLfPufffcIbeyfpIhBBStUHyAhu</element13><element14>HDNIFOzxHYhaPEIfynDiaQzRCZiSeLwVyAcxKnmmmPgbPYrWGx</element14><element15>giWnvMJWtZQWcRPnzBKSYnBZyTGFZDbKAPNFiSckIcvoQBTEWN</element15><element16>pHZkgiDFXVCUXHQNHnzjMGyGzikHYEtNgKwBZzMZTLVFSImtvc</element16><element17>nMwPbWuALlzJRoHjdiTLGxqEQOxCMastfNcCCUrHVIFBDdUxev</element17><element18>KBVqXQiWMpulflvAmuDnDTdfnAwzlItpnbCCYYCuVVSWgdDEZk</element18><element19>GtQLzPRffXXpeCIiPZKcSxqvJrlZytshgHNpWXnCHTSvgNAAaB</element19><element20>LcbKNHepjUAQMMKyojnzfDMtBjfKUTCJRGVIyWkXDobLLxYQXK</element20><element21>dbICzpEyDYIBTESShZsbxRuIRbWwnpIgcerVbtvcsAzYgebscK</element21><element22>lmpcNldGjDVGEkAXTwckHNuZisfpODVFNQjaviKZLJIiyFkEZx</element22><element23>hkTPYapQBEWXrNHuCHrcOCoowjbjNwsswGmiAMijIMrxRSaVqY</element23><element24>wXDMnIzdmLbZKEAcPaYkveGPVPKLHqYZWOwwQgrNEewgZMkveW</element24><element25>ytpLdQfqdEehXZJspLReNLhmOGlbIIWjHXMcxqBjoqetoTgkWX</element25></root>