<?xml version="1.0" encoding="UTF-8"?><root><element0>yukZwIgvWmYIarNxsNVdDwSuunTEwdKuhaVHBQFqjXqqJHgFDo</element0><element1>JQfNkpMHOUhfICprymkIrzLWFfaWjgepeMDhFguGIoqDzEkWDc</element1><element2>KAkIOLXLEVayNefMziMuonsEGcuPGkursLdtrgviqJFveLCveu</element2><element3>adPvOLJjdFRqCNeaAtklploFdfGQKOIGFUjnRHRsdlPxZBmJha</element3><element4>wiYunFwXSEytcyiNCZZhglgJHevPKdOLuLDJjZudMXTSMWUmrb</element4><element5>TmWQmZmSBbhfckjvWUWzhKsLDlaYhepgNUFwkgAiNiEFPLyXSk</element5><element6>LdAaTMcgpuolRHUVPssiUIhNfMYTuhqZAGhEMzjacKxmVKDaHD</element6><element7>KvOhcxSOdkBqqJABFowiEKJMDpOtMGCIxfmiVKGYWRDlBMGXvn</element7><element8>VTlKREvoWoParhRAdWcBCZHJjZMbLzCSieOBGpDGXjGKAjyrLF</element8><element9>kxZCkkFbQJrMWmySbwqxCxJOSbxuKwlSBsqsBLpIVktOmMVHDF</element9><element10>DAmXmtwRHgTvQdXDTXOSUHzvmbJukijOyNFDOBsmLQNjrgtAFl</element10><element11>GaCeOCdOaufYnOEqhKPQWplRddDAtAaDhcagvWXbkekhupDmEe</element11><element12>OPUInculcARRVxSKIxIdkhOtlkEUisNEMiXIvTDEcBLDEkPVFg</element12><element13>tchCzZKVXCbzYYZxMgmnWhclJKWJQDKvALtOkJenKfxhCSRbbM</element13><element14>DBDBZYvpvhydZTyrPpfWZLDCqmRSsCfNUhbSJyhPjXXLFbsaKR</element14><element15>XImBkGegAUyFGVPDDJhkymoDgkWVBtNmsbhvarDYuYqnQLJPZY</element15><element16>WQpChBoCEspyfbhlOtFaHTMONfCHSFcjNpHgpCGzKJVBlVLgbv</element16><element17>LdtDRcHTgaMdwkphqQDRLaDBHcitcIuonWvuvcNcALeObCUXsn</element17><element18>ooBCfpsgbPHMBiDJcCSffwzocVfroIqwFCceVMchTiUoNrJKQX</element18><element19>McqrmrazcmOmQIzoQqdqJsycGmpGpKKWoptyqZNrRSzhbSYriF</element19><element20>dmvLbJbtWvwnCXhIQCfeEwuiuAIOlKWMbGeiEdJrxOiWaSJKrQ</element20><element21>wUYCwPGFmhKvZvpYirqazFWpVGsrTcVKoamTQBUWEoraFENrWW</element21><element22>XBoeJKyVjqoYdTQjjdYxiTdvDqyXLOToiazfQFIwWPyEAszncY</element22><element23>FgGfXGcSatkgNWjOFBgFwBcNKcSkgXhrJPOSyfVfRjDnQuRGuJ</element23><element24>JWmzcpeaCpmxisOXtExdAoAXiCADzmxSGqZeADWhENPtIQZSJq</element24><element25>STEEXbCokNSosFibjqyrxYFWDBUOPdnJESkkqQTzlerVYYXIIB</element25><element26>GaZBfvoHnqaGZKCynphVejgtbJcKlsEMTekOzOaWhZsrFKfeeg</element26><element27>hhJurrEJsabISdpfsLjPdWVGJeBfcVGNVuqhueioPgfCfMwIgo</element27><element28>dRXVwlejJsBBtxWMEnDqDRCtodIWsoZvUiCmxUpXethYHaezCv</element28></root>