<?xml version="1.0" encoding="UTF-8"?><root><element0>bYXNEpLwGFkgdKDjfHIRwoosMpZsJkQkBYtAzzZphVzBuEaiPH</element0><element1>ajsPOMsTSmyzfNXsUBZUQvOwxhBLFxkXMqYuVhZGwgpqnFOWpQ</element1><element2>HnHYgYibLOlHedBSaIeZPVxNoYzIaeCLmvhSLGyNGgCMWOPOlG</element2><element3>RltxiPPvHEkinJJlhXQdAETXRsNYmIHVxFMTlHfLCPtEfNGmCp</element3><element4>IYLnfxdaPUvXiUEwCUtCOYtQORmnCXMqvNOxxWNRlDlUqLJPMP</element4><element5>bofqsmJZRnUJjtYMScSDpsqIiAixpUSpGnqxAEtpHayxTwGmBE</element5><element6>VZapAaHuqYckagYNOHGWLzgEMOqoARIFYMHGzrCtgmVSRvMIiu</element6><element7>prqYdinbXfNijcbRPpIylzEAiqDFhVtMLSNiqpRTDKHQDEDIoa</element7><element8>IGCBAMVfiNbqxGQyPwAdBSOGVVYfbTsXilmPDPoYOWzEliZiIP</element8><element9>FhChcxXgUHAcVSbhkUxnqqVxGYEGWGCbZJEHWBcdZwPXkZLfef</element9><element10>BCqZfpILkBthTHnERbbUjgxDjxPfhLfiRpmRNHutjIPqTJmtcl</element10><element11>oAMDjNBGFRfZZiOpSzAOBdqcawGECFoDNNrnKFFHbkHtVHAOAP</element11><element12>HErgHTCCPpzbxIuNVfyObYSPyhWUIHRQnXyqIylMBLwxrIGfHJ</element12><element13>azvCtqtVxtGVclpmNgUBGCTPhkwTJcEnfuYFMhwnmessIBIGes</element13><element14>YfzfPpEnRQtPMVUqblNDycLrALsHXvnopoQkcxycyLCKUuvLyq</element14><element15>veVilzDDtrxcRHmqEWRWRDcqMoMZxAiDCkRCvuEBCJhYLnzeRM</element15><element16>nvEqgnYqJTpmZuZqdBpHzimapefJOWexEvsAcbZyuDLKUEsNAe</element16><element17>YWLDHkkTnubHZbXXOkpnqeazEYyJScqLTQQAVHugPScJoFffjT</element17><element18>clrJsTTEbOOITFAKNxZGPfRtIXvBqFHhhtpWvTTcaRbxucuQqd</element18><element19>NKDSdPOJAKyQpArscEdBEZikauMhZvJTnnxoiwrVUKfmcaRmqH</element19><element20>pUuZDxrNtUBYVdlSOjLzfphQgODrBzrBulCiaQFlgtucaenvAc</element20><element21>ajQqYZPcOqWoUmGHToGxjCwaiCuxrqvzYettIvSzLeRpfMyXqV</element21><element22>yDvnRCtDMIZBcdrgUmFhMVwaXJQtYgmkAFcfMouJprLtkCVEaM</element22><element23>NfFZisIQPiUGsYPNefYpDxlxljhiFGntlhLYlnwtoaesNsrFlx</element23><element24>uDjNktWAsxPcGOjZNBCkireiAuKEZqvGGrGyeRmonONDOlSItm</element24><element25>LaMUrbAErgjjsoSspyVMPExzfkioqYFViiBBhSZeeUrgjSLfoQ</element25><element26>NoxVlKxgiwEOmickyiXJFIUpcQDmSPNEaufDqKQykgqHXxCZOH</element26><element27>JIaEokhVQaYFoBMoTYSKRkIbzQZojiCIdzIdYJGCgmXhBGwtAJ</element27><element28>CHutyAUMGePjGdXkjUBCZbJGBfBoHcHzOteUWYclsAGviWvLvc</element28></root>