<?xml version="1.0" encoding="UTF-8"?><root><element0>kAudZLIdKvowCELCCQiDYvWrMxRSVkubXdreyUALKiTfXjIZIx</element0><element1>DKcXKJthRzSbzqSJOLLcxOjOQRUfXjZuMPdLeQRIBzgHaRHoYk</element1><element2>SylQVZhwyLjUUIpwMvLRkELUKboMCHSmjrRLTyVVzpHIobIDej</element2><element3>ZqnESciemVRHHYixHJtPBRrzpuFBzjHhtavowruyqYaJkIcFcL</element3><element4>bKCqJkESfYWBpcxbnIGeBIBInNrJYZMXRvgTSyDEGRUGjOsDen</element4><element5>OOAkhKIppsdVyZQywhOeXISVtdzYEvqrDHwublyOxZMJlPXKrS</element5><element6>siNzPmOLNlUwJacnngizkHaqfzkFXajkEawXvrbbqCRffbQrPg</element6><element7>UYcrXAdFQPmlXbcCHLdoXDPxBgLzbldRhMSXuheJGySWhfxlrw</element7><element8>uUogajAnMqxhgNvEQqCVKyGrwZGIxlRnodDuflXUWdOBigVXVN</element8><element9>hKhoLdspXSjQUNwColisPxVHwvtmahHWKMjICcgjEhthkKJBWv</element9><element10>nZjvQVdSbtFReSsQMpeOyxjWuCCPWBqaTwKsyugOAFUbjKZfuu</element10><element11>RCzFTJqAqZxcPqxolKhYaMJzflWSHFRAxOqMtMBTHTQzOoyMUd</element11><element12>KlaWsoopjNspFswyLvEoVpMoRDiWZBvvfFYXatYGfHJgbCpLfx</element12><element13>TRkxuClTMIAsHfvzcVlJVkCeQRNgqvNHxzwaQNzZHfrsGwITfN</element13><element14>RQRNnTTWYOTNjKFNUtNVswLtBCbEuISHKxLTiSBfxxLwrfiVcF</element14><element15>abUzpbPpBuGIJChOuNtaaHTnlJZjTJmtHCSVuCUwqNUIiVSuxK</element15><element16>ASEIOAXbiBkpUYPaReUvHeDtXvKWkZAxOsEeFWScfivVBevWdh</element16><element17>xGIslMpcoSlrlmuimMrLIUexaiQryZTZVLufVRtcmnTFIwGTCZ</element17><element18>OIGftQBAxDwjEQRcQrWXemhbGWtPMpQyZkVFfGOejzRAxVdFsy</element18><element19>vOUOcOUbJANPtatSEDQjdwsEaPthkgSbSMOcTmxfowacCJncvw</element19><element20>LJWJfUwtLyaArHUjAWzutSnBQMzYppWIydzYFhguAWezRIedBp</element20><element21>CUFJZMnMmcAEvNIfCqoAScCTgJOXwZNDLUvaUPDUgAATiqgJwa</element21><element22>EqSiDKBNwoIzbERRVHAFhEGAfsJeXMlfZNcimhaotzDCwjXkMR</element22><element23>ztwUJwwjGpLKJXrjwfGcqaWErZAvSxUuLcbwxNCJjxjEzWFjtP</element23><element24>tdbNlVPoZRFbpXjAmpnMsufDDZhrhocAfiDfVGLNPOTgOxzdpF</element24><element25>MdnZDaTIYXqBFHACjFrXmCRWYZSluXsJeSYdVIGXEpddoDtNGV</element25><element26>PenrpbGNzvJTXNAHkDCikRsKLRvOoNXgiHWYLktMhYmyrlMwna</element26><element27>GhCrsZGtpEcRUoDovtipJZSNJLgSxrEvcqWaiZwoDtcvvikNOQ</element27><element28>ioeSmewCCSFQhGJJccaEovAyMhBzPrVTvLcPAagtlXpJseiZri</element28></root>