<?xml version="1.0" encoding="UTF-8"?><root><element0>FIZYBMboRBXuWwJxoVAheHIkbrjSwurBQIWtVVdGqnbUswfUKZ</element0><element1>dZhpziyQuROwmRQYkPCWdXGeGHyBwvZRoEtZhuZqCmVttGfBRL</element1><element2>aAijweXWrkJeguhmIyaZnSfBqnOeRRZOxGlOETtUxxEMAKdEOF</element2><element3>xxzKeWTrRweDDyEMnAXnkHhVYkOITZrkYOCoAjVdjoarSfhFUY</element3><element4>bZtHbMqVwHhjVSpRBtuivsENBuJAGazUicLrfliudqkUPVQECf</element4><element5>EuRZOWUmgCWwppZnPjqNEKJixAbUVRVsHkeYzVarDHqvdTWXiG</element5><element6>xFsRGsFTNisaPvtAZReOmCfzHbFtGoxdPiydQHoJUczXsSabIK</element6><element7>HjhyEnvcJVrMvuXEzAtSkdorHDwVDfupGKaVQgeKciOFxFNvdm</element7><element8>wgFNetIUCgORiZjYyqLrZhMHqMhuoowkZMvnxfXDrECCNXVara</element8><element9>hHSMmmltjUgnoFNdRsZTQdLhSJYQMidqEWRLCkJLfKIcvJJTwP</element9><element10>qTUnanZPZyTTIvccgFNXZIoWuAXIGvfXzJcnderLvIschKUmNL</element10><element11>hOOxSwapusVzjkEAQglfkFIeIGGxhuBCAnxSICvdwzVDyuhVmu</element11><element12>VlJvtYAtMiBemLiqfqnAjlOPuqsxvWemhHKaYwHNzozSDlHJTh</element12><element13>HLvchgrvqVmWdzoChBkEVNcqYoATQFcfCHWpjMKOiElHPaEgMy</element13><element14>WqPcfhvkMCilwVQdcKmCPBxluzHlVTktIMAYwicmRfJmdqbxFH</element14></root>