<?xml version="1.0" encoding="UTF-8"?><root><element0>bZjHouLdiHbbwWwGGpbYBGcdecqihWsnyFtVlemukbkVCJKdNo</element0><element1>EQXyLDAuwYwuZKTsTBdlnxfzNVSWgDHuoxmUIDMixjnjyJYTyt</element1><element2>JsTMradsSLLSqwcSjTTddTsLRKvAewaDrQNLgjtkLrYWkrCPKz</element2><element3>iMGZNylxJxUoQRIoDsOiQXQGzsNRxVszrnudxCaJSskBBsReJz</element3><element4>oQGwfHFyuojRxkQNLiUWyoZxdBuyfVNXhEzrVKhWXsexqBhzSf</element4><element5>BIfPhGkUkxOCtvrWRnmkpXgHfovdBGzfImiPvVEujJuRQQWXyB</element5><element6>oWEhZQPBYoyTAUeEeCeaORqxzdrIKpYwVCgcMsQuquJtlotyYL</element6><element7>PQEGghzYnuTzuYKKXnPtCNptEoEXRiqtSCUFQBQPsNbaywdzFs</element7><element8>KxNUELLpvUxJrTPozdqQkMVyJvKMSJNBMeJHZhIzrIWIoandeK</element8><element9>NdWapZnulasHfKPDicHErmaXjHQqePkKxFyAzaIgLdsBisufjO</element9><element10>gevTqBTKIOVmlGbkpnGCPCPoMMyxfbNahJxDzebwcfruwAiGvV</element10><element11>VoxrJiOHNyavBytySqcSgCngWODsfryDmehKyVMSucFqqjFgPh</element11><element12>UhCODdSoqaREjTBTIgbfmfslrKPRaXnxWOHPmeMbnhUHSUyIGM</element12><element13>qBOSROfvnJRpvwtuxTJAFskybBGCciDHMycygRKFFyhPtpwcbJ</element13><element14>eqQSnMBbIsiZXQPGKQwrJpwZdivDfovkNZFTECFELgJUPZiVrj</element14><element15>ufiJNqYwCrMYZqTDrerTSCwSKeIcHgsKskKtdogpTNRMEVTtcy</element15><element16>NjXVMtcajYeBjMrJwxhGmzWvJKbfBKYITdOvldFUOOjsSaLZub</element16><element17>omzRqFMzNtCzuFpuzbEQhVxfKRZHYKabKRaAuDmrpNjNhhGJnr</element17><element18>ERllUvkbXKlpWEmKKeZMvjvdCpQSzhpBOdAKSiQZMHonLpoVOh</element18><element19>kiGhQMDxZGDzvOLToqRKziCQaWCxhYkCmBWTBJoRHbbmWGGxRz</element19><element20>UgpxaSMpcxlDNqeZSvjRbZbtsvqjJkdFSaFUrkXWsWzaDCGFCP</element20><element21>sPDqPVmUEgtSthomIdintYiudkYsMWZWqikaKqAbJPPeLGqWdv</element21></root>