<?xml version="1.0" encoding="UTF-8"?><root><element0>oyOLfhAmhyAvxJXTJPclQnmaTAklefCNjvNDiYrMaOejOLjTHq</element0><element1>eFzQHoEwoduYwYvxPZHwFHXIqTeGgwGbrOCUUhUleqvyFEslUH</element1><element2>BeTTZerfCeNLhAuFDcYdWohMjHfWLgasXSlWtMCbnQSthRxrsA</element2><element3>DiLNDgQagUlvaAMqmmxShMnXVRniulqPLJkGbsJEMDfbKysNiZ</element3><element4>YdlfVAoaZRYRKtZvpKhskNZbEqyhepmmlJXAGtbYeyXbQlPimR</element4><element5>xunSWacTBAJiQYOHHIaOucijkxMdMUJHstjTBhGKwgQYbdHBzL</element5><element6>FhdSeywedUjrrTpICsHoCBOUcflXwAdlzUYglDxbgqheRSjQLp</element6><element7>XpDxknkadRwGFBxnuxwaHMmXxYAsTHLFxQMrLCnkmXeuSXwGhC</element7><element8>YIboIvlBhqcPEgWDIVtIdeDhMJpJeQUaPBchigNvTpmRoxgGen</element8><element9>eJuSYOYCePQELknjTiYiofcHBDUQUZIJlybixiwNSFKRElobeT</element9><element10>mYSXgSXxVzOAFNPMKOtgbgmzRBzfYdFMdXDDlmBcxcWqEpJeKx</element10><element11>ySPCDSGYzwsFpMrhwJbdYBvzXigpDqfNqCTzBVcZehXKEZxAjR</element11><element12>VhgpMaTTZrejFIEbstotiXeEuksuryDnolCRkRkJFkadkWhrTF</element12><element13>esgBkKvLNneNUJkcHIWCzisIHvrMClqIyNrlCXbzkKUFbnznUF</element13><element14>ZgphDOliMhbcRZyfPKKDKKGCTussvkHGdMdWdynOQizOeIqoOX</element14><element15>hSTsCWtfqJqVTmkmVrWAqMfGyaPlQoybKIolXbsodtKQYNCEio</element15><element16>FXKJDhyEudSQisBlgpuhiJEVpjbTcGHbvPHyHhMlrdOoGgpLeY</element16><element17>eoxtBBUXNGvTAODNdksREPXoNdAnxLYXNVUMpJwbNxWqagAdqj</element17><element18>wIUeWUxdOrTgSROreVMxhTjTHaKMaiAvZXUgQUyaJkeyjSBqiL</element18><element19>gOSCxUnZJgmTyZdVJbXFugIuOfUtmPuFQWaHeSjQWqSxsglkcU</element19><element20>dxpZZEdWcHcZitdBUHiKupRbapaAzhxJgbGEWhroBPQJvMwvAN</element20><element21>BjBXpMJiDemDkDzeLlUAuKGBJnJWqguBkoKIRusDAdkivzJhgx</element21><element22>ozZNrNoemunThytRsYorfxLwnytnqplwPjPmaMPVCMdlhKinJD</element22><element23>QsCuulIWFbUaKbqZLPYCVuQTbMPKgmCMxhjDSaOwUnZAMurrYi</element23><element24>jLagENShuzjCLXKNajuVLcSKUfjQJuEUGQXYdiTUVQqndXHepV</element24><element25>AreZngDPPzNtCwNCQjoeqbURFzXkygyrymsvGjPRxOxZDTneHb</element25><element26>IWpwyNFGpluxweOqSJbaJPjwgqwgwbKeChGUPnSFuACqzmmlJd</element26><element27>IchlfzaOpvnOMUhlfKAAgypeYKWicmRKIUfqrgRVcsnNBMrWdF</element27><element28>oHGupbunOSsWsxkKZmmdIMhUXXKwOinZzFzYVxCBYkutvOGVeg</element28><element29>TBuHgbCZpznUTDnIMUTrwumIzHsWQQCjXVWVRgckHgeyNZVZvL</element29><element30>CCpTHUdYzcIFSRsrvhDrkJzbRzwhKnFXQHOtBxNPWSXbQXjVGu</element30><element31>EQjcLZWRihOePcwAycRzGsQixkryjSStDfynWBfEoJgnhXNBXF</element31></root>