<?xml version="1.0" encoding="UTF-8"?><root><element0>RoYNhfDLxDBrmUyaHftMIkNEELTQhKiExUwOWAGsClltqWTtxm</element0><element1>QqEYTTaShnlVTiAEAYkDiwLDdNhkUOggfrLZobbsCGDRMCtEfi</element1><element2>cXcMuoxVHuhSHUqSYbCAKWxvxLvtWgjVDopOWfhzlVATrPQOar</element2><element3>QGBLUwBNdZupuIkYQxKTaIcfDPQOTGvZsfJNbQKRfICvtouskP</element3><element4>UWjUJFsivoGCseYPmhnXNkikkqyPKOqodWIhRVwigeXtXvDPGn</element4><element5>oTUiAOwXLWcZZTHVNBAlHkshbpuUKfaohPmpZfqBJjtPJMSAmw</element5><element6>oEgbNfvUfcfsolWBodiwaoMHskAzqKmeBbdydBenfGZBQIprab</element6><element7>GWsBzxTnhqccCTyTePaEjfjtDqpwOXgWHKUCwRALnOIXYnIZbs</element7><element8>uiWytvQLgBwwnuQIsvSCmClKtIJLGbzpjqGiETQhAWLaIfcouI</element8><element9>ANVmWvZTQCCLcQeIVbokcgcVzMElmAWTKiaxLfRwQlJbkcWaXe</element9><element10>ZEcuevvrJvbeEVcMtcsbJOZDirMnesCZGCytibQFpcHxsdqUqF</element10><element11>morODsETmaWXCcLwLQQdsZycyCTvAmdcoENZceiJwdqOsLIqeg</element11><element12>nduhyLzUSFfEGMGOatKTqcZnvkcJGFFGXWCxRyBQlsgqnEQBjx</element12><element13>wZLYNtxasCADisZptlzCmOqSfJLFlbFpqXeJVXtwbQpkXkMNiB</element13><element14>tLPcKIjkkrmKwUPlRgPnhuBjtkqkMxCkJNcTrEubOsoYtzYAGG</element14><element15>CoNzXLtGoOBKcAtAqrFzOQuVijXOVmjROjoLRMUjHRbxPzLRTQ</element15><element16>HodIUsQhrIrJzOQPSfYtXnBqnVsVhpSdnplsMQWnsHlcHJKJkj</element16><element17>gMIaNTCAdugvhQBbcQNTvCGMsmEWfXMJgGpgJxhhkbPtTboMXC</element17><element18>hpLSbQOJUXMjASgMfzLgUORPhCfHSLojsBmDzOCOkeaJokXLsf</element18><element19>yGqUkCUwxRDbFjUTJItZehikCyAzbiPlMxwDHuHHHxGklICqEE</element19><element20>UTZDIQHlKbNvhGVHYKYiVrbqBgaBPMgzPUTYUNYcbAAFGUeEnk</element20><element21>CfGqkhKaLjQGbKtAyMiHkYQEHWcnDgegspYWKpsHuNKOcPWgmn</element21><element22>iubemidvcpvAXJrlXUPUgGOZTvTYJQmpsezARjCCycaqIVkGVD</element22><element23>wnHlbdGgrsjFcOqFulAvWBDgGwtjivDLWKpzWGhxuVacFKRtsz</element23><element24>kZsxWRbmfiFIGANLdTkIeMXGMuhQZjaZHnmowclXVkTzVuxqHx</element24><element25>WcgKAbOYuMFwzjZTXvAtOyrbQIphFsFRZJavEmBOLoukYDjfIU</element25><element26>lHcogiMucozNIaBTtMTohdBiyodOkLjLJvKflOARJssHBslSGv</element26><element27>atjTiwTgLdnxnmxMzDWdBPTjExynemToKaRNblwRtWlzTCbmIe</element27><element28>JYsvmzwNelkqaDVUruCblWejuvCShaupwrhKKmtfcIrnjgvaWC</element28><element29>EjwDlElvoxIMyQBvhAUqbTwUMzfDQqDwFcvSguJKQHccFeZIop</element29><element30>CkyypKTNokvhsPkTMIQcBVuRoBHAEFVDULbSvxKNlOguEhGnJm</element30><element31>lvcfbiOkWmBBJUhkAPPyyEZXzgYBLrrEinkypDQzKjvlgdlTiI</element31><element32>lAIsjqtmYhFrZsWxIfJhfyfpsoIOThrqCmDnsxWDgsqgOsafTP</element32><element33>maLWlZAbRmuXTDqyjrfRiFrPukBbZqwDkzKwUvqdEqXNzYIcvI</element33><element34>CeLpKxFrsxRSDiEQnkXIPJplAvdlqzBmKQiWXgjxpmzUCMwVDG</element34><element35>XCNpONdrxYjxdDCMaivRaiDpNObRkVVosIJmncoPZEujhehFlC</element35><element36>sUSKhrggcATHteDdlQBErvMpHdvZLBLQViQgFQWXfzHoMSGgLR</element36><element37>BznYGPwYVEqOaOecbQDpmFsXYwMHzjLsWAzJlinGRqBiYtHOXQ</element37><element38>MGzPDxBsObKpSYbAFxjhFWCiDuMiOOtovGFZerIpbgecCpyBmR</element38><element39>PWYlQJkLvoZrlBIBKrNasGiUyIdwbpSiXKSOwQdovtMTvApXlB</element39><element40>hmpnejqKPLjZHhlrEtmEkmpPBBPkSOaegmHyzqfKDNyQfsKuVQ</element40></root>