<?xml version="1.0" encoding="UTF-8"?><root><element0>fjLOKrzABWuUbQKbhMgAGxlApBJgeEjvmhRqTcbjRNCjxtbVrI</element0><element1>hsDvcYBtZQFGQDFHMTrgfeakxWOjxPTeEjRcswHaeHsMbEGtZJ</element1><element2>xOQTJLFpfVZJcQJjhqpUIyaWmXtTmUBvrICxTIirEjCKdyGCKu</element2><element3>vrrAyGZWcxaZucVmJkWsYmFCJuNyqSwRuIdFXhQHOxDDeQgQJb</element3><element4>GyblENoAlVccWcYljpIUaHDcmnchekPXwRAuIEjhhFYQGoQOFs</element4><element5>APaSKTEySydzZCQItEDyxSjBDYQnTYiYDAIEOLWENjULeBwvKU</element5><element6>JoAxFbkBkqjAGxpQJWpcrhANdeuxqaLLgwJeNEhwllQMpKEVCe</element6><element7>sTGTAqgyQCkpHIugVsmPcUCTeRruzcSriWRtqHiDBANcvNqyiU</element7><element8>iyxghzXkfYOIaxDKRaWlZfZeBdxkVYSGFLuaecSKqDMAZNgQmx</element8><element9>hIvdIbZqObQQPmzlVHyUtpMecIGwLgeySyFKpHOYuKteJZEAjA</element9><element10>tqqcwJMjGeJpVoTKWsxTxwYzmjRqXHiiqfjkcColzNIWQWjihf</element10><element11>yBstJZEHHAvooNUHFJQtzDznfkuaOKhYpmYgXsAeWlFXDMxBpP</element11><element12>TkAQDjNWlzkqkZGzvdTywTkjvqUVPASRmUdlRWWsNUthCKlaAj</element12><element13>YBDbZLpToFKzYNfnlTvTLITxRttYOinbzPgKODmvFRBbwncOsy</element13><element14>CsARqGFRBFggmitttcTfsjXEEsIUAkKOlVbEcFEYoFdtjGfvMd</element14><element15>BFzsGSWDqJNQnftRObDtgXPummiGpqzzvzsHzWyybBedPKkOKY</element15><element16>QdlkYtQuNSOjFcDdfpzbhXiKYTSDZsTItCbLbGezPLwgvrTHYr</element16><element17>gDmFIuipztaAifODAqAtXBBQeyRHwyBGNfVqJVuaQRzthgXlAk</element17><element18>jENrfaMfTpXouvEVPycOjUzIhAUOmQmDBgdqjoNRQJIPsIYcmU</element18><element19>hIVRxvpsINeuIrqEuOhbdmvgmBQpIghaWSSYgoPmuxXqwMMuJT</element19><element20>rDqpATIPdqOOdcDqftjBetxTOiOBYEoczvXrlGMwtUVlCGTtPY</element20><element21>xcGCvLRoFjElXdYASeteZtChEgYWJwMVuAVvmbmYYpCuJnIJoA</element21><element22>DMHCaEofSiwvEcDwRWfjWbmXgeaXgoSdjHYTlOCitMeNOyompN</element22><element23>IhWcRuiffzwbPTuHUEKcFEAWqMPmyGublxUhFXVlwhjJpNtqKT</element23><element24>LhpDgjHbfyJIEPmUEjQKYNpjjWXItfQewkyAqNcuDnOFYnKrOR</element24><element25>xNLyaAGHZvfvRXyIXXlMYPOSPODoRIKDeXaUzLsOFgTmDtYjlW</element25><element26>ysFiKkTvvvlMcbnSHfuyJBzJJoMwQVZCFIRRcMYrUllpFPBnZd</element26><element27>FqvLdUxOqPxmyAVJYWesVuDbPPxFjgwaAoXGMqXNpjihOYuTXZ</element27><element28>lFnmOxecFGUhrXHhQkIKWLQaBlnGAfMjIUMzegkIfwEnzfpqYy</element28><element29>skAuuiaPZFUvcmighCSaFDHmlSbMgOjkfzpRTtfWLsbKPxyaOB</element29><element30>TmDlFggPHkEWkImRslkpdbldxoSXTLLyatHcctZvsqCqtuCaFf</element30><element31>PydmJozNXNETgdlHybvBKlhylzFnbUymfkaRYqtdMJNtvJqTaa</element31><element32>gPMUeNGkSrjqqjmKLehzDiaOZoVDUorktLRExwekzRAnBuByNT</element32><element33>YZpTCAYuHmEPudtGmQJKqwAPmDjZNLBHrJbpcUYQKAOHpJZrPU</element33><element34>eMSxZuKOmNxhQNazrpAyNdCxAJbxReFVAHBQKTwoHCLGKykUBE</element34><element35>RxoPZQhhSqbZucYfFRBfFYpQcrSZYEZcMtlSZUSJUEHKcHEmeX</element35><element36>ISHNQCVHRwxRDWHNttgpoEJzwavBJXmsJAWAMWhtxSxiNCmIBk</element36><element37>NkciZwzhROWTEMmyKHulFtKtutAsUtVwIByetShbylgVdaCoph</element37><element38>XNnIWgVtVIUinsJLwDTCYqPgTysgOIfLAHgUSTRaphdlQqfYCg</element38><element39>mFwJUiZfkjEDTVJzghLSieWPpmwTupkIUUdhtPkFHAsSIhnSTI</element39><element40>TNkNKFypUFDYEmDlLezWoDKNZajeKuMCZIiPZnTRggTLptWrAA</element40><element41>XlAZugatFmtAPgPmWcwuTFCjJWaupEZfLCsKxQrZZRkVnITgfH</element41><element42>npbQomTvFZJgSmxxLSLpKijXkIYGtbDJtihiPOZziNiMYciyCB</element42><element43>DEzreIZJsMbwGqobfhOEOTHzRNtJeBxQGsXADrOGtmOUuLQnst</element43><element44>tetvPgNvjmaJPFXfVVBepVzyTkVYsRxHBOubjDYFPPpuxuwEvR</element44><element45>WAiHzVRyNwmubfxgjWQxVsluOjpvWHnegZBWugdhYcAzUShAHz</element45><element46>vROIBtifSOxAXZrUsPBBqSrMJpTJsQTciEhnXfKJgNnTYdgAua</element46><element47>PodDdRcKYcBWbmkaDdMZkxzMUHnjRyaaPyHUYoXTnGZJehAkZA</element47></root>