<?xml version="1.0" encoding="UTF-8"?><root><element0>zzRLclZuDdQaFRNpKZzPgNTKqpGBquMEkKklRRVmpAvGqPwxua</element0><element1>xZAEEGWOxENBdHkXhzFJEGtFPyRNtKJlphefUSjLBfnGXXZUCv</element1><element2>gRxWyDuTzmkfPBlCoSCBboQUIJcKCuLCGxmWDUxfTlDlibyUcS</element2><element3>RzeCNHGlEzemkKFvvarzAomvjVPiAnADhigVPloVOTdszQYWSr</element3><element4>nEQHyFjXifwxFVufEMlzQLitwacwuhkLAtxTnWovOQGjnNweug</element4><element5>MzGmfJgDLPtbyetXIiFMwhWIKBnpbfWuNqPuqbVsbwnUUXxnYc</element5><element6>CYZFXbNDjMWUdlSPoiBSvgFkrPHpLvHLFpWQWQpliXbmUegczY</element6><element7>uApeYAZjvfShVhJMJnlcOzNPCDLbkhvwAKxmkztUgYZrpoKqJI</element7><element8>jZpxMghqeiuUOpPNjXApCbwcQHGGqMEyuVPwhaFCIDCLMYTPTY</element8><element9>loHqNxYgbJMksLSejbdsZOAwHCslPrHjWRtvLgXAYdpiiWRPMG</element9><element10>sbksDJyyievyIYSnsWIjKRfETgTKyEoOFzOHCwIHIMMbkKsclS</element10><element11>wHNLPqIWcQSsrZkjAqBNPbUFheZnDjVpZBcLpTKLsNdpsBSffW</element11><element12>TLUofaGHofkbFNnEEOFcOazWgChLetilJueInvcLnWAmAHyQtv</element12><element13>hlLlNvcOcFaumTidWyfpWqltIGZbEMUiOpctyRBhIOAozSPYOZ</element13><element14>GkTohokjTVZEOeWtoVILqhofsttwGwaYyKhaiAixYBmPsFRDjY</element14><element15>XNKeQxhRyMqhengBDvHOpEvhddTNsrzSPFyQojELZNZaxVmymP</element15><element16>QDScomSDVKPqhVkMpsFuOSRTbdUbZzaehKRYBZkxPzgKIttAvv</element16></root>