<?xml version="1.0" encoding="UTF-8"?><root><element0>krETIJKFJiZYNrssGVzLJUwsOPylGOjEjpGzKGfZIJeuaJuDZe</element0><element1>nFVtVDnsqahBZtniEflgRWmPeNLhAAtQKUCuowUfdJUuZkRFVB</element1><element2>BEtXqPMrzWguOmmKTvrISHrQwdmdYnJtvvwfVOvVEnGQhOKPGy</element2><element3>oPbdALCdhtbNqMVKskGJOpxZsaSqgjNCBmsVPXsTNDebvfYzru</element3><element4>FiJwYxWwCfrzvqIbPzpsRPLjzQMkECaWAEwiMSiJDYzpgjunLT</element4><element5>oJWAUbUCWBYCgQEppgpcsNGtrqPyWgmceZeOyATPFpgLCAqBjb</element5><element6>MMtegWiHdVLyphNCQDqWRZnGiwfrvUlzGcOSeONxKxXQCNLSzQ</element6><element7>VKiTFZTbOzUrZqnoUdsGeYkAEqqWFpGxBRVDRvtaJbBoUkBhus</element7><element8>RdSjDJMNjBNgirlPKBXLycCHQxsuHloskYKhtXipwLdQlAyPdG</element8><element9>KDBHiSAVKBjfJdbbINBdHyjjMFTdQuQMaSGmyaFynVuALHIYTH</element9><element10>xnemwKxEwyZcQUTHvqWOUEMEEcQDwoVDlVsSIpuXWHZOpEJXgU</element10><element11>btjzNkgaWcreApUlHxXktMtJbpANmuaCqMEZOeGQItfvSQRdCj</element11><element12>nvPewcIFTyroxIbNYpSjdRfXsdhTeBFQzYbsqssBWjZjGLAimY</element12><element13>tLTQbICqCXKyvjImKQjhdLoaQxSmTFCcOjQcFXktawMpzlMzYL</element13><element14>yoUSaKhWFGYMbDwFtkRqgwtpPERvfytBUaOeuDTyNrOcQZNgot</element14><element15>zqJCWDNagnscpCASLcIdooYzSZYaKWljwgYYfNhtSWqeYCQnvN</element15><element16>gQMeNHyHYPUwjJpGDVKYUyZKAyPrXSrfhAweuRuDWZGXAWpjHy</element16><element17>jVaJaxKjAxDwAUXKbvPBHFfHijfHooNZceekyxboAlECjUmFeR</element17><element18>TKycSJnesZRSoOwMWwGgVcsmLKilvBKmGTMiyxdZUVjobZiPiq</element18><element19>WCvDVAUUkYKqScNfelHwCdnhtGqZgvFULqFMXqjpCDelKavoCm</element19><element20>DwcfJPsOdQKMgEsisgicFPzwRKOQQdUtIIBRpLjCHLGCeUrOyw</element20><element21>ukxyKeptYCjwUlkVOlyGeEArUTXsdlytKCRbUitNFwbtjmRqJP</element21></root>