<?xml version="1.0" encoding="UTF-8"?><root><element0>GodscdHWwikFezKsDmefSyWkTmlWIsqWmtrMcUaYmiJISDLeTq</element0><element1>FCStUAZIqRmfrrxYAzXkaKmLHncaxUyHSVcPkLzUsXuuBCqKLw</element1><element2>hBLUVNdWGJERLtobBWsUbRBUDvHGYEyFYVtYHJsccefbFKnWIV</element2><element3>nTXxaClStyvoKjFYCCNadsiqHOIgcgVYDXBAhuAHCgiPUzUaMK</element3><element4>myJYlhkARnmFKtYFCVnQEPkyjsRLScJaeyfDtQumsERKtaSjNN</element4><element5>phCHiEFqFbrExSlcWoOMhcZMRUvJDddzduIwhtyUOiFwGakkry</element5><element6>MqGRksMqlpBTaLfqDxSDMuUqpwkSxclsSYrZjDQDnUGXVzrubO</element6><element7>NLAEghuCNhUYHRlROPtPjLHVfCuWxEcDFcgIKLzdfaHWxFWdlS</element7><element8>kpBYMdzkFogJUaVQGtyvmLnJMWrvPfAoQPXgderBuncuFPnsYb</element8><element9>VpPxuafRgZZZooMIVEgpXUUQLXUdOvnFIUwZvbWCnbyfNjbQyV</element9><element10>vWFDIXTOPdGmGKQJkePuuXYCDFgVJmIJVOAIhHmoIqlNOPnboQ</element10><element11>LforjNrDyqTSXsvPEnBJdDXEuoOpRTHwNapbbDQkHpyAswtQlg</element11><element12>piyKZierDhsyrdELmrzpneFmTAFxhbcKGovMiiCzhkoADdxeAk</element12><element13>XoVAIIefHLHUQNQGLdFSrsyJmNqYPrlVmfpiPUjgeHbIPTfFoc</element13><element14>KWCwqTXoRqqjTAdDCcEAKafEcNPVaDWjmhRFurdtcDxDNDFPup</element14><element15>RwYJGRuWeIWwRalyDmLOTHonLQyqgMpsfEjkfFwbxPKNAvRFkp</element15><element16>FlyEXpxFijZTSPXlxEvntZSzpTEgeNafEiRvNMHZCyDZOVIcnj</element16><element17>TUhcQUBedIJtTnmHTMIlYnabrrfYQJMTTAqvYHbyVcAUjsGnqR</element17><element18>YLnOWunQmEnfSnQpMenxYNXbOXrPnuKZqsMArlKsgMzdVywEHk</element18><element19>rcqfzkPNaSkRhfQfzFWWDSfgINypQYDXrlVVWAQSujirhxvQni</element19><element20>dvcIBGgfobkyVjxqawvVlJHydAineGGJeYcvKpUuEtlXdcDgpB</element20><element21>uHDvWCIreBSpAZsXPEBQACFvfbmdoqWTMyThbaPWgkinYmYPND</element21><element22>zuQaRpRQPWytMiQAhknUEWFofmQrBkySkuXwmriuNYPOSMeFsy</element22><element23>eGuHCrwagKxNGxKbRebQmsbgaVlsEnvygSKTIkLKXHOEPGNKhs</element23><element24>lcTcklgdmmGDUmwTrwPsojaeLhocalyqfHzrcyIunVTTzTtegW</element24><element25>UJNzfKFRtbesWsTDAWLyaIswYoMZBUhnMYJEeaOCYcTUBPznRt</element25><element26>XpVWnIOpiXyecBaURhdTXeggfsQsKHHbGvFjmTHoNWKlDNsvhX</element26></root>