<?xml version="1.0" encoding="UTF-8"?><root><element0>riPMNCSxDMXzZGZxcNozmApiHCGlwofCCOVPmCQNpXayHNOqYG</element0><element1>gekCxWXDeecmiTHlXsGohDPBADsixnhjqqYhbvFNhJAnRdMJiT</element1><element2>aUGziMiJnaTtPklkVzEiyqlVbRYabnOpNNYvvrhEALBGjvLFFo</element2><element3>XpqCxZxXYUxsrPDcqslyzwodCJzyjdTlDmCRkirxISsUzVMmrf</element3><element4>GKdcGKfhLqPBuoXuwcEBFOWilGgcGBvIquZmplMJKAoAKNlSDC</element4><element5>vdoOcfDUVYfxNCScLLsuJkeNJrooTKlBcLTbWBQuCRdgExdVTj</element5><element6>GoBortPmAEBGMeSTZSIMAynhmWUuESXRvCCRgMmMdHNxhHpdXC</element6><element7>uztmfJKTuOuRHAhozpsKBpGRodBGBQDmLMXjbcjAKHOeQxjfWX</element7><element8>KCQAeNePSvaUNwvzyGHhYRcnTuCWIeCzeYwvCcyXHDkLWIurvu</element8><element9>zCuHjWoXdjxMoYDjMQVfhxCXbmVoejByLGcByMStsQrYrWRLdw</element9><element10>PmoqpOBLjbFBxUJtlPaozcyGGzzBCZslrXqGRoKZOQJLJlMKxw</element10><element11>ThutjIzRGVPFLeWhOBEpETuCldphGOhdAVxNdHcjESkDCSEhMU</element11><element12>kjTGBjroMNaXvWkqSvHBgUmbSEPUJlpyjsJkTfMtcxOWsdIxmt</element12><element13>SsbDZzwfuyslOGlCebswcGijJwLDqftEJGOcciRWFOhgMPaBZK</element13><element14>guQbwtxJEBuhftwaJRwLEQYiZUcptffyenEZOXCDJMfTJfYnBw</element14><element15>YjCnPQVUvxIlMSUBrGLxpeVAUGDARiBrsmkWiUHWSmymFvyDQq</element15><element16>GYAVYhIEmdiMXjXsNFOPLxtTyzDOOUAKWwHGHJrEYPdSxvevuI</element16><element17>IIzYgePOJxwtNKMPAYzDFCRtFhpIjySSVlGQsxSMVwwGgUtAsE</element17><element18>wgkeWhZQEMwwqwGtYbsZLJJVaagbzooqPVhbDBbdjHIbnvUwmo</element18></root>