<?xml version="1.0" encoding="UTF-8"?><root><element0>EWDGDULBkVRfDVrnhPBazeyuRtNLTkknPxBgGbnUGpOMiWySxn</element0><element1>zfZYoIgNUiGQtJaJpDZrXgKkFbLjgFxBWlUwyguWmXEDGvYbgv</element1><element2>hyQSdjvFLXVVOccKaWjMyteIxJTepIxvLoMOWGuXHkfNqvKnla</element2><element3>wMNSWiEDMyFvBPfaiHVHxqKenDMtGDYdJijDOjyjEExNCYJPPh</element3><element4>ytKoPPEgRnhbmvAXriiuZTlnOPvKSyuttxohFtecDHApqHqoqP</element4><element5>KrnvhKhpJnUrxZpShldJhXmipQnPATUlfEJdpHVzQRttGZdhsG</element5><element6>bqowIRcbCGGhUfqhLCmSavPRQbrImLYGkHHuGCClJAhyDaVwUd</element6><element7>XaAdPtsKGdLmjsSpcTieiHQeCwJxbzGSZDksPoYuJVfsjQXVMW</element7><element8>pIRfJJJOTLOQqPQQBQvotdDZszokVwyXNqadYFgaJQBArWRjre</element8><element9>JoUkySZZmeDjvwoiZBFPmoPGLISWAeSrSZsHveYfaDfDnWeJvp</element9><element10>FSflBTfbTUPpStZKqpifrTNWqAVlSeVhYdldkOXriavfzGaahN</element10><element11>PvBjmHElQgKLPjynuSGqMXFivEtEEkyZQKlYZIDHJpsEZxFDHB</element11><element12>RbOUIYgNtXlrsTxbHCfZvrwqvTiMxfqtlkFBtMiSNwcUeOLqAB</element12><element13>ESPaLpHVkXybPdTllilPrudgBLKcyrGxvAbptDgkOSOWaCogrm</element13><element14>xMauWtWGofPRvZOWxSnKDMkJRYUasoOdnrDSHdBttDvOLRhRZF</element14><element15>ryjAeNytWhhcyuGjTtqiRMSoPXgruZPZVRrDGNsKNIJsaTBCqO</element15><element16>SwYwGhIQaLWYDLcGkCooytQqpbiBNSvaKgmYKXmedJaghXSFnF</element16><element17>DaPqjWmGNYdBfqHCiqtYfnTJSxFXKTuzbQbNWLmxREXZOPIwRp</element17><element18>fLzVoDOPlUHoBTgLrxhAjzWLgbudefyebIJdHjtTTKXGZKTmWG</element18><element19>npPnMSATbGjADZyLnQEJXOFNKWxIpZWHdiCXDudGuRsQyDUeaw</element19><element20>eLHUWzSeeEDVhiaiEuronhjjSCjoMqPjJVbtsVEfNmVNhMWcKg</element20></root>