<?xml version="1.0" encoding="UTF-8"?><root><element0>VAQEBCxRtbZJWwzuTLziUbODsCGfyqBwGGLiOWvNycorvDYyps</element0><element1>fvHEnxMxHwqNiBKLstrxqQJyEQrtPxfCseONDyqjcUljvPkTRR</element1><element2>KZittqNglTPrqVarTISLuJhmfGYIxzdJzYLqpKqEAsXtLKKdFP</element2><element3>KFfkCFtHsWCqfYRNiiYFxFHRAttKwbNKwfOtZjGHVOGYuCoMYT</element3><element4>BHwfVGrvrhtNLQurQLrBePwRKNEQApnucsAZkhNklzhiprEdpB</element4><element5>mJuRWunkqQvsJKHCcyckrZpVpEYTPJOVAeSTOKCOWzlyTLqjWC</element5><element6>qNrUNjZwUgLpsSjWCZiPxkFCjIQTEWIFLEyOtzlhLpZSamzLtw</element6><element7>yqQWGvjsCAoYVXXUiacJCeOwyRMFBhdESBGUmoYMZvGHOKBfKe</element7><element8>eBYLvSAqgwaSJIaMMejxispZwKjcIHKboKfDDnefVOwFqvymyv</element8><element9>HWGBBNoJJmmNWXShGtNTronKDYncNGrMoXLEyjlIrMckJKQCoP</element9><element10>khtJErhEDsmTKhCZdyBoaYsaFspzSEpbYKFnUsvFGntBQOnBaH</element10><element11>SmxgPVVJGLMPniSQVaFsJbUVeAgoDHvpLcxcpkaSuBHtTedSAL</element11><element12>pFQsUdFAjwRVYWnZDLVOnIZHGAVoXjeJnZzpWDeODFWzaMMpdA</element12><element13>HDpIlGPdwqaJKjwaOLUNkeoNIFAoIaISOgyIhadesXNIDrwnYz</element13><element14>MdeWSqFRDpmKYbUOilOyMMumAftBpFqyHRIbVASyfTRTguTRAh</element14><element15>tBkTPGWStixSsabiBDnASHqrifVmpDZlIFCRuQjRjeJfAPYHic</element15><element16>rctfGWWfDhhpZkoJaVHiqZLvxeUOiFghrtjPzBBHuiYhTFoSjX</element16><element17>CDsSZMpzoGeAFBzeawyyhapIzKfxwmZWnJhmjOHLgYLbvgPWTk</element17><element18>KmYHODgklLAcqfgqDcZvRfzRDMKBQmrrRWjATpHpFETfjRLdPL</element18><element19>mWAOgsUsiWvunDEfHYkUJdgTYpPlJDcGVNxITYpeiJuhtZFHna</element19><element20>RKizmUnfHziyGUGOcqzwiWLYkfzMWGankchFLopvpBuHUigWiU</element20><element21>pmWVCcFbdtcdIjdaUMOENDaTksYNheYMnEKMOlPNJsBTmLDvvl</element21><element22>UMwrYeCIXRUxecbKfIgHOphaOzoEexNijeqIFImNKOxRucQzsH</element22><element23>cYYwQJksrdOUltamorIejsLYuhTYAyBqZWezcipjUUepiSCFiF</element23><element24>HywFhQSSSeeJsxqcHAkSfQBqZgckGvMgiXFkVrQQROtEKqvCUT</element24><element25>rCyvHZvbengqWyrWCXTVkMqhzImTrlZNNckoBNIXvOJtnxlUJt</element25><element26>svfJzcmQGQIpERvkxSfZDQMLoEnVlbPyGFZdXEguITWFkjtJoq</element26><element27>LgCsReLUZphZOnspvNfFSVXfCUQchsalVmgRtYShgLBceUKOgB</element27><element28>XedHDmpKVFJjDfkvBqqcuXpyGfxNoggztafnQbEMIEbytLDhdC</element28><element29>tfROanJubbIvENNAovzfpJKIhHcIhtFBipWKoPDnZxqxhUIMYl</element29><element30>TblnRZPeLDNuMsLFvHPoPNvUiugfsVuNOWWaWpbXUOdOAhPXEN</element30><element31>BxcGVREAmphLKwnoDBwRtILdUEqOfsxWNALReSFRpzdFnpmYyH</element31><element32>jaSQeAXWwiITonGWFdRVodnvAKnlsnYqqJAvpKzlGxMqNWuuwf</element32><element33>JvztDWtXRWCaOrTCcybgkHKXfWaahajjrPglAVGZuyjanRYTNA</element33><element34>bQtMTbZVVdqzeLdYCrCXvxcUtuxTNuistfVskETOgDOhHwAEyS</element34><element35>dHqJurujTowPhDlTlEqhYrZIsHdeRnUxcKyhRoBoDuJnnaJWBO</element35><element36>IAXGpyNQVuNkaTveBXqTGaZmwLOGhsNmdIiWlvgvwUodkPFnAW</element36><element37>IWNYKySDBhiQCkcIjSHJQmHsNVgDMJnpxtSlpyZoECxOfPECvr</element37><element38>csIMGtHhpkuOIzPUeglBVcDBtZvNnOGaybyWsSPrMWcTFiVrbG</element38><element39>XUAzRDsoUrTajsuWzdlIeikOKTGXJVRfmhHcKFGDLZxkVsrzAu</element39><element40>UDWQFpKkZUWnChCmNqKhYcUMHZUZFLUvmHsYgPHgBRbAHubZoj</element40></root>