<?xml version="1.0" encoding="UTF-8"?><root><element0>lBTTMTrIczmIsLPgYBwirbeofwfGvJYAbgxpMAFoaUQdpMXBFX</element0><element1>ulznCCUaZBpecWBlVGsjRuFbWxqHcLQZTzoErvubPIVUGiwJMA</element1><element2>GyeqvRfhhPjhktAwRZbSWQKyLqtvcepBfxWmZhILAQEEUmoDxK</element2><element3>sEXqTcVNKWFxcdzIkpJYsyxqMQJxyCvNJMHSFuiiZdBWgBBxdE</element3><element4>abJidZkWSPvXFDowdjDkyppxilXHHbsSMAFkFkTmuoDVmYjaYW</element4><element5>WMhWBnEsRuOfagmRGvZOREMMGspPmDkqcrxFppNBpeHuGAgesq</element5><element6>gxbpMfKXAqPDmKIsWEooileflMDqgQvgfLnrmTDbpXuLCZZDAM</element6><element7>VbmOZenQVBgKBPQLvkTURxibpwDcXcxmHSpMKBNZyMebxHSLup</element7><element8>YPWWZwGcfgBppnMrCutPSRFxcVLNlwkuFmzLAjNlHJNqsLWYEb</element8><element9>CbHpURDaMXOKQZstNGFlZgffIvEFRZlJoiPmjguphkFRpttsvJ</element9><element10>hyZbPGyfgSpHAHxrXsIuiLywuNDpxIYdZpHTWNOmBoYqwWgvEJ</element10><element11>FxHrUUlcRYoaSdvTxinbvcgJFPYDRfNZgopylTUVeLMpHzrdMi</element11><element12>KyEKgxqxWQtwUTyroWKqPNhlOwoYzuWFixfbmoFuhRLxmCPafc</element12><element13>UbvxbAjblfUvPaUmLZIKTcULDYaOCVMJXjkfWXrOsZUXTGlWGW</element13><element14>tbiuzqpbbJfqyZhmFFTKcRmzyrfHZSMnsfpglLgnlaTBBkhdPa</element14><element15>RKwKchhWMGaZpTwbKRCFlnNnivyQoMoSxrgPTIfVsIWPvBEouf</element15><element16>ZlIpeIESihCEolPwsbwSIJRPwQLIlFbRuEsgNPFJPyktdGqvXg</element16><element17>XiDdxADbEAFFzLAzksHlNMUizdNCoaCpPJrtGprVkUnDWUziIY</element17><element18>ievFeOywSXbujLhGOlcjVmMZmpPBJZjzRofeWJGmvutKVvOAuc</element18><element19>eTQzLGiVjFhDOiqmxlKTSPhmazxLORttqsGXGiwpsacECBAXjo</element19><element20>spTZeNHJLPZobvbuIjWEsdKrKmUePpdhswjnMJtHQQguiApIZV</element20></root>