<?xml version="1.0" encoding="UTF-8"?><root><element0>fluaTgnHOMQHQFuyrlKQVUNUgnlZHPrucXGPvJMiSNiWSaxofV</element0><element1>gEveDJAbVXpnuaklGvIYiQXLEkDZihdZJsLnzepJBudnqWbqjE</element1><element2>ZkyADopkHQttbPJJxMYVNWgoDcvPlHdjwtLalDQkjUUmKIUtMD</element2><element3>OhktSJpgDPMgRRFPUaXXAyNZykEBpfBjLrYToovMosohRmmIOg</element3><element4>UhNydgimNEKhDobsSJNepQnaPiNzdAayrMkYDJYVGQuARGPEkJ</element4><element5>tKdLurSGaSWhKSKogLWTUXpoYhjjfzeOYtFjbXtEhWyTwTHoBj</element5><element6>nlubElJLNHZTDsvCFPSwYxoFrDPRQdbjlkUcgKgYdrIhMxEKFk</element6><element7>GWrVfVPZlExjdyRXmBtkofhsQFlPdWvHcPsDzsuwSYHFalsJss</element7><element8>xQFViAKpwuukSRXnjyIxUZuRvMehpNEkzvpcKBLoDfqwexbZGY</element8><element9>mRWqEPemigLFVeeNXezgmFcpgDDuBJOhlAlzpvwHyQoTaSYYpK</element9><element10>kIeLhdUsAIODOgTeUbwERfbEMCyQaeZHcSrBaHAFCFiOBCYQje</element10><element11>JpBHSfzLWKWzSJKQFCFYdcPBVVKDoMyXufsOznIUzKnlJrlgAv</element11><element12>HwHnsTuGiTXVTTgehLVSBtrHaBvuKIfnukxvsINIvPTTXoeYzK</element12><element13>OIoAxEnkvbDAqwKJyWGlDOQaEXoFLAJpuiYqFBBhkuMbJyuJjF</element13><element14>FNuqdnFHAryXgvMUkGXJPvNQluTmnJRHPOKGgjZXqgkWjftmWn</element14><element15>YKrcOKxmVnkWHBpOoScbSVGvdwcaUMBXfysHNWDRqDZJIdKOvn</element15></root>