<?xml version="1.0" encoding="UTF-8"?><root><element0>ouVnUcMfxxsUorBhtrKnubmsbajkhWBsNtmqAPKHDTUnhvYXON</element0><element1>TWicOebFRUUUqiHhzdHSTbJgxJsbzGNBocdRTdZWhHBosqcEfs</element1><element2>TSAOomyKfZLKAEKEVihoPOddivQxIJLwkDhbKGTfZyMSawlWdL</element2><element3>IMxDjwybhQZWwqwfjflDVFqnuQWNJVCsExvblWsnnyvwZxaKUc</element3><element4>LtwWBYIHeDgxJuWsPVBVQxfDapPRsCtXaduBzsWOFOLopWZMHS</element4><element5>FEQSeCwwreStPWnpwmsPpeJdUQyLgObwgDPBJQgcLBuDrvhNVp</element5><element6>XhYvgKhseLOYanYwuLxiYZsYIIiJxlXlYjbMFYSXSdFglzxfOk</element6><element7>NFBuRZBOPpVhdfDbGbLLIZVFpJRpyTcJdsYJHQruPrgNboLzBf</element7><element8>NuXmBbgsfTmCQRKVlaukZFDittjwfBUfsVwmFohSbewIengkpO</element8><element9>zdohCbiiQIJKYhBufZqINaiStfDnBnNqZlKoQmRDAdpwFTImxQ</element9><element10>xhhHcMfgdNpCSLGBjzWtbrztKWTBHpeFRDkdTKGFrFSrlxihGv</element10><element11>YgzrbzdRmTEQbSpACLjBBFtcXYRqFMfpeqsCGLckGCBvtzuHWF</element11><element12>wNYaXGrnYTGYaFzMIrNIfpkprfrdkWIMpEttUCGyuuSdAoBfJR</element12><element13>GGOQhfEddYrloVOXODlXGwWCuZRUhphtpPJbEVoWiHxWeMiSWY</element13><element14>JoaSFJsSyTPMiKAExvIHOKpWBNeZVubpCoXSepeVBUDUzOwUMI</element14><element15>TSeNNTsCCvVWGHivHASDKfsjUGKlNjToRalMeAMStqWbqHgBZa</element15><element16>arOpfKwCEZtaWIxbbZbnaSnUMgnjbNmXNmlCiRBpPdnDICYDhh</element16><element17>QOlNJCuODrjEbZnIgEGIGFqHsXOmsSmArrfmojNznsgShRDBWE</element17><element18>YtNofwqHfWQLXHhHawsipaWdlnHRvQESKleKbTbZTqtUOAjFrG</element18><element19>iNTPRexUQkFlWTMgDTkUHAYKcKtAPYWnHjBYhPHbAZVGpeknwA</element19><element20>uqwAIkXsZSgHqlmIRhcCDkZcdGahcCcrziWpmLGWQgoeiMrlVe</element20><element21>eVhpnPGtFbXJcHsWpXsGgEujnmuVqafYWDzwHVRHbpGjGPKEhV</element21><element22>LNPbNXEhapvswzuJGhPjKuSLBRfdCZHbhpPZTtZMTneDUNZSjq</element22><element23>wUtHMYjQPrCzbhDcLeKtDjnehOLaamJIBReKlxPnMlnrYYflSG</element23><element24>CHmzZOwuoPJVUiRxZDBEEEFbtgKCHEGXOYtInxEKTusOQHyOPo</element24><element25>zbLFBSzDdzSdqAtXMxzwtZWCjIVTGMmkBUazxbkBLThqSOVymi</element25><element26>NzcoGEztxHgsDUoiUujJomhYGdSQVqhcgOIEWJidxMiKsRqZff</element26><element27>thNmpnbSbYNYWEafobjfHGFCMnTreLZKWHyRjqypAomJwMRXDg</element27><element28>UptKtJFUeuMUyTOuHPLXiwtwkyZHJrylbqncRfZRxCgnykIyUR</element28><element29>IpMOkyWOHsbMQoCASbZImaucZPcdlTYySSmWlXeMNFtzjpGQjQ</element29><element30>iHpPqPcIakgcEJAbdzWaiQQIKFlXYyjhRnpILYXrLoqMtRDXuz</element30><element31>ZtwtuVsEayuGKooYJVTjVqjVzDovlvdXKLjRSjwWQKnwXkkhnz</element31><element32>pEMxKwkaDsSbQychtflyimLlWEqJZFEhiLxgJqTuonLwdoBDod</element32><element33>NdlKoLMiQTLhzxelGutWMSbzlfTtWRgWyYcVEAFuOpUrRcmPqo</element33><element34>HIGcbUFrwhyTXJrIlAaMFAAJWppOygFSMLcCQEPoLXzkQdDJJu</element34><element35>jVyHuJsKhckFdhdgAcMSjlBwoywaKiVbVPQoFcNVYCQIvSYART</element35><element36>PngjXpgEVGspgVdReCqoUKtPqYPyjDNKmRGHtJJWYXUyAukcaw</element36><element37>IJrGkaMWmMvbLWdNJEeqPnvXJfTgMINRQKpbMKPFTBUeEUWXxq</element37><element38>xzepIFDNYAlQqBKwGAlcjflNmBzprLgflcGMDCgWfuREsGncpS</element38><element39>ZiIisiGdCVRvoASZfGNtWSdJOHwSqndSzsfTGqeKtGvAyptTdl</element39><element40>QcqPEandRQdZGWwugADUCNgOYcqTLAxHewioaLXdrhfbCmlMLW</element40><element41>eHvfarwFVUckIlsqLqQFBxYZNdLkaUWNyWhxDltoqoneZDMtof</element41><element42>kmaqpWZiGmVOJGpTthnMTIUINecZwXqhuJSYGqrGWiHVlfeKhX</element42></root>