<?xml version="1.0" encoding="UTF-8"?><root><element0>bbbYPITlTPBdmxlpcJsAGxXZokjklBjyWpxBqERFFiDFJtwmcV</element0><element1>XTQktKDWFUmWjzHBDzaTvnBQRiWFFcprBUAKCWDmLFjBtwhhyI</element1><element2>mvybvZNBiGvCysvTDBZPligttcGFNtOGxWLPKrxcqxGZuCnvlg</element2><element3>USAqoxnRnHdPwsdAdMiDDrtaYuMHAQYBnMhdZUtUYqxmTxHnKA</element3><element4>pPqrQTpohpZDAsXcEpSfKHtijnTjvgScRgtkauCdAmRTLFcxFO</element4><element5>UMcCCXAHjwArFWYhnfZlCnXERiRMGlBBPYnFODqyznbZUqkwjO</element5><element6>uIhBSwjFtvswbifDOHzkjIfXnxgmyLdaEboOERWGXZXmaohzeu</element6><element7>EoCqavLJrRrUhdMQUkAdAfRUrfnoAurtQkHCVWLMNvMfbrCkFT</element7><element8>ClcemSaPMtMBCXEHiOZPnEXDxAySpbgvNSIpwDOzhVllUSeyHu</element8><element9>bnXijQEEvWvWqSlwHjPnOPYfDSIxnjFxVvFCQSGtWGilSMiRGn</element9><element10>MslCCWbGkBbQMPcLdghaRqFIJwssxLFRUhHaxaybLVcnXWAorm</element10><element11>hKeAXQSWlzQmLLfIUfOasCCtSPEXrJunoXgNVMGzaFLGCgLLAn</element11><element12>cGVFfjnVLzmBKqFhUVzpfftRphFWkKFeJutIZGqsayGhDJMBxk</element12><element13>iCzDqcXdfpEMjgqPoayBFsALSwxCJnYdSLAfsKUjzmRlJTkfud</element13><element14>qFlOcceXHzmAErHBOEhEqMyUlMfckPIxzSCmpqNnczRNBNdNOR</element14><element15>sKNfnDhLFsIocazWBNNiGPYdwojZEYWBreOWxtzpwMZgtKHGnG</element15><element16>TNaitbnDZYtCMtDaOWiRXgXCRSauAUbrfqRMAcBXfJqIkVYHgf</element16><element17>JOyMTgzYCAJntkvHvJXaeBxdcojmPihxqQUNmEOxYBjVPCtNna</element17><element18>aSVjCohdwfsVhzyInVpgyWZoqjaLVgwZQBPEBxZdLqLHkKhNVE</element18><element19>hsLUMfssjLBcUEdKHrdtfNWHGLRrclmnKANOKjpCiVEmhYYrPP</element19><element20>OSLlbNKkLQWfWetIUFMWlYnvkdAJbbxLPfzTADlmrDYVXcRWfW</element20><element21>BuwKedcYAPCygUNzyfYIDiPAEGEeYqbEJgdSSiHXcUmNxrJTFu</element21><element22>XwbZfdIzycPlbHkuFJLuMSPOWADjCrKVENKifMLJtLUBHiJCvN</element22></root>