<?xml version="1.0" encoding="UTF-8"?><root><element0>EcmbSvRZVIojzklLRGTWodElrmuvgvECqniNpYGmhsSQdZsfiF</element0><element1>ziLakFQXtIybCfxYUpNRlnbkzkaAgOUzKHGyCxjlXvnFCgpJzD</element1><element2>VosegDKUxAOamvqQLimjRXewIGGHjzeCbAEZGoIHJSbsRNahLJ</element2><element3>MHMJZmRHbaWhZACMNLdstYfgMCJoRjUHehvKqlrekuTmJXGkmz</element3><element4>pEDibEeCCXWpIFdSOYLVkPqOHxJGryBsSmIsAVrSeYWBCbMOVm</element4><element5>QADrWsAJHDklmjVgoNCJGprIzZTSNfWcuraBWRxqlgzKOoLfQP</element5><element6>dIobpXgZBHKsoEfAMRMNqidlcFfbJWuaWUobKMagKdIuJfCqrM</element6><element7>DuNNVvNZLpoIBwtNXvzlUZSTSpwzycVegspqSbIpTLyLyYtshG</element7><element8>QkrbpRwFrnxuYEKyUdRbosaHpLGjNOgDLhETLNjRLLmjhLEOkJ</element8><element9>GvqHHkngKSvPHVUhGOgXdFnisFVuOafqyFSmyFFpsIjnoSOjEv</element9><element10>PhXRDUoyTfBsJXmMPyfnKdZgqlsunwcqVTcrpUOEAtuUDInfur</element10><element11>xhfslRiQMyOlrwjSZVURWvVGHgYXDXoOKgHAcBCztfmORJZHhD</element11><element12>HIkRszlfDtxuMeuNMyuMUTPlhQLWPZvmWZCHGekNppaYfZxbXe</element12><element13>WAuJRAqJUALTgOlVZBNLoiUPDqngSMPnjeuGkAwNgnCrLZsSaq</element13><element14>AxQvEtjLuCXijCvhxfVAiItwEJPzycctfqtrkfrArUhbOnroLP</element14><element15>KVdSrDvLCsYZMhrVDwITDCQiHSxqGTglPOjBFZPoNSWCvMzkes</element15><element16>vpMbiJgClKFuaLgKrXqBTcRKWsfvhiNmVhNUxRTJYBgKyLurkB</element16><element17>WdeLzHbwlbucMnkcIYGsuOOgnGKvWGYFiIeomQolWcqdnlKmxt</element17><element18>wwkIbNFhTDGHLEGurUgCULnUmnVttiFOMbEUocZWSEtAiOfPee</element18><element19>oyWtARjHvZsaCpowqtMdvjRgcOfhGgCuSMRqQllVlcyLrlQWld</element19><element20>KLAAetMSplgEEBGcEnKTLyENRjRYNxYTlLFfQLhqGRTkoQVpqQ</element20><element21>dCvBmzuvLcANBuTWHYjhhRgquwoJdjFrCJmqtGvshZvfhQuKlG</element21><element22>KiKjVAobrGFiTvamzUbCNIIxTAtqPSEsPlodknTlxmbnHjHYeL</element22><element23>jPkVpXsNeCtiCMWXXGRLCxSMjijGoURHqzIQaFHKnQpCHWtRMu</element23><element24>MwKJJCcJfCZvxQELUdscpJpPmdlWZQBRgNJJQUILFmHOKPyRxy</element24><element25>mhEqNGmcsDnyQlMsXqDzajsLuWlocCsPyORNuAXHvzWMPAcsAZ</element25><element26>zlOaYtwpvSFLqJbxAzASqloPKXgQUwYjUUvzwmcpEqVqeDBwZO</element26><element27>MqsxUnpewnXvRTvzIQXnHwPQrLvAXnUbgbccEaMMYDDUZlmktC</element27><element28>GJlSTjLDwfsOmJkNNftcalyVSWSdIltsPqZKnPQJMqSCprpBnc</element28><element29>sIekdnVFjvQacGCtwMZhpcslsgZUpCxubdrRkWzAytFLdgBMhs</element29><element30>BNnFtBrzWmwJFTTIlRsoVhqgAchrOsGZpBoPdMIqqBvMbVModG</element30></root>