<?xml version="1.0" encoding="UTF-8"?><root><element0>aRTWCVncMOXGoWmwGAxuXUotmsnzzkdOxMGbkUptUPgjRcjikd</element0><element1>VBbQlkGtVHpchuizDYqkqLLZDIFGFfgVdIWKShnPSAniNnvyiR</element1><element2>WLcLVmxJGrdSPgUddQVgzboDSGkrjPnsdvkqKLzAfsHbBHQyVm</element2><element3>sYaeDNRMaxzYpvwfxFjNMiUoGxpcjvUrNjmptzAMREKlozZQMO</element3><element4>byyODAKcMkRTYKDSVBMFSoDaHDDlyBZCYVUeMcPeGrIKDAHAoC</element4><element5>GWfvNbTkfwjdsFILxchnpEYkRwMLWJwjnpCehNdKWMooIshmnG</element5><element6>AzJEerEowPIiIKmLlKBTSVKRvjssTvUEbQdppNbKwApcdPGhnS</element6><element7>bgIVPwAhaBhKKugZZbIElkdTcWOPuerHRUYXtXrbhsmhgLdHBh</element7><element8>NBPGAizckNeprLQhURyqZJYnscntofoXCqODaTXnSiHWTtcdja</element8><element9>rUILzfMozKOilicrQoktrobgoZUEDJHsMsqCgMkODGulJRqCSB</element9><element10>xBugkSUFGCQVCUcWzhxapDnDqHuVKCejEyrAYNEWPbDZfTDJld</element10><element11>OVcVlOlgoslkqLMMkmsQsuyWJKPhoigtPtDKqWvSPUTKEDaUdL</element11><element12>JUfWSiNvRyXfSHrYcvAcpBZBqxgGyXUMaEhUDbNDloEExYcolC</element12><element13>aJPThGDVgFKfVhZHCzlvMaxqDugxAzyNBHLwGNYUswkwXYQvCO</element13><element14>PUPkQLkydSvlNbKtQmPwuZrQgSUPrNWGUkgNeayMHhprEXOSuu</element14><element15>CbpklbVJlwmLWFIccInIDJfIAXHqWFBWYIMYeabVOiZpsFgjzw</element15><element16>fQwisTIrOBaHjgDrgBGVmcxpUgYQPEStaaNaFyAkLiUXQiCxjD</element16><element17>imxPBOuDETUseYynqhFZIDETJqBlzoxXPNCBhuMBlZWpLxHZZN</element17><element18>mqzQOVkHOcDfhnZMTCthpGAXWLXuwVCfDfatEBFhzwWKaIZvVV</element18><element19>WFqwJQKWSKwNehtwHcuxttngtnFFcgdNDAVIALDkEbJHFdQLXW</element19><element20>nSrgkwMWeFZNFnGXrTbCWORQGJhZEDxquOqBebOqrcHjQcrePA</element20><element21>ZHLNBivFFEuOJvRskjAbhEzbAJbfIjSyOINNlnKRtoXbDiWcbC</element21><element22>nbIoYzTWFEmkUOpEKQmCATXxmtZwFuEUKszdkGXlpEgqJiueIm</element22><element23>xRCMvmeaOmCuXGlPcZmnMCjVTNxPnMIHIcsNDQIDZSDVeUdQVN</element23><element24>IPcMwaxOuIWyXCakZHJwdyibsZvigeIgXnThwjBRLLDtiaVpGU</element24><element25>vgfxWUVUUXxXthPuEFIOBwQZdlyLKAoCTlWUumTfAcIRIDCtRR</element25><element26>rrZYzeZjsZkBSBUhJVSMjBGUgRhlSIXnmgCDcKnFkQcdyepZWs</element26><element27>fHdCcfJpbdiBafOnFQNHXoERLAQFcXSDcnjYQzeJEAEFqedIpT</element27><element28>SXuJjwGViHsoEccfZNXbTBrrQiOyWdLuUnmNesLehOLCteorIV</element28><element29>cxXFmryUTiTjhCpwGrRCuqetmXnjEhYmFWfEZbpvhuCkXORddQ</element29><element30>GnFZAagJtjRYZLWabrsYvCYQGHpKpPHOsJJsZvYYHxZfYWrlOh</element30><element31>GZJhCQQTfhfazsjRTeuHyRyOjKeNdSLNwGjDUcFMVyncTNiTVt</element31><element32>jVhaBsCRsdLhllEsvHGtJoOZSnvmHjLgJWCNsdgOSlbuIgAjzR</element32><element33>xYsVcQvOFmZbjJRFtGxFWQKMKvqhyljcrWASmvoHpTgqQRZHCq</element33><element34>ijGHAPcORXIYWefHgjMpjwTdGurerfJvHXQcqYBHsfAMmtYOdl</element34><element35>GhmiMwCLblXkuyOmgfmYxTAvxkXRCBAhcyIacZYJKYnEtbHMES</element35><element36>oSfJNykgdSOGtOIxBrRvVCkKaKSTqmiYQEVusUCMVPchOXsIjz</element36></root>