<?xml version="1.0" encoding="UTF-8"?><root><element0>CsAPEOGoXEWBGZOZJDUBHYUMhPHBTLItkYSgRkIjiblWxjrBfr</element0><element1>zMYKyeFPkIRyawyGglvZWRVmhWkJuIEFmjmaGjUgLSFgEUaoUu</element1><element2>sQUsvdagYTbfFcpJYXgtGPACmuIrGdgEumVVINLYnvIkZCtXeT</element2><element3>NnuoIkxbLhKCgdUdBmXvBydKfvhnvQllJUqipsQbgCkNMdQAvk</element3><element4>gcVnNaBuEnLxcIHAaUcfTDmuiAoGfddkRaEEcQbMZUcwXImpOf</element4><element5>NyEHrMiHFxakwDWfpquSjshLBvSugGkQiHCxnpOFxEWwqIaPVr</element5><element6>ZoQYOLitJAJQIvBgHARLrTiFkPFyUTmFOFpuPFNPyzpvKGEgxW</element6><element7>hfvMqIViLjKjOfJtjuorcciADyyXfvVTdgrQJKFhUGRwcfbGYR</element7><element8>CmXEYcoCIxhrUCCUCrXSwoqDAWxSTgWakCVhudRiiNOSimxKgl</element8><element9>vocDcZZRkrRTlYYNvnfjsSuENrbBvOLJwatHWfpTmNMRHerdFe</element9><element10>zQhQaUwPIEkpMFGqvULseJJEEwihcPOkvnWCAhNDISBKMZVIAe</element10><element11>vLdltooFTicVeiXKNMwLMaOKmRyAccrpxAcPpEePidtroNVsye</element11><element12>WjAvtxixrTMZOELoBKNcNMetUDHdrezYlSCdlnObdDNJBYUanP</element12><element13>GAtqCOKaHBbhcwOAlOdvNSBlpwNeVeDtVahOBkaZEhYFwQKnpj</element13><element14>ddSGOnaVZMoPeJmUffIpnISmekNjwkIjhTXqWpwaTJYoqSTeoc</element14><element15>csPvcChraFMqPjuhKyiCWzPaCGeCCdFTmBCWyuFOUGHDPqczSQ</element15><element16>gMWNImZpFDBjTqJvmMQKKxqAwOwsAwqvnwTIpYlledsOYjqQCP</element16><element17>PZvTbfMmQEIhEvyGGuUdcLTNYaWisHdeCfIloGHJmmiIGukBkP</element17><element18>vgfmQyehcaaNzevlUsXFzYvaiTbWptCfEyjfHfpMjqXfClVkSp</element18><element19>hlHLVUbvhKGxbiUUIucVpMFzxReYpznoCOznKWjEQOWkbPXnam</element19><element20>oQpcwCMdkmoWrUxDeDlOPAUKVfXoTvmcCdZaTnEwVsWySqvzEX</element20><element21>WQMRIrECxstnFBEJrSFXNFDxwVywTDgpZLueIjoSoXfuSUfsFp</element21><element22>aHiSkrCvpkDiFaJaUKcGuxApKOMOleyAMGzZBaVHoyNTZXQrCc</element22><element23>PAHotKSIVPOOCdSNhyPzovAPqEIXnaIkLoTQoEMSLZUPHqDRSV</element23><element24>ZuWRdWiLcAyWskQqbTTPGKYBSGryobBIfmVpqVapGUcqyMbtSl</element24><element25>ieploDlnCcJVQqrEoCIpKKOOKLYDzuZDghCdmtsyGohZqNjCTI</element25><element26>zfSrBtbVfzkVXorfSTbsEVLrKuezirAXDKLXayODbqkWpPcdXN</element26><element27>waIzalgvbnftOdSepPzeAZMZRDtVCescywGkgNMYjlnQNtciJc</element27><element28>qbnMSuyVUxnyiRTafsLnTERaOmPnQsQztAwVzFRCGrQeihYHDZ</element28><element29>ZuIwecZfsJLYZcGDmTFryWCoGxVkmWtopdGDIdTXHknFIhyLhA</element29></root>