<?xml version="1.0" encoding="UTF-8"?><root><element0>qjZQpJqFipVaCiyPCJvxwLtjaBXIvMKsrhdOIXGtolwuROsSDT</element0><element1>VxTwUxmFmhiAqwmDYKNddYgtdfrXHGaHtPewzRVbSIRhYzEWvc</element1><element2>PCJYKeLDlNAmQxvPlKuuXqbrtQhvluzWROMWaxOvAdQesXHJDi</element2><element3>rOYJBppZIKHKEfjqfHCaINfmqupSdMfEkfcEigQFMqPjTOzjZG</element3><element4>UDqEJehoVYivPEYMYBwgypfkbIHgpTzFhvVBTGmmiDgBabiAAV</element4><element5>SkDyQbUmbzwaQaTAkzLkDKowyDcFZXtUOhIQlKivvWMdcuJiQy</element5><element6>jfrwQvZbaOaJTxSVKygeBICCmdUfhrahIzSeHzyShpsegowOLV</element6><element7>AOjKzkZjzUDUSaxvUDFqNjOCWwMowATlJClRPCmGjvrHSfnJJV</element7><element8>yTYzxWzlrTkcjrRDaVPqWPYUkxbyjfnjbZrOSJhvAWFJVKNJZc</element8><element9>GlgrLXsOuJZsOtFiwCvpvfXerqaseExTuBujpWQVifkLEtOqCZ</element9><element10>FRbzgMMaYwYHIXWmQcIpIRdIQkCwnbhwzAISfinssaNFydtdNc</element10><element11>jHotaylkSNjTvUQZZNiCdvKWmOFgxjjqEZuffhoJActTWaDOpR</element11><element12>XqfCibGMGYJQyzNKIgSmCJBNGtoLnjCyXOUOiyJtAEluDkMuXF</element12><element13>ErrndEsdoOOtBYLRLZivSivSQTFEGawolHCDTNreNsHCacQJUV</element13><element14>pFvvbqSyuiGEoZSGDknbQNmrbhFUhKEIMpvEwVwjPoozdSSDEj</element14><element15>jIlAzJqeYmXvFIgKiSDEfrKjDgofioIHMOSRyvdaWrhxYQPhDX</element15><element16>sWZMymiTvTJilVOiCgybsrKTaSAkKiHhWyCeuAjaNUAiZgvBLu</element16><element17>LJcxNWmutZfSmOBywnYVGbfiUQTTQcwWaRhrxCRRqTcsiAJnRI</element17><element18>mNYvpCLRSutAYywzCYhWaRosUaRNecqlDRxwZvXoYkGQFQJwCn</element18><element19>EnOtZibqKGuXoboEcImHqFdNwFSKDFNwkZwESZVUDofWaBNPqS</element19><element20>TVjsbWPUtZQoSmykFejNCcOWFJmcmLfTLktDVQqrPDhtWdUUtR</element20><element21>yTagWDVXCEObrUFfyOUkkDnXnWPuNSoyNWnFLRsqCvBFKBbunn</element21><element22>CWorVGDJGNmsoSZbmHRfbmcVvONDbWgKLbGMhttjiWNajWoUKP</element22><element23>WebNDQtakehtTwDKTMQGtEKVQMQjkSistGOSwvSCDdgcKqDQjs</element23><element24>pwSmKsQOqWHReomOdEVRcMTkKzzlENzLRuSnBEqVmICGQpehaQ</element24><element25>EhpADNahsuxetWFjelklkHJiJxeTIlvDygnRJSLkambwFVWDNB</element25><element26>MaqyfVXretdjsfLIToDtcFrAshLhIhtCAXpVKSqRWSTbmsXGex</element26><element27>GAwYzblNwenZBfxYMbPyjlLfxIHnYUHLnCnKglbIBMZDNUJvPn</element27><element28>MFmqjDuCuMAFHJLQNVYvVsCLPqSrMrWJafKQUExMIoZmBlxmcD</element28><element29>KOgslMsVeQDPIeIDOomfAsZoLpiOCKcbzafQEdtnUZnLRWOXPG</element29><element30>AuUnpNQoPtoCcqPIEDgesPSTyISjOsDhALlkdjtSdcvPgjrErP</element30><element31>zwTRtYaWEhoxxNEYdzYeRNgWaLtvKMEyDgXtgxeEmAYAWjJPlb</element31><element32>gZhjEPREnuWzAYfzUzZSeajxKPqbLIQtzIqQGfKtedBTvXnbFw</element32><element33>RZTZFTlYgLQOSLTJoJosotIARUIvjOrgksITAvPekdqYUBCYJG</element33><element34>sDGWGWMziyLDvhBbFTGkvCVedHGBXxBdQUIQnTxSuWANWtyjfm</element34><element35>ZGOEkMmEOezqpsKgeXaRJakqCgyBmhWVNJjiFSidufRNJMwvvW</element35><element36>LwmMmqkpXYAUnJEtNcqFrCuTIsVphDFehqqYyogRzNcqccyROQ</element36><element37>unITwQWNqdwYtIswVKvqZEoeUqZyPCeltZZkkggaFLAehXTvud</element37><element38>TMpVaSWuqvJlFnaGtPKYyfYHzQWyveAAzNlhCAjYVUeIjRaFtk</element38><element39>pWJgndYvftKJhIMUniEcKSZROiEWDqYiQZuhCUwSJPjuwoioVq</element39><element40>yZwJMjNgGUIcZaJRJsVzOEMCzNcYoqCRmlFINYOlupGmABDbbF</element40><element41>MoBEVnUzWvricROcplSZLbelqRtnSvtzgwQVwVqRVEXyvQVQXh</element41><element42>PpyoVXaJYTJgXJvfjZCbauxQakiQdSNKfuZNQAAkQnlQRzAVUP</element42><element43>noQHnotaxFbDFcOlpOCJIKdOHvJEHxLGMdEGLSAzUjLWACnthL</element43><element44>BDWHETQQVTJQZrOtaeRfhMDVuhjVbgaCaAywhvLTEDGkXdSNbI</element44><element45>rAtvkOyfUpzzSfCTfDfsWFFXnxlKckzTiLDXCXqFkXQFfyIIwf</element45><element46>YdzMRDwVAkevAKPmuymPijzSlUpDcqSTzbQOAUZmzDtGLTbNHH</element46></root>