<?xml version="1.0" encoding="UTF-8"?><root><element0>NvWNfalnmpBMqBabsqjqZYcfzWWCduuzGriKAMfvPrIzYdziRz</element0><element1>QHWXCLiLtoWUSBFBtItslPfTjDvnchyxApaERMulyBHAMBpBDL</element1><element2>ocTScbqNlrbAOOUMegneURMJctnkmLqhwSCWinFYrLqfwDXMcs</element2><element3>IJhieoyuvFecKWgYGHfXQseoJtzPdwPjQTfPVyfpRXmxvCZcay</element3><element4>wuSOBQZdgRtuXepaTYhsjEQjkEQXILCBafEJgkMXhtMXPdSAfY</element4><element5>RmrNQIhRixKOfJgFLzlGKnXpLwOxAbepUYMwqfcPECPjvYzPXy</element5><element6>jUDYJZmEAwzqIpvjRTpFSKRrwaatwdQkJRTaKuKwCGoUsVPkIK</element6><element7>rupWMUQrGSSsZplhGebZjRfVVGvNwUZOyMFbIKFMCypyOCHYvb</element7><element8>sjaSncObtckTbWsOsZGkjMNgmcvXLwzvKDyJvSzbzoesoaOJZP</element8><element9>hIKOuDPRsuxmHArtXEQflCLBkxvGgoqfuaWGOJxNSMxxOVNeNb</element9><element10>UYlrRWCcfVZvJcWNjIzmKTkNoSTTTFAJbCCqBcaYgiHBvSdvdn</element10><element11>byhaGhmynmFGkXcCZFDBtWnhbklnEhPYTMFgRTPEfgjTnIRbpA</element11><element12>HvEiIuFxgqKiVHmAwsWPyBwwCqhKzpkbXlvikweNvoeNcaHVNb</element12><element13>eRREKtzSnziLkzqoiefRzAmmMaBoocwpcGxWqQLUBPjYwOyTVK</element13></root>