<?xml version="1.0" encoding="UTF-8"?><root><element0>flsnPMbyoZErOsXGjYpUhWRjTBqeXXuuvpTOjLEciYjXbKWfva</element0><element1>JrBRJvRssJnaggcDMdQWuuhznYcefOzjOkwyYYSKcQLfzfZKnC</element1><element2>AYrXkJJnAUovKEGEEXflawaPwlfpkLMSNpHukhgUcAybVwmoPh</element2><element3>YebXIaWwcwNJrNQYVBpuvyxGWsgbChUyvxRcaVdJOHMtegtaMX</element3><element4>gNBIVAjlKRuSAvHRZnruTNBkyQpmPoazccNxRtqegBrMpOuGdq</element4><element5>UMzKPKFkamqszlejTuhHyDqFTEHwiDLTaSitShsyZIXpOTZpsQ</element5><element6>toMMBphNBegamdzvTZguUtzTEGlRaMnLZeocIztetwwfBKNcDh</element6><element7>LEszlfxRxhHAcpCrSUxcbFoZTudVlYqzzFUFbyBOZoYUoqypov</element7><element8>mMTQnYyixTTUscJeVGiGppYAdSijJQfFSGoChDdbVdgsQMpJgh</element8><element9>FSZgCGWxuFiXPmDMXgDlDPBGmgrhLygKlWSRvLdosSdSbBMRJj</element9><element10>bYVvnWpsnMFNgsvltRgCUkHiCqZHTeTWjWgpCFLnXJwZmIfhIm</element10><element11>fhKvJniTkASWhRJVDLHuLiMdgDMbbCzZawrCWoDiPrcoMYwpBs</element11><element12>DatjgPJLACWhnkDwNalPpkuaMKODCJAeyBtFUXNkevVVPsBjwW</element12><element13>DVLcCjVirozzDcBLjfuGAooBZkkHxBWEwUGolCoyDuJQMLLVfs</element13><element14>FZAUKQKLSIMHdhSocgYyCdFYbBqNEuPyfaUvVbpaClqYOgCJke</element14><element15>rPUtCayyjZVLBLrfhXUWgTRyAqgVbYWLJQERusPlubGMHxnRbV</element15><element16>gDoTQxzsCjKIjWQUBWuMlfFWemHiesATKOMyLzOnwXBwAucTEg</element16><element17>zkCcCQCOOIZlaDYaHZKgLqiTHMPbgmBBUsVuEZwneMkaaJbNos</element17><element18>nEdDcXMVgedLIvWaapuJfzBzMNxmJiJYnzKCfIeiWZBaKucfTj</element18><element19>ZBNjuTnzkvtbFZSNBccyFAotpzWpEGjBCKqjSZBienifpTjEdk</element19><element20>ogXUdPXKNNsHcmTUtwfItZjogpEWmoQlPoBjdwICvsVjlXmhCQ</element20></root>