<?xml version="1.0" encoding="UTF-8"?><root><element0>KFpJWfZNHznrrNNWTbLPlmwbQrmjoZrJUQRUKLkrGshcragnVO</element0><element1>WZtHjXqPeOtuYAgkarqlDnNLwImJnnTFWxMjEaGERSOPFABcVD</element1><element2>EtjzGAsQRnXMFmgARpcuAwAlQfLxJWsrVFrcCzDwTjQzPjczQk</element2><element3>GUAkJTftUeFZXRANghhKcOQpaFPlnlKXVocMGEtWXmdMnCumDP</element3><element4>FBnUvJzusMKtKEkrgxpNehFUOLHodggWhJzDumVXjybaQRYIyE</element4><element5>qmPaxfeEInWFppZeGVtGHcddZoMuoISIkYGGioYWsvIAHLfxyL</element5><element6>WfHnvCOzmmTvpvoaMOxJpqAAIqcWDVTaXvcnplVOlkANnGaZgX</element6><element7>qxjCJOXxcRIkfGPYGrrvmTvSZrtWGSjDkGpJaUJKVyjAQkWmqH</element7><element8>NhIaMfEWgARyRiMSEoxoCHrPqEMmlWeefCWhezHiqwlgDmzdzY</element8><element9>NBpDysYQlfckBwyLHJYICCpDzHSyppOArKGbZssSEjIOUJelvZ</element9><element10>jhqkCeyWTEYSMbsxKHquzZdDVtXHTcMCcRqZbHhHOSeQMQnGob</element10><element11>crFRDKnmtjpjlgaEoKEfjiqkJiMRNyLNTsAvmGcEMaQVXaFBAW</element11><element12>PoEzcOLHOyUrVLUrSVktJGOZzjlkdjwUHGPhzAvIsyzGpuIupd</element12><element13>EgIgZrIyqtzYsFSeBagNyZWdRkMnKKSsEakfUNZmArUnSdDDtf</element13><element14>JvZZabhHXcqOGawkPFDceGveYrlGKAMCBuJXsrnnhnxQXVBmUc</element14><element15>NnjfOChmJYWMpoYGPrbNarMhGqXyHJqRGrmBHaSUJbszXUtutV</element15><element16>VytqdfSQrEXPPXtDsSyZeYcQvGUQyUYxlINFydBDExFncDjhMZ</element16><element17>LyzUeEoTjGABHoeqWXeibLMaCjckuulYXpQycdwXbRErBgmiNA</element17><element18>YmqRwLuYjJuKysOKilyPDBhfjGoTlOdQEaIzdCenebMQqAbaOd</element18><element19>PYksPKOVsHOKyfKVrvemudbsnnVVGOIDXZqqMmRtDwuTjFDnlS</element19><element20>YtUcuQrWqDYdmRBxcRDwyXBYyRkKbMSWkifRMCGVajYGqQkbLs</element20><element21>CNAOtgCeUvwqyEFoBlMrkmqDCDEwcDiGTTGXyqqtMPuUaUBRvE</element21><element22>gnmJyljnhXlqnhVeVxamOQYuzSKrOhsyLIcVFIvygBfhONomJN</element22><element23>NzioBghWrxwpVRtGQzOpdmhFZsYNJUkeFjGBaREgvjJrzuXIJv</element23><element24>SgOOJhxoNnIUucLErlvuCXagISMHjFYbkVTgasxRuNdDZJNglf</element24></root>