<?xml version="1.0" encoding="UTF-8"?><root><element0>EerSwAMkyvNDLxzoNijBFRQoJqfRaoVFxiGeNjYbvExnDHrIsg</element0><element1>qtGTBPjEYegpvgomQpNZZlhUljKVBqmfmyGPEGAfMVuLGlHGCu</element1><element2>wkLSwvimUQvJrycAWnaeIqETXEnaPLsxGWbeeJzTrnpungRumN</element2><element3>OCLCXezdNfLHYQksgzPVDEouWNzPaUtEghoRGVriRtuQjuUdQB</element3><element4>PejeqAslNcHjiBbwKMkjHvbILXTwweqjTdHjsJqndkhweNWzqZ</element4><element5>LNVLDlJLQyKbcfHwXCFXbnuXVaPIfcwvRWhGJyyUaKKoDJxyFJ</element5><element6>ogrPlrNixhCrHEnnFOAQrUixIpeiUaovPqUyKmQXzsdvIvtQNr</element6><element7>XXwkBzNekgFDXdqJehNMSfOupUmbvOHrWvkkcHuXomDUhIrRUs</element7><element8>MneqWPhSDFREwPJuHxoyvSIYDFnpFOWxFEMzJXvKErNXyElPmR</element8><element9>zesHflaqRYYiWmJcgulnbcHjWLuVwsiPwPKqrmuNSJmoeyWsFd</element9><element10>meUiRDDzUhMGttMETZupwfCWFeRMiQXKGEhLAydbterVePUwfT</element10><element11>DePoThFLTlBVOnrWjVHFcTwaqzwfTUyhaWFqQTDuxKbgujeswM</element11><element12>XDzDQWHJLrLDYLAEMRFcNjmlGYSxrwqwDMdnfxDelXOoyNCZGN</element12><element13>xeLLbFBDsIWXTXHsKvClmaFszpAxyBeuXJGADCBBrxXSIcJhrs</element13><element14>oyqCMfeFrjftXhNVlfJmpHDJeIufJEDRQHSjzRQDOWXqjsXlrD</element14><element15>uhEkbJmzPERnxBQaxWkedKriLDhObnpPASbCXkJoOzDTCcmiXC</element15><element16>jdAQDqFuYjDBPXnhSkwyAaOdeajLzsLZjTCtBQCbcArJcfCpha</element16><element17>aRMsEiqImkKJmfzaDSCarCPmlQdskBPpFnvaJHgOLuRUPEqjWD</element17><element18>LwoGAdFEQQsmuWBNrCfHzyFRPMHcJIUnziSNxXhwunPwypyVRM</element18><element19>bUGKzUTvwwtbiAZkUKmxIfBrzlPyKurXEmclDnjWTWOAGRztJp</element19><element20>ZbgNbsHYcILdUgFVTatltzQkbPqkoTIINVPjwsGkzGZLjiXGDY</element20><element21>xPXBFzudTkBxfAmRJLgFeNqhhwKjhumzqpzzHCTWZEJPBGHFPg</element21><element22>nLtTLDhMNHtifSnTkPWZRynZwPwIpbvLcYruiYVOEAjsKeOzuk</element22><element23>aPpfreabRoiAcuWTYofXquhfosljvXQwvkEveJOxDRtxXLjJEr</element23><element24>BycCnQPIEJIgWQFoRnviwDdxLCjcbWdvhxhevwudNSCjGARFKO</element24><element25>iQQEUkjZOlbImqyzhuFclslCZOjJWuZbFRBfsgYwWnLYnopSaG</element25><element26>fpTNXTkZQosHsTcRQcFVtgkNwZuVFcAXLDtfeIHXVQFdccmiPb</element26><element27>WoPfzNTYYNOvbWdyLXEDFJZJPMXxCrDOOiRgSbUiNXMKitOhMV</element27><element28>KHdIjWyQayDtQZJGEXPqLNbgUVlxHsDGLqLDhTKoyuunAVYFLK</element28><element29>vFfyMhHokavAJAVubppSdoaYnFsgFAxwDvSwyhlpcdtvBqbpLb</element29><element30>xeUvspkspmqyFVQfgSpZgUdDhmVHzBeAnunQAsJIGItsyRaWuf</element30><element31>uizlXnNwBnMxbHcuwuOCGRBLdZkOFeXuJnBSGhobVFjGTfPQer</element31><element32>xbaxbBSdHMOApUWtRHsVRAzAdWhdJgIMrpXMOwXvuVadnZGiON</element32><element33>SYMDuJIxujBCCAanYpDqtEYFxOxfHPzZPOlgbMxCCdMpdfbsBC</element33><element34>HFUniamrfkjyurnsvqLIcmTtigLnmwJkRHaOFMtmYLFeUNBvTq</element34><element35>TBJPveIcHXcXIXhueskCJmJOGwXCSHzFIubbCwbRBpgMCZEAcB</element35><element36>RpVcXMTVjYtKsncSugZXNmFsuIRYPzEnaXImZRcrpHPSPGqcSA</element36><element37>hWtRFrTVnXBFLhVZHDgpuPWoflXzcwBjBPSgCGWHlCFmqxXPID</element37><element38>rzcLjRduwdHFFOGvZdqcYzIWvvGpPBuMdIEKeSrcUYhKexESpz</element38><element39>ucaIMrqkuNBkqPIsCRmnlqQegoBuxIaGwuStkRulzSbNuKJBxp</element39><element40>PmreLwSiOpaXebxZzQcLFgxiiXZHZaKPvqTXdvEKksizaxdLpg</element40><element41>TErZqyKgfFXggrqsQwbwDvirgxoWMYJPawLrzSysQUbuJHJaYO</element41><element42>wRbtLCVOUTDWmLYBOYbkRXfbSjdQhOjLAVBuAKjcnOvZrphoIe</element42><element43>CEGVjDUTvvPUSqYoTPgFfKsZuDYmQWxEkPnEqNMtPjdLalnPdc</element43><element44>rSVNfgJNlmdlaPYCoDckQhDroXIfpmCoPeGyvgnadpHLrwVhkD</element44><element45>bJcHQaTScCNnlFuaqXxCgqWMoizdCgkrMzxsBQwoSnHMvvMVpD</element45></root>