<?xml version="1.0" encoding="UTF-8"?><root><element0>AVIymgqwrfPqPRdovNWiwMuDAvxNQmbVGJtTVSgJzggEkQeXck</element0><element1>AlwTBwIAZeQDYLCEgvcqbgfkXOThhVXZPkOFQrGlZMQgqqvHTG</element1><element2>UibnEgnbRkIWkFikKYagNqHzZkFvgfuBKFAVUHjXmZmpdTvHeX</element2><element3>IBktxUUgsKaEvxEWIAsqZRuNyIXXXXvXsaJhKxhpmlEqAOyEDC</element3><element4>siCMsaqBzAbzNZFWIDVOaVuBKnYIriRDaUoxAVkDAzBQBIdVka</element4><element5>jujeddBPOKUrXfHwcyDgaPSXVNCpkXNLCRmwKpcpxxFsHFXYMb</element5><element6>CwLGWpZzThAncSPQOpywNTucNouEPGhQhdQTchdBEyLGGnFvdV</element6><element7>sJeRzqGHScnBWrZVEIXoacSAMmJWOKNsccICrzbOOioUwGIYHm</element7><element8>cikDIwzrAlpThMZWaPDSvkjvVUPbJJqvXYKnpBNmzCUaqNgejD</element8><element9>nHHyEJbWfZYwAEwryHQtTIhMwAEwNZsbXxeAmpEXkzALfTmLwr</element9><element10>SyhLkuVnTtEzJLEVcsPJgtcwbyuOLZwmciTaDeGyuRbsiuEuEW</element10><element11>TbYaGcWzbAYzcplckOzWyzWEPbVkNlZqHPWzCABRFgyQwQsyjW</element11><element12>oXRuWLoLYEfBPhjfyTpGLoDybTDxFOtRNMXGjkXPLhjRaUxcXD</element12><element13>WdWTesfVmdiSgByeLCkpTMXwPikrtTTrbIcTWHzHxMHbbmpOFg</element13><element14>MAHWdHKSumjwzSkUYDCAZshKhDeEseRZYdojLcGSvQJZSbNHFL</element14><element15>iEnkODvCKAJXMYhgaSeYQwrdlUoPaYgfvApfvDzNqbvBThtwQr</element15><element16>ewgDZgxupjVimrAuNbnTqiSftgZdIicOTyzVgCmYqVuwvhSNNY</element16><element17>WlGiNSjnNLaHHwXdRLQVKtMYAjEQCMfhrZWSkCHlfhXjKDayMs</element17><element18>zTrNufskMyMEdBCohMUqmwNvWRzmmIzkebSkHZYmkhNXUYWzSV</element18><element19>PFEaPPfqGOyfWdklcxqoSgkBMPIfflyAkwHAtZrAIQYCZzYLwu</element19><element20>fMiOKMxapBaCfEvBruFPfPWIGNBQtIMLuqFhGjjqLMTpXHBcby</element20></root>