<?xml version="1.0" encoding="UTF-8"?><root><element0>TenrPFBAKqbaXYCTpgUmCrnxbHqrGpWDPrtdSlvYpbEawvdFog</element0><element1>NFyvKbDXldmFIysQSlLaLSwccmDagnVsOKOThUjohKBWUMQGDA</element1><element2>MSirhxFsClhNwPbuACVnqqhthWlPonxyuRCPsTTzuizpDnOesS</element2><element3>NBGBriOOxwibhPsMGlixvKLiRheFuCUjKxiVzvYxTsOmiFDSBK</element3><element4>mCbUfvNkAoiDCmhHOUEFqAfauncmzuLQCQWpDaUBWFPBMdyYQu</element4><element5>HATeQLAgJEBzkkmeQuAeEuWtZSwsRiwRVSluZtGPfEbEFlhDHD</element5><element6>iuLRQDWurnMszxGqyuAQFPBKIrjoQaRQXxHQdtBwhSsUiGMDFG</element6><element7>ZdsTktXCVGVtclaGZSHvbSmdrQWFZoYnRRumqaUrZzjddZWBav</element7><element8>hfsUJdydCPCGqwLYbCYJcDVNADMKGdkMFwnofAecNpMNTcfPLr</element8><element9>KxNauInmdZWJBZIkOOxrpzVnQUXDvfxnwuDFbkmoNEYZzfxrbW</element9><element10>ryyjPrjmxZDvvMPbdIZaUUnOHMTFrWQrUuKZYubZVQRyBuhJQZ</element10><element11>duyoEKgPBjMGDBGHbbLPKkkOUyOXBsAtOAerYKOByAwhTfdpIN</element11><element12>xJZjXuwISYOBsiqZCZCoemceDeBUjLntETAXcZSRcXEHfpdame</element12><element13>RapUzoHEYyHYoXfWzNNtEUquCbLoCIdWLSJeTUbPQsLZnXljeT</element13><element14>mHdyqUHqdkIeqZviKvrmNVAtAGzEihcKwHyFLNoNAIoHBFLYSF</element14><element15>GYxcuBnCklbnvJXaMgikgjLVFQNNnxJZMpQLLaYZDBsLbNXgSP</element15><element16>AHlhkvbxWVcFdyjHTXvklyVRqiCLeiDMXGsJwbPETqzLkwbwsu</element16><element17>acrTFaNIUUzvBPmmcDBcpdUdNMwGccDSTAMGysrNNeOGHkFIUY</element17><element18>RvKvegvLSAhHSlxPzqVGigBXvrtihARSgfaQxtBYmFDBxCTuyj</element18><element19>YGEPopVYyTXRfdSAOGUQwAisvWFHmOCEozUUXHGnQsqVWUpDva</element19><element20>VjetfCItbcolRYXbKPQbsRSbuDHucjWesxLDEDRRoYnsOAWQLm</element20><element21>HwRZGVnMDoRPGmEcjolXkYFZRUXsNevzqRudJuUFeRKTmyceEQ</element21><element22>eOshTGpZestAYdCtChawYwoWmawzMcREiTPLwcLoENyasWoCxN</element22><element23>svrzQuAcXRIVyjjeGiIncFgusaHAWUukQJjEzhNdiwsVZaTQVq</element23><element24>FfumDgJRpCNmvPsexvcoFATigVuZxjExvESfsnBXQZaXySJeGW</element24><element25>tyFaYJFfrVqDcIwricniFuyLyxIbMdEVkCULaWDbWjkOBgsmpz</element25><element26>XZHWBmlyheMhNMlUUforzeYflseEbHTuZKvEyjbvcUKhnOZcYs</element26><element27>IMwytzHKtNqJYLvBVqGDOCefSLiULYMRDONHMyGnfoqyfJVsSg</element27><element28>kLhkxBAWQRIFGVqHTGkvITyQDREjjMRMAaexZkJcsCfuCsHcUD</element28><element29>upTZxtFYupxNSudpEHjbBlElSfHRCCeStNuMmdqkLWeCGqNZrY</element29><element30>oGfTlUwtDDIKkZprPhuuZXhKhwxMpcduTaHkKwtQpYeEnkOQIe</element30><element31>JuezvSBmnKmCEiWePMfdIabqxeDQMJJIwNsSHMKPwapdYUGoNs</element31><element32>NTMDHavZCzdOBhHgvPKfSSLHNgQceKcjyuLGpzEgFPwpSjUUBM</element32><element33>QIUmGJXMVHBWwmAaMiMAQyqmjVTALlhQsTfynTRPaBvorxNAvo</element33><element34>LtfuJkCraLFbIdeTKTXwjMfWkkySwJqXnTToTWZmgywOPIFZVt</element34><element35>CqlcWZnzTmsiqMGOQsMKImYtkdDHqpOtVwbtkflyLbJcPwGlQv</element35><element36>ZLoFQCkMQCKouyqqFglbHJpnUUbVZYSFKjUsTeJmbQmkzrxGmB</element36><element37>mnTmKrOwkFwAyEhdIbsYYDkHwVhQJuRLGlpkJpGEnNuNvwRbtm</element37><element38>nerouUYJdfucSfZTCcVbcvQBfznjpjhBHwSXjUHmUYPgHUFvyN</element38><element39>YOwsdLlZVZsVyxzUVGUHFsVHrmhnHqoZowjbvwqiEsqdaVkSnY</element39><element40>pRtiwQptiwbxQpzVJkeNEloqiAtQaqiINdfgPJgBOKpvCeGhWb</element40><element41>zGqfGRNfoKYDhGfbPEVINjyyHhMQMixXglHlidUtHzJlXJyQaj</element41><element42>FYDqQnolUWJNLDnbBMWDcNMjSLNgTSzdLIEBZziJUVEFGtxIRT</element42><element43>GaXlHFkfJwfjZfoqiYsWfLxhiZPyLnTlEhpbhUDoINplmuCTRo</element43></root>