<?xml version="1.0" encoding="UTF-8"?><root><element0>PnqIrPnciKNWpSAOhqKvNMzfZkpMRJJQTliArgxdCNZUvptEQf</element0><element1>vjaonLalWTeZqxGkcNnYgQoMTXDxspNPsQOqnIGnqsFWVWQHDF</element1><element2>zLRhuWnLxophFVEBTojUokVBHCfhYuCzAnjmCMBBFcUpvszlbK</element2><element3>SQpldWuGTuNoEfOKgKCRpIRTdpDeHxAafmyuuLATaXTutaxHrP</element3><element4>KKfAHKbiTkPELjZBhJeIQmuzubeYIpYLoaFFpwHjdihJLWzwNN</element4><element5>fmQKTtaqSTNDJOmHMDPTERqSDYNJHqTuEBnPQVqzGalPFglaup</element5><element6>VcSPkLNTWtGTqGuqrLHkmoASaAHYAVMwCkMEaZeceQmXgvhisW</element6><element7>dgWRIKTSJjyAYvsfUqrPmoxysWhEHNcpvkfAHqqzSlxBfqwaQh</element7><element8>IPTfDdLMIhVudfqQavufyBZWWBlTHtNwOOyNZtwERXHjtQbdit</element8><element9>jLlMQGLsTpsKowwVzMhaBdgJcIQPPjzYHRevoDMNYLMScQPLhd</element9><element10>ZnDqCpIMPPcGGXPOmTLJFpuugCocZApqTmjSOHiwGZMOVzjpEQ</element10><element11>qblWXjyUpVRaTtiOOVIFhDBkwUhzzcIGzklcDXAnKbkmRpTzXn</element11><element12>qqHRmWWNVluCUEhBbQNEWURtnrNtuXMhaMytZxPzzpmApoehSn</element12><element13>hIAdGHuowTscjuaPtxPLibAJQMcTgHwhAvxajdIKZPDlpGZoSt</element13><element14>fufaEhIBrubAFaLFmoyGwtHuHsclYYyPLDNflacixVcQxgUhid</element14><element15>AhAHQrqdpJxxbgUOnqTLVpfcbLRkvoRMOaTyDBlgHnAkLQHoyL</element15><element16>TEwtpeeXOBQTdNxDESsCsYlelceGDKaagPImHHqgcNmMiqwkfo</element16><element17>uPtwQysEVSvlSdOruIqnGudoipVqZPOdvtQrDaJzGATDAhSAgS</element17><element18>squNHdKupnquYDbLAsBIWoPAtWdAzJTYuSlhWhCGQMPDWLftWs</element18><element19>LREiFFvCImZanHxYwaNLRenFFdRukdORGcwNIuDfUwjHTbLQzv</element19><element20>wlmgTVIecwGLKuxVyzpLiHsQMQrdEHwFapmKmAIIHNvMGcMYUW</element20><element21>dqzkqpZCpUbshwsrvMRKwowjumHtXtXipzqbHEMPCWxMzShLtK</element21><element22>HgggeqQuMKJOtEqfTRCOemQyoNkwTMIURiYDYFXByKGpZncqtw</element22><element23>EPVMJWNUpVbYykgobwyecHHWrhCnSqsYdCteZgLhZoNXQLpZKF</element23><element24>WQGsDeBtCBcEXEAXIltMDgrmhKyIiCZzLpaATLsVYxBjXZyKfM</element24><element25>FnPDoDYklTWMnuTsdSHabJjLKjdYcDyVbYizZYHpNZNZPehIle</element25><element26>IyLeygfZyXHkGMKihVOyBWqqMTSondZOKkLzNQQvdjAOjXRWkv</element26><element27>nOZpCxPJFyvAIfmJdMvEYmrTyuCNrHiJQNUUYqSzZUGcDMxyJO</element27><element28>UcZrdpwpqEPiKpxaiCPFcBscSaserqPlvNdhnRDpjTVkuOUJow</element28><element29>kHrFPUdFhaMZhuyxhUOlaJXxCcslKTUrLKzaJpFfZxjmLvDWtz</element29><element30>oslklsWgJCAkJveTLlehMdiqpXsrazdGHNKXETqzpBkPQJApEJ</element30><element31>caBevybNrhBbjTrgcApFewbqTOygvIPfqGYCmCiTKTctrEXbVv</element31><element32>oGMiJsmNbSeADjQjCxjWPvMFudrwAAXGHvVlTfCwDSvTLkfbbx</element32><element33>PMPhzldrhSzLidUDnkjywDonHYqMYqptdMshabYiLJUlhIzrEZ</element33><element34>BxSZOEpWxZHdtJkSjkhyFATsSFjRWgFrzLkgICHVGKYoqxbWKC</element34><element35>KRgODSTJAqrQCTKrpacHMzHlxWdtmEchtbczaDTMxBuEcPcnkg</element35><element36>PySnNNyGAFXbDHSIiTujjbxZYQIHnYBGqFHrXrSRjBAueCJUtE</element36><element37>KKERfwClShxqZLjMsSkYuxGTwLGNxNrRmeKDwCbesTPGlewHdm</element37><element38>nmOESMMoBruRsVAopFQRLzGdaicAuTqtedwWWHiLbXxwLyxLSF</element38><element39>egJkUepMJjbUjcHWEbCtlLFtwWkCjPphmVWpQhRnKDfsAtKnpN</element39><element40>ZlqUlQWkjThulSoJOPTpXBAQGvJtiFQqyYWjaawQUqevkaVotN</element40><element41>EkCBybTxXzrtstvgXnGaDzvDrDMhwpnrUObcypKiwxAUKZMiIl</element41><element42>nwGoyIGCnjbWfuFnyOZCPHsRyZmyNsXipdBeXUTmoPUwbllGSY</element42></root>