<?xml version="1.0" encoding="UTF-8"?><root><element0>XeaAsgaCaTjldmANLJUpagUvnMkpqCFOWmQEuoUfTyLwPZilIc</element0><element1>jGYTcoRPZheBfStHNPWjTnYVXOhoNVuYBgXxYJpppcyLWuOofW</element1><element2>eHVbztCXxzDjWReASgySxHzFMjLlqEAkzKwrbAsefwnZnmEQzI</element2><element3>TsAGvwDTulMlaXgZjZnxXVDnpXjVETshtxCOdhQcmqaHcOnCWf</element3><element4>UcnLHtBlOUlAYvoipNYQUbdaJLJriXFUmOtDdiYDGUwoIVUzNi</element4><element5>lXzXlCLsGmDhVLAfkddAdgNaqMBfjlHHDHWXcyjfUFbjGVwzcc</element5><element6>buGXDtSXeQpHcdCuAEaGpVSAHZInbTkbOUKDDJojbIRnhziNMS</element6><element7>kHGrwIsWuRPPmmflibwzORwCislfFRFnvqEJSTenyFSgnGcjji</element7><element8>uTJnqtYYVuKpUAznqRlbXezDkMqcEEHMfVjNSeuhhlQPwQcgjy</element8><element9>lPRoPjvRLKnoBZDBDPiUYguTFAZcTHgoAxMxpkudRKwtMuQCSj</element9><element10>dZRenlgYEjJZefTwLgfJSeiOBmkgyZcRKgImQeyrXGjDxMaOTZ</element10><element11>rIvHLubNXBiwFTDTAjBiihXoSAdsAeFJjcHDDijjBSKRQOUuNP</element11><element12>hTgvSMsOoTnzbhLpbScGhKrvZAwmdhGHpoaAIQvYXmRkbfhodh</element12><element13>ASFIsqWdQeKEAxQVdKxKikLSuZIcWtyroXEVrOuYUSgAxIILsi</element13><element14>IaUBUmDaDINnkcSmRISRLRXqiRkzVHNjliNLPGwZgkIGmOiOEh</element14><element15>fqJUAdNLPNVCTDHNOrOXbqnTVpBLpNzdJJuKSoCgmZOrEVIywr</element15></root>