<?xml version="1.0" encoding="UTF-8"?><root><element0>jXrZNeVtRQNbJufbSQsbDRzMLoojJgMabZPBpXwCasiHowZSlJ</element0><element1>JWEmnjhURvzJFIlFBOwiktaYRPZxUvIJpKKMxRdcDPKRRMaXXS</element1><element2>ONSuqRxBPfkacCaUPTwFgUysrBUhpzBKdHgCqAIzqcvxQmBgiM</element2><element3>fVyxsnvxzffhiDTgqYzzTiFlTIMpoKGKJNtHfqIsrMulGMqJuY</element3><element4>RQzQCqUOwbnrTZsBtFJqBgVGANvrdwdhLKNbUlkSfecaORvzAE</element4><element5>vgywxmsEQCCjCQBqLrvTsCEuXQrpdydvMHvHRTozMkTMXnfYBo</element5><element6>rJZPTgnzBzYKgaQBglBRJixLnjFbeBZiWgMugJrgIGGTJbwqim</element6><element7>guqebcJnzkgyduIrTHmweUZHlFEunAsslwOJKHFfRAlWvYrNbs</element7><element8>yrSCVGSipYZlSdtnBKBZszpXXAPnCrNWjbIIkVpFyLuBTJDFMh</element8><element9>rtzcPCWQRtdslgCcYfOIvyTRDnDwHiCjeaVvewlofZENOQBrjL</element9><element10>INBsyAiwYUgkSoqlMRmrZZVbDlNqxdrnDbtOmiEhJSXXqHNpoi</element10><element11>lkJgfiOlqecfwlABWlyBmevSGRHEGHfyQWTpMFfMdMBzeFlopu</element11></root>