<?xml version="1.0" encoding="UTF-8"?><root><element0>hDQCtvAeoAJdiAVkzuPfipVFgwbODDWcKrLwCJsjWFNEosOHQB</element0><element1>dEdnUVDjIzjOtmezHQBSHosLtqZOCgNQbqowxFifWIhtnHYwAA</element1><element2>OtMIsHrQSrZlLOCEKAPXdGCwRdDtCkOKiUpHkbJPjTrlkbCHGH</element2><element3>wckBvAaPNnbpoMXNWddQNEDTwEEUldxjpHDMsabdeIyASZrJYJ</element3><element4>LkxIUXNuelnjKZiDbqIVbQhEiImWAXMlWQwkmDGfNcSBmbBOEw</element4><element5>rKQFFZdbmymOhoLePzMcrNaewrnrMbDlwPEGICEuBipglijBTn</element5><element6>VASjaQEdESUnvZGgcPdedsbiBoyiDuMuaiZPJoDMwcSiuESubI</element6><element7>lsFEfgIbgOtvTSkJYohINhmrogwqJIPEVsrTEJISAPxrmUWQxz</element7><element8>NzrWSIxHcBVkAcLZxByNsiWlyVmkYdQURvdSiLiubfKTlydKUN</element8><element9>jYFxLfGvPrXUKRFZQDQSQfrUkFlgsjmiVwKvvmFPCECGvVEqRR</element9><element10>uOlqNKWwWNjReVldstZkmiGkTpIkRGQwfzROfhntdQqnSjiHuo</element10><element11>RCGPAguRVJSjsrUzBuMfmNnZLQOtGDzBkzPbAmibictcQVuOKJ</element11><element12>WRpAssnWBmElnsNhhQKLMTBjnmEVnmRBInHpiuzaKnJBlnhZOK</element12><element13>zYdUNyskFloOVJTtMhUUtOImcxyeMRArRXgKtyVWbcBByicEle</element13><element14>yuFBvRTNPJBJniDscNgkiQmJsGDIHNfKMhZeloKueQHzzSIVvZ</element14><element15>IONdHRPTAvDQKxxjafCtOoLgregEXWmXREdkSlqgkTNAZkLwwX</element15><element16>hDvqJjKgjqZpQuMhXqAnZBbJrTkIrbjVGTUURNqJKtdPpfEvcs</element16><element17>SCjaXDdhmZGeKuTwQbLKpAkYKecthzdwZeMMRQxGTRohlIPEun</element17><element18>PXrsAipjVJSVVRPzuNDWcMlcVniKuSWVgzrTVZJFiqrqEdnKGQ</element18><element19>QnAmCYVOzWfzmZKeMEEvjFfeVCjnFeuVKutJIQxdoZPUDUMCji</element19><element20>sBfIUVpqYFKYRWfdhPwKPpoBGSwFvJKkPafzhxfLQdaWmbhqhu</element20><element21>piSeiYgLYrNtjDgQrxKenIXaEYVLkfnhyLCgrrLgedSuZVGEMH</element21><element22>gSFhXzzhzBZvKodABhgSshpiNfhKpoLwkHVbMYvnzMWRNKKTqD</element22></root>