<?xml version="1.0" encoding="UTF-8"?><root><element0>vCnnFlfZeGjaUIpsyTZkCNkZwpajGVcUIqUsVIjkvpWAUXUWrp</element0><element1>WXYvFGnwNNgAJuuqLMLlibgXPcEAudhvYiZPKQUYgKISvlyGgx</element1><element2>uAAPUNwAbbLFCGvjSYttIcdRtctfglaEgSJgoPOtiuLwCQHMFB</element2><element3>wMsHyxmYVKXIFRdGWxzZpqFBediFvIbkqpgPPJVHDZwgQaSBdN</element3><element4>yvUuJUVAlOpMpzYXIAZJBgnSuHTcEinKFipikutwsafyuERhcQ</element4><element5>NTgxwrDJYFWSqQYbYeswTxIqJoivFdaOwHeMFbmXvHlUnWORBl</element5><element6>MIsAVDnVGAxKHThRofBwsGaRIpBPNvddgyclwtnOfLxgPthaGR</element6><element7>GVifCnHgbegCBWsmbDNTzDyXOwzAPieQkxatjGUbtDdRmcrwLc</element7><element8>sVGLSZlEdltcUIxHjHyYEKOhMbhcoAQYNXYbeMNRyCsVkjdSwv</element8><element9>PqiFBcPsnRfHlDSkpecYrvlcsPKjYMsYHQdHZYfrNPbtfHfvbk</element9><element10>IicFKCrFlFwTFlnAvImEKHLopvZVkFEEzwhimTPTmDMpcXmsem</element10><element11>IOADTvGGtLbnZKXSoGrHmYNizBDQGeqNttReECmAkSTDJnUQuJ</element11><element12>yhYuwleqySjPLewqpLflWLGxzKzniIaKqWNDTzwrkIhDtfQmBv</element12><element13>JFGuOwzjxWAXEQAeboJJzYFZeYsrmeLRhNbKJbyznYZJxQKhAs</element13><element14>GJxXXifpVGDMiHDOcHvbFoAWUicXJpxdqjyZDZygYZFntEjECF</element14><element15>aRMtIuwGqqyJWzNhCUUryhEGosPmwxSQDGcEpQLylGSpefLFRi</element15><element16>BTEGlMzGulXCwxdFkegLNeKrELIhWYDeVJnWMruwhVRRhliEOU</element16></root>