<?xml version="1.0" encoding="UTF-8"?><root><element0>rhKbgunEVlKmcaNMVpfsjfbebXQbZaFWecFqXNfdgQrXgRjcQz</element0><element1>RBbaMBPuQzDfpMYIEqzORngMSqxcfoeqTduYnCdXFDgBVDyCMX</element1><element2>yZkbqqYjoQGtGSHMbJkqStgHOgMeeawpKogHTYkZHDILHrUxTO</element2><element3>QJMVSFnnRdsLqBqbdmpgbhiECcahNNqCKnhvqeGYsoVnxhwNYd</element3><element4>qrwgZHThWtSAtRCDvzTneAUdECigLZKOcfVwnErLHmbAzvtMkv</element4><element5>NOyzIYDuBhrGxFXtMbwPtjgIWQBYpAZSKyTVBWEiYxkFowTmFG</element5><element6>vEpKXtdGibZDTYYlrgzOQDkThNFJRDQUCcboSiMayltNSHnKkl</element6><element7>HYoOlRgsNIveEeMUsqAAqilVmaSbZcQsDRbwJMYoEIuzXQHdNd</element7><element8>tYlEpZClqVDOdsBJJIwLyaKzdStFVCyluAtRpmrVhMhiaaTOye</element8><element9>wVOvrqvzTmdDUJSUQSfwLzeSbVUHjPWSlMoiUprzMHANDjNpvA</element9><element10>VAfRIYtGobTPQenYJgmOSJRjWZiSGhRpbHASzZDdrvZoZuMBRv</element10><element11>kQDjGRfSBoXIUJljFZvrajtfAqiGhXZlhAtogZrtyQryzjSjgy</element11><element12>IasgrLInWiIKGWOkhmqOTAiIdWxXqPrNFrQKqWxktMywSDTthM</element12><element13>AFuQHowGhctHXuGGbcGeIMSrMbuNFKlLXfZMQKNlHhMzuhpDbs</element13><element14>ZOZqZjVcIvsqvJRJnmEQogkVIRmlTkpbcHghFvWuyGXvYoHZfR</element14><element15>eNxCrlmbiHfhfsCsqoJQDgqltjVouZfvTdZwreIahBAJlgxcTg</element15><element16>nMkkgELVjBYQHfFQIbalFzTgSjOGCZTdOpLJRsBcOJLSHpgsqE</element16><element17>nnkiznfkAeWscQrRMfXJemgKiyvkCvjbeJqIDXxTsROyzPPKkh</element17><element18>HYvRFneDHHVrTZKPAShIHgcRpPrDkUclCuhvojhqyxdHwWXKXJ</element18><element19>BgzVRFwOClofGHIHyGUxqcMgTBBvNIwHnGvPXzhspmazNUEHlT</element19><element20>zFmCHuQtCYIsidkciuOKntHaSEvslLPOTTmccFaYoBrbmfRUoi</element20><element21>JqbGQKyFfVRwYacloaFhlkZgZuqTsYpMzzSkOoJHMSsHZHXTIE</element21><element22>wTDREzJhzQEBhXjiiujmSRhKBTgMTWdgegffFCDazZvfRWzcMW</element22><element23>SxkfeoAHdpcFJuMvepVjxqDCeQQkwiOCGnoQJNkqsMoMnAOAWG</element23><element24>vzgcUAoiKuJpXhzWIvYscukPxtZsxBRwpdtAWmabYbrSBZHooe</element24><element25>fMempraEPAJKpRVjKBRxKICRiuOERjdufEVniguMMzArpoiwEO</element25><element26>GPZhCzKwwsMipkXyYShjidaLTpCiBWoCEmmxEgBKqTrZVZhakj</element26><element27>ypsetSEZcIwkAVBNIetlBHYcRuNlmQqTIFYXvgVuSyaGdlhjtb</element27><element28>xnaOICIBjeZvSrIdotkATSCCSJJZlGOnYdqqJTaezZMZQzOVLt</element28></root>