<?xml version="1.0" encoding="UTF-8"?><root><element0>sYMJUtBjxLynjGiHnNdFmUkTUJyztsCSeSWplCFaqMZqRvzdyC</element0><element1>vptSpguIRrprIQimlunFNnFwIatoGIoAnKuufsVABhsapUEpjw</element1><element2>YXrzGTQJPEvpBSTQbiXGCFMCpkzYlDOvLkCRfHijYpOOSNosSw</element2><element3>dqyBSFuaWAgMOrgElkptHJGgoecfgWIqWKriIuFXJSPVzcrImL</element3><element4>NThOAQIlrWXwdgFmFbGmSTmqygTTaVfVAVoXWUEQIZBhMOxOFl</element4><element5>dbHpRZBegQETGDagrtroruXZaFGQCAZfbzgfvZLvBetEsgKeOL</element5><element6>QxuNVRasxjgHPHweHDMHIAjDwqbWKtoAaDdYjZObXAOURpAcoa</element6><element7>iDboWqqgKxpjINnSdZaxxnonheCPqzODZasTPWiaAgPFcqyTxS</element7><element8>VbAQpjEjaBwDCZzyRQAoktQeGihsZGcZlEqULpwKkfCTXrUxBq</element8><element9>TBQOSZkVtHNzBLqIOqykWgScyAdPMcHKOFpGjQzIxRyJLlUCQD</element9><element10>JAqIxOBPqklOYMfaCptcBgBzglQnYoNjaSkCiiOMjcRvDDzBMf</element10><element11>UJxKFPaxnQRTAvbeNAJgjXGUFWKfYUEbtwDDQNJrESETCjGKjB</element11><element12>ExSXksdTESJckFxqiihHhpJtAIoXefAsLfgCcEnOqeGiyKxjuH</element12><element13>NYWGPWJzKmHGiConfXPmvuvUUFxwkWczXWyADClYtBrXYhexoO</element13><element14>YvveMYdRqBZCqkAJQztuFxoFtswcIZqHZozjFeTBrgXpyjOZYu</element14><element15>GvnuNzEhBuvdnTRBOJssNCLtClWgzqMcgTXGxFKAJFfGJBJvLu</element15><element16>dUireiKIzFQSiIlSlKLdbNRdOTvQXEGqjjrbxYxJLlCCacmXbV</element16><element17>itSiMSshqCAXLrsqoHEmzwUhxpDWSBLZERncSaEdXzbewomJhf</element17><element18>VpkSoUfsNykpQgyDblZpweApmYuuRasvTeJVDxYyyCgIpEsFgP</element18><element19>QSJaealzOUBFwizNWSaDJVQMDyPGMAgcUDTzItHdSKyDrHRJor</element19><element20>xAsVPChvFxHBMLdgFsPHMzOdoNDwSVqdSVVWRkeyAwblZGuABW</element20><element21>LjikwSOGBKgLCDpejeJpiVtspwERpadGOTNMHLOGWRJcfMVPVe</element21><element22>ohnALHGfCvljKclSOGxRDqBHHHxBjmGKkMXicWodMnQEqbcZYS</element22><element23>GGKogMKNRKIFkPBdjaZwjmhKUETaiMeJAbpXBvfjTVPFRvMjtW</element23><element24>ZaDxfJurTixSpHfrMxNqzNTsYOiZmIoYxqTNwwUMbKWMgDmsfl</element24><element25>OEEOGKfLXEIYHKmUePgmvjEzdJNfDtygbjDXNzEFdxcFLrcHqW</element25><element26>kdLraiCWkcCExEMLwzqzINPHNoBeFszGTOjbxYvgiiNRHfxEUl</element26><element27>vTVDxoaygRrYxNubmBoOgKfCMMugSJtDwUHaxoYHFFzppoThUe</element27><element28>ZXTIJnLGIjGzWAoQOsntESswcvYKwZjxyMXgaOARcIwntiHBUS</element28><element29>BeNMFkzuvUysoJfoznKYunqmteVXyuMsTfzTBGXGHiTsQJJHwv</element29><element30>nErwTzfrOYFEWUkQhmFVcMtaQOYXDmEpGjrKiHUSujJNPZhpht</element30><element31>ARUwUzpsTPhVFyAZpFMFWWAsrFgglvYZLREVKcVtjRIyIzIIHE</element31><element32>unNUCVQfrOkRIizuHtMZLcNPpwtNIJXMNEuSOxzrOTyjdpnTDw</element32><element33>WLFqgLQgmejjiWmzcAjPPiLjfKGtDUKSOEOibivRrcFHFcvbPo</element33><element34>imSvLpCWpmzVRlirewZSEEkwRLyLIXiNVNqjJclzFpZDdIHZyz</element34><element35>BBkqHombyLSRWvaRlRBjhhwwBmAlVZtVqxcCyssvAFQzBNTYWf</element35><element36>mxhydNQocfUxMICXulRzosOhwDSempPearfVZonBdUkeTWUOOA</element36><element37>GHTjRsXNeECpqXEAZjSvuhojGbAywxzqPdmiLRFjPmlIbGAprw</element37><element38>TemyJTuEsmpNBTIYsOnttDwMQvBNeHXenuaYStfhtdJRHzbaXP</element38><element39>XDXbkZJdkMttiGkdUrGhlzCuKNboiPdagOJdtFPydRJRrnJRoq</element39><element40>NxXsWdJGNCpOKHMASrHnwioqFgVuTzhSqPndyItnDHabxgwuwS</element40><element41>GhZtHBiWuODPaWmzMqoWBnpgKMvmoRrmOsFhWWyLMZpdGNfmIP</element41><element42>mjBXwXhceZpOHibzxnEBVlVFjzEWfCTiKFJKyzKspScnLrAGsZ</element42><element43>fwouAkCJvfUVArniuoJlEXrytqzwwPoIqUOPtvuErWpqtXAefw</element43><element44>bLYBfXnnQlAlwNKDmzDvNTVjPbvQEeBcVqslDOxcQAxmmuHqSA</element44><element45>AABlLYpmQSlbAvoUpyGcoueDrKvKOYHCsAQCnvxQjLPrydvDRA</element45><element46>EtFnOLkDWkgEHbHrnnZmlKEoUelbodcsNSPwgqFGnGYMAVoAop</element46></root>