<?xml version="1.0" encoding="UTF-8"?><root><element0>YOONKBmuOnAmQTNChaJyhCSLHglpqobHsaISgYzBHfQyfHYLjI</element0><element1>srpyPkbjibxEOFjEJbqzcVrAEkuXPmgFdJlnrXWQzjMQElToIN</element1><element2>peHAEgeNWFrSVmuuTWHzXXOSncOpINYIMtASSGnmvxnDVSFqqP</element2><element3>RpeAWvbHScyeBEHbMFtxbFjxYHTfScpQvPouevMRwqwWlAlljc</element3><element4>jdetpQGjZRBThsnoJPodGbBbNDPXlSnvqvxPAvSrUKIYstbflt</element4><element5>DNvELRwaknmGBcdNQBZVmnfcuWSTvRiCcNKGfLvXHRNAtVbKBV</element5><element6>MnRwFHNMMkzuVlMJwGbpwDyTqIGmrkyWEmbUiymyUOtKSZgdUT</element6><element7>xxmBsUpUXQBIiAGNjdbJYAqlMbodCVerbKLJVQnqhyZTGpGEui</element7><element8>wAjmbotkPoUaGCsKSmVKhXnmAhOkBhkzcMgtxPbtuAnlIRxdxi</element8><element9>McoKtMRVNDhMiDHiVEWYnBNyRbWMynzyBjbSDzOwEGWiXupVYp</element9><element10>DvPQtBUOaqpInQCwIULsjHuNBapVzVLhLuVGAyFeHkVkwROIER</element10><element11>QuZhpKOihNdujdwOxExSeSIkZcnWlizhLJUSsKUfnoiGjcZaoE</element11><element12>ozIqsgbkQmWCxOewsNSiclEXJuJiYZEfdiYxDqMQLkRghPCRGi</element12><element13>KcTfMcoTWqACHeRMbBCnBnKnorPcpMhhZgiFDIMSdIOFJoYciv</element13><element14>hdwTcNLDCPDbPOcLXnzVrLBypLmmwqHARcwbxAwoYTJgjOidiq</element14><element15>AhxZWVhFOtwlYQFIcBzbvbHRZyoPBdzKqqpMppYTnwhucSXmWX</element15><element16>AMdluGfZzjdpBPhIEVrsYbSKClGkcACXsLIDzhQziHyTMtmKAA</element16><element17>HnfHOoZfZIPzyjVOhDZLacjuKFzBmENgYqIThbAxKKNDYzsRDD</element17></root>