<?xml version="1.0" encoding="UTF-8"?><root><element0>OCtLhJFONWOoCMcZfpcUnuvrFXpDrNIauPYLrzCMUXMujIlCTn</element0><element1>ifdKzaINZleoPbgBOLfUmJfgKFISrXQUPZYsvRCKDUKuJPtCrP</element1><element2>ZWcFKmtHMPxiDvqbJnuibFKcKLosbyXvVVxEcwQTxgJIlHJKyv</element2><element3>kZJtjftuZVJbRaRnJhyoWXhfPxWYyopbbuHzElQxOQdTTqPRLP</element3><element4>ClqYyDVcCLNRcsfdMNsWyTtxXLrdyomUmbjcqZqBjDlBcZQqpP</element4><element5>GbVgRLzBckdRhDLsQtlezAGsbEsSUpvQrQriekruqWZSiSEweS</element5><element6>stuitlzLXKEjjbHQiwOdxgAmewbVWlJpXrGbFAwFSwdtUjnYAh</element6><element7>ZEalChRiZUbSDMGOPhnnvxEVwSxYveOBSSPblTNBKwabvpYeBH</element7><element8>AiaCajzIHOiderNANAFGZQmyOAZOvFsGZvpZeKOYqkLbGlgenC</element8><element9>EkaIqTsxLvOwJquuVXfPmFYRYuMfHpukooCEZXIdlsordbAmeW</element9><element10>vkbAVDpgHAMNaKKRZpTtCQxxBQzNYLUSJVARUZqcJLOQwDBZMn</element10><element11>ifcifjgIksaeBlfZwRctwriEvcODjhrxeDbSmtOyoYPOddGbGw</element11><element12>UczCvuaVPnrzUHfmYuVpbbdJTFBMptYHraMquxTZywuoSxvQyi</element12><element13>vmDGolRtGUydftYLnwaSJIEVBXCKTywaqcvrbyAtDpCkmMfvIF</element13><element14>eITBaeZZwjUzlAvmqrnPmbgaTCQrVqPNfasqYHXyGsoTOkAhyj</element14><element15>NjdtsTPIVuQqOboKYBqvlGDfSLMroguSaXSfFzYpZyvlOjWknI</element15><element16>PXWygwuVJdTuwllqOnhLWXStpjQLOViUsTWsqbrtyzxQrvQihs</element16><element17>vziKFKbrPuiUUwgnKkGGaUAOdCArmJeNXslGlmPKzyQcGfeWTF</element17><element18>gXvcOhXNLNzsHHmRNtqHjRgMJUScbdNrjYjgXLGUXmcJjJUnlG</element18><element19>TmOrmatFAbMgpqNfzaEyhrOjviaqyObnItvSAyGCJFlHPJkakm</element19><element20>rONfmzwAipvNDqPIRKGNqREOKDxvIekTzyOyjhasXLqNulnFEr</element20><element21>gPrdDwGqgSBvyZXVJfacrpkArCeQSnWQXAItyQMjMHXwVHbMvR</element21><element22>FUhlMNMxuQNyOclcYfgkpqgANXtewrjaMURyeCcTdXuPYDFSdO</element22><element23>rwCsYEwWiGerGGCbPnUSHFjwREIrfjwzdPvADYijzfmtXKHtPD</element23><element24>fGdINZnyTcmCLYOdKukGwdJNmRvrqFBVlIboGLXnRPBEvRBhnj</element24><element25>epddvSToKayyxWvTsRlsvQKbRXcfNHFHqJFedNzcdHxByUgWkW</element25><element26>HSEElVOSORaEBnDvPjWcUNiiOwhjhxtZBpqLniyKNfzmtZJIpr</element26><element27>dmjoqEoiQewrKrzhAAlfsYWeYvbBDyjulGvvLjvaWXzZgHTEPc</element27><element28>RTcoTwAncAFrdjWLorDcMEzTIoKaZCoZzMjciyttkbLlsnmwSd</element28><element29>rOZGgeeLbDddcLpEtbFEEWmQlkcecJzVdMNTXoNkjjWIlUiaNm</element29><element30>xZYbOPRaTMAxkWKvWLKQtFqvydfngpWIGQzZQJQnhFgVWOxaAo</element30><element31>atGkvyiIvzUSFlwgFEcevLOVYZEZYPoWmsPQuQIalaTFruAdIW</element31><element32>mrxAhUdhsQiJIvnLHKMLohVbfNCVnhrpBXWYOfYJjecgibeWAv</element32><element33>dIAotmbgyNZIVxqvlyMSWAFKHFGMTvRSdUzZuRFOkIleUXBgVw</element33><element34>aUaoFgHTyynjibDWLPYuYIyeHBPYJNPQqFgBMreDooeqlBEFKK</element34><element35>lmVZMNvJbnBZxLwmPEuJcpevDDVvnySrAeEgNrrbQePLOliszJ</element35></root>