<?xml version="1.0" encoding="UTF-8"?><root><element0>rAveEaYKmEwWLOZgrppKrCuznIRDvkHbXQnWIkNdFhrzItfbsu</element0><element1>qNOCrvPTfRyTMZIiNXDUVlPGKQvvoBpqqCjcQMzPiizlNrScDH</element1><element2>cknAANVZwmWXTdenwISpYfRUzShheIWaYuRFSqHWpmbyNWczUJ</element2><element3>eRLeqYmMXixVLCYCjaXtWVqRzsgHPNgqKjFIYmbmSAgksoekQR</element3><element4>askrPfLusLMQVHOAOFrTbfrsXcyRKozNbXNcvQJQOtoXbrOXCI</element4><element5>HGWNhEAnGgbSvpHoOfHjRLDKMLjnSRNGFVPdFoPMbRulDLGfte</element5><element6>EqanzejxgNdOddfqgHBHbVPEqOsyNdqpEdyQNAAXhaCyRXKBNj</element6><element7>wsosqCjyLXiRHZacHSOVYcfFFenwpgUGcaMcTZUPyYUWEIXIaY</element7><element8>tqLZIVSJEJmzmECIObONdXnzQCXsIPnXmUMYWtiEBmFFdUgDDn</element8><element9>rlzwADefuaxATbKMjQBKKSFpPyyiBKoDCqjaznNAyaOHvYsbJq</element9><element10>HccTOcddJuwSGIppakWfeWpGXiTZZENKNZOnEHbPTiOigIyGxH</element10><element11>RApRKcHRWpByLSzFEePGIydARWApMyOgmxMPIhmCAvSBZASnxW</element11><element12>itYHNJdURJxPUxBmNQtYmKUWQduBreUTjlAGLQdHuRRvHjffRY</element12><element13>ZeDwdPaSCfWgagqbcJFOIUMvhdeDCGThAJwXRiZKHbmdViFEHA</element13><element14>MjdYySTtUieyzLzWFSofojdHwHfMYeOXqqOuFfVcqYZuKuPcfj</element14><element15>eCABCptkXmnGrFEAmQSUhTJkKfixBmUQmyPCUtBqdaEHDtLILF</element15><element16>rFxmhTLtafiHCtecOsnsgVSuUzPNuSXdQsiXyRRBurrnLbLQbr</element16><element17>IbjFLWOyOlEsedPKlYMgtmCYawuelsHtlOFauKqLpiRQjPUVUr</element17><element18>AKUkPOFzCuDfuwYGAMEXTISjaMJZrnwYaYQZPnXijulVrLqWep</element18><element19>dawWixUSozqyKmpBpTAEaVKrzVCbEUiqzDLrIuaiOtpZtRvOor</element19><element20>hdRRIXYAlfJilYIlkXKWVEBgQPUGLGudrYVktHTDLeijwrsgKG</element20></root>