<?xml version="1.0" encoding="UTF-8"?><root><element0>gcOMevBQTYvjAfrLtGbrcPCaKutaoWVXTIBJJqwLldKJPZFaxn</element0><element1>HBXlniCGTcLJMegBPoIoCXmpixKNkJpfHqBrCQVzONMTYoskpW</element1><element2>YWJyKUiFhfoXYbPhGByZDutfkiHLsnCWlaHoPQIrNMkuVZbEvr</element2><element3>MJyTroPFqjMeLepHDvViGvcDNVsunyYsonjMiUOaNynypDCWTZ</element3><element4>dHDZhswfoFsjkMWXmiIrxCVvnmROaVtrwgJHWESLdOpDdZWPrA</element4><element5>LkdkdaveorUulpARpAyveAfDmPAZeYtlpqJjceYiPtHLYFiVfF</element5><element6>MyKWtJLoVBDjpIRtVTRAFObkfyRumIhxecElQonSEOodfKlAGD</element6><element7>FVAiREJCmvrjltZjLmMpHeZgaCSSWnVVrGiGhRDUGmNnKxTuIu</element7><element8>icBFrPawFTeXUzMeWNTWnYxuieFtibhovonHuBfQUqambAWJDJ</element8><element9>pojgMLtiwkGwtRHcJkXTRlVYVifiGqNLrkeyezzLWfHoILRlnJ</element9><element10>bBqqmeIIwsmqhYrAGvvjdXZqIwUwHhagexMRelbFQAgrSazmVf</element10><element11>hTXXhhuAbHbSIBbZEOEIGxbAwPiNlPGkxNpnKDGOCXWfQIFRzO</element11></root>