<?xml version="1.0" encoding="UTF-8"?><root><element0>lKxmstmrArrVmVTFtAlzUwGRbnIQncEeeGuPAzQmxChnGjErjm</element0><element1>ZORqGbKphTXqCniWvxcpEkzOLMVGdhogRssbhbErXvIVUsCJfE</element1><element2>AeCNGDSdoVwsRjMHkvBSXCyaBXzcSScYSXMsAsGClvJLQmeRjV</element2><element3>oNsasniBUHnnGZCYgMHKZqCHNbNtZiDVUqFXKkpFjmUtZRgIyb</element3><element4>VCZnaRytYsiopvyaAgUNsiLswFrnIykUIexWgkZGHLprYwCvyS</element4><element5>UTYdoHeVpYcBrTJUQtMlMZOKwsSwNePRnVzaNYiQulMmlXkXcp</element5><element6>RMZWbvBjXXbgpiPvUOinLYkKHEhCBYrRFvDsTFPGMVrESvRkUT</element6><element7>pNxTMQRsTWJPygiReyeqrBtnPgKOCFQZLSVGWAdDuMVUhLjCAb</element7><element8>eVEEBQKVbUVxXKrkTMPnyQpwRphLFbXoORuXsNPARSTzMkrpGI</element8><element9>uvMirsLJIiNIiNJhnbHQpXgJciPvTlKRbWKLeMPieyDvHxThvt</element9><element10>KteKfrAouZHegEOYXyWuEKEouEYYYAHQuYilGthRLpiNlFUQZC</element10><element11>KwbsnLyCJCjMgPYqvWbfGMiUmApFeiBLWNZdVAubgNMAVfuqXW</element11><element12>PKHgflwiOMeQwCipCMWvtbcqompjYZNaWQLsXGNRmbJLyaoBNZ</element12><element13>kyTFhWYtEdRBKSNcCJjFVVHCtYgsxWNDiEAmqnvCBLqjIBaXQs</element13><element14>HYoksuftjiiJDLWOApLtjXfsYCCHjFzprAIZpHYqwnsVHPRRgZ</element14><element15>qCjPleJUzxsEQTcpHateurNXnKKMoDKSzueMzjdBFKyQYRCskA</element15><element16>VGXDvGXcdfTdUhFJTEoiTMJlLrGYRRCjruDrErFerLXPCRBOMg</element16><element17>guQHWNQtHtdVIvcmVZmikEtGmbeaAMuVKSFGOhMKJIjhzFkkYB</element17><element18>CyZBrqJgIwnxULYLilZhIKdDlQFLCNBMLCNDGDiilaWBCJJiVR</element18><element19>IDsYKltMfAPEUeMBVxOkxxdDbCvvzMWlLinsYLWWRmZDuvxWux</element19><element20>KDTHqqukqUVOUesdBuzpebRXXZCJKAjkKSRbUROfHZFhYIWBZe</element20><element21>PDpWHlxfnLRaQKoNjNVqhrabpyOrmDQqbWNXxlVuhKTSWwRoCC</element21><element22>VsbMHYIjIbMFabokdHzgXSWzHbIUKEJQcjHgzdwKlTcWAFNHAe</element22><element23>GsSaEyyGTSMEedqivqJtKDzcYHDcrxCdxUXEvipkJdgpnXtLsj</element23><element24>rMHzWSWLwvxRCtPIUmSBpaTirJKMCnaETlvkIhydBwRwKQwyTv</element24><element25>oMtnUWmLKuzhDtpWNfyHEgdIKzDwGjIQyzXWQhsyblnThuQTQq</element25><element26>SqviGwqDyvMPQuWmloUDDWegMsCbJJbvBwwmxKKLMeaIGmwyTP</element26><element27>wnHvGmjYqbreJMAMhnoEvzZQhYHmsMEFPRAolNppMBtViwDTJA</element27><element28>WFvkOSTDExtYLbzSRmuLjqAPHxIQRdbmXwNbUFiJaLvZsTGfyN</element28><element29>whMinkwHLPIqPENEIQeUNeTqDGaxvCDIEqirWRyMFDpEUxLmpw</element29><element30>WJAbWpPknbwIayMFfQshwfcghfniKObSXRdFsxdhEeDrZijTPj</element30><element31>mKziiPCIuHAxLFMUxCkGLAulGteBkWyDTKaxUJSmLyNXPEOuju</element31><element32>PZAtGlYUZOeVEockLhBJitKMZkbNpQGOZjCoSCLVrTyPaeFnai</element32><element33>nPGYJxDHZEgvBXrxAAxXMKKMilfPHNAkyhlsEVabdDnXVYHvqO</element33><element34>YlljQPUZjQhCJdstBEwuZgOWJvXbUzwrOmjpchLDjPWBwNXVxa</element34><element35>YFhOvKCuneZnyerGrkDzvOSnRASSYSuqHOSyrkulmRZrolewUA</element35><element36>vWQoFvojwxkluKLoIYWMGBZtVKMfKnJJHkxAPOTmScxvDdenxo</element36><element37>IuIjBwjQSCbtTXRkFmkjzUKEuQMlVIFeYnFYuRRkWhWQrMyEWx</element37><element38>aKsHawllZmzClFpazyaspgAvCbSgswPEIvdlAcClLDIoUwCLRq</element38><element39>eJYHeFStRgABaXROvRIHvUQxWubzDRvpqSEiHacOsykmvJcNdg</element39><element40>ByfpZOLGQPbfFucwqoWCddTZHWNHviPcYVVpiURCsKbxIBHimd</element40><element41>zTnhbfiuHyzmWETQubbjAAGtbquqqjcTuIhgSHwtXzdTKwqjxB</element41><element42>chqmvFNdBvITHFVIRFyTnPGgNFZZcmmTcRTUhckgXJxHNjQpuX</element42><element43>jLCFMuorICGxWQvoyzoDaMsiZgUHvWsAKgSYfUgeuzPniDjDHR</element43></root>