<?xml version="1.0" encoding="UTF-8"?><root><element0>TeSpgxRBrqUvhbTxKYNjkygbQUiuHikdwMfcRtbPqZjTJXaemn</element0><element1>WUREzyBTQUBOpVlIZNuLeCsPnhScxTREcIiRbahQJBpcAzQuiB</element1><element2>vyfbUjiFkCPBpXMzAtxHvTueGQeFejhqXHpqAmtKysLoQuVofu</element2><element3>qnBbISEPIwsPNebInUgmoGhJXRFYDOztIwqldXNGRLwETIEjTn</element3><element4>QtOcgDZUlDyANgxXCNvgGAxhvdxfbWjlDJSRXvrOyTVuNNeeEH</element4><element5>LRfwxuoYhmRNJkAMXHnacHcWipFKWgahvzGZrbvcIFOkgCUAAT</element5><element6>XEacWMGcywLMbtIdQMGyInorvtJqZPemNwAbLLVPlbdDxpWoVD</element6><element7>FQYvamYAoaKLoojfDziLckgkVhYHIIFciIPgItyuOzPhqVgsnM</element7><element8>UpVRAVjahtsTXGNYMUtVeQTjAZudhGdattJlqPaPfYfmNLYzqI</element8><element9>McnsEeIvWtfeNjMKdfseeGvPSiBDbiCNzpfuamHzLWboUyFkop</element9><element10>aINlmoDelJpKTieEWOkCckJiktVShWUZXqXkdRYNlRGEfGgxwL</element10><element11>VMnzlViwwLAbLAWpQNGNXCdlBzKaIiYEVFWLHYBXWHAHtKLqQV</element11><element12>cWfUtkHeaOdxYtlXQgYBberVxDmOSyMHWNSSEseWaudfiPHNSR</element12><element13>xTmtHXYHoMucQegyjOqPvBwMySApmHjKDzQyBBoLCJGvhOrPhw</element13><element14>oyAMPqmPgfbSBkkadfJCPbOovKFNlufqODNThkuTdardZJfLib</element14><element15>juNHHlArTdSYJFMgyKAJnEdldIpDfTUjqXhVaTVPeTcQhFbInn</element15><element16>uuhWubWjCJmqNZeBnnenMoMLqgsfqwVqCZtehniaYCHYVvfdVA</element16><element17>BNSTeNfcmJIibXLbUkeXUNpHnFZZmECaIpbumBNGrrlEcqoKXO</element17><element18>TPtHCcGbYYxFYBYiobNRFxYbForZIBfjfGrSZSxIsYZotWHLqV</element18><element19>qGQbvBKuEMxRjruFldqiEERvVmlGGhtBiJEPNzzoKgjnGufnue</element19><element20>GtMMFanKDlkyAOvYvuZarzAfBtbpPlcdUbjnkqjFCBYIDkXtaj</element20><element21>qNWKmxmMLcKCpViXZPEAYVgkkgMwKgTvwTrwPrfvmIuvrxOepA</element21><element22>FJKCyiSpXXUNwZVSEwhTJiYliDGSUkEjNLJHtnMlatsNdzrfgK</element22><element23>AxsGjtyjHiAEpcNQzxZjzzpDOnzBPuAcpCMIsXZqMPmazMsUxI</element23><element24>mUGesoqOnNefNLYpfTMSguSZQQGPqedIBwfIlKiEmQntiNvfKR</element24><element25>zoBfLwunVMAuCxciPgKhlihmJHgXTKIjuDYplEkKiDQIEFYkOx</element25><element26>cbuqzIFkFaKHcQZgpdwEqFeaaDSyQYGcnDpdhVLYhyiRhfPwQX</element26><element27>HpYBiiAczLdTfdVOvCIJXqvkFoGqamjvEkRIKDUaKuzdWUJHzZ</element27><element28>SbYLQJzxpmuzkKyzErevxPOzyetdJUxAXkVDRirYykUkZGpzgG</element28><element29>ZmDlvGouKvMiiRohsXJBNBZBToYgpiOZneJoEiFQpYHAAmcIQr</element29><element30>EzyznFCXzUagIitMVtkvtbEtAMouLMdcIwFGQiipoJfussFCaF</element30><element31>sEqCwdCjlMHpFhrKfzojZUxzJAoEDoVswpetbNsXulDTJwnOhH</element31><element32>nlkhwWNXPGJLLrMvijKaHsmaPGURGcBUVTGLPLXldelIQsoPGs</element32></root>