<?xml version="1.0" encoding="UTF-8"?><root><element0>UJsrTiDXCICvtKncKqdvCOQbAqazGbfxlHWFWjobbSYbXwssmw</element0><element1>VoVCWPsmJMRFxakqYUsUXBrnIBpIGVXLuKmDkJNjUqDNPFlOdh</element1><element2>IEtSHPWsBXSEzrkjEijRSUzJrwwCDsXGYCZHbpgDQqACGhYusW</element2><element3>IQTFtswtZEOJvWJaOMooPtIedTGclXzsfSBWjfYcRbdRYeKqlr</element3><element4>WAeLVPtBzWSatBubuhyZwKYPOfUCrBiOafHhSZyqdHrmwgOwOo</element4><element5>dIVmZzNcfzNlHoWkABqIvshAjcIpMhHYLtYMnVhtfIdkVtgLCr</element5><element6>wOcGNhvGVfBswzuNWDiRXfOMFOIUCkiiLOvcuiOhnwvQDASVHy</element6><element7>YbVMmqRfFwZeRkVxTTShzKpvujNyLozWBWxTyWMmptLIfQnIwd</element7><element8>wYIwajoCVTYDQRKQHOSMgDqXCxoTrffirLAjxYVOxppNQUxqBs</element8><element9>uXlBzlhdCHuRHNjAtcTZMtxychstNxZrrkpbhlfMyjeTfDcjhO</element9><element10>HzeRHNUxzVgafVJqDnMpiBILsidYNehKOjMcbgdRdFjUpklwMk</element10><element11>pyxyVksvrbmRCxbFUHhwrpKFlMSdMoZBbMhYTbfosoJlLjlSkn</element11><element12>PLMWcZmvCKNZBZzYdszBgqdjtebQZqJYOVyUyLQIDBdMmPvTEo</element12><element13>tnZmXdNXJGIPrJvGDGqNoHvYlcsSBHgtWFNrSuYcsZERdpJVEg</element13><element14>WDPrfoMjYGJkuXRBJutZkDAeqGsVHGyFUGCmGiRhCuDJOOTTXa</element14><element15>dLbmySImiwHTNSXjLUDYtbueKdDYaHPhvTTzDvkZxTeWWPkOKS</element15><element16>NosgIRKXVnRokhFUDBYNuhiPPVPDpkMzYoqFYEZDfDhmqdTmGe</element16><element17>NgSWjisuUfeAPQBrfuHprBjTAdlGBKVayHoasyPFUFfSRQShMU</element17><element18>nUxhkYTuikrdLiZnJnPjubvfgYAmuTdrxoWmxgRFeeqKweZbvZ</element18><element19>fuyUbRKVpaBxWAZiFUSfUCutbdxnmtuqxunHmYgEcEdfWAqkSU</element19><element20>OJxAqQhDkddvIkxahVbmoslMzvthqGJVurfmkLoRXIoJmOAKTz</element20><element21>DsWKQIynUxhUvglveMwREiXzIlBobssMCeKCkDLsEfFiLObAnO</element21><element22>xNrqRzsqlOZwFVoTmLkGCRFKScoLBcGhYBZPhBpeMzhgQZbjjy</element22><element23>aoHMqUNyxkZigxQdoXdFcpyvNocoNoZcrOYCfvRUnufHwhcWzu</element23><element24>HvFATvSTusxAbkbxSxvuYMIPWsWBTKoWWzhjOumNJFjfEEaBle</element24><element25>WKPeNmjoiPwembxixyYWlKvljuqNHHKJvaWlJqoHXBUzQpeETd</element25><element26>OUglSgjliayxrSviKABtVNIWHBcEwCCtFfAMrdYZLoDIFHSVKn</element26><element27>ilVuLFHYDzJnEjalmwCmsRwmJFiAQiienGaUFFqrupxsEEDUTh</element27><element28>WtBwyPCAXpiFJZLdpApnkHzxkOrJpuzOeWHgkvPvcOxmZPaiqL</element28><element29>FRhAOXOveAyKbqNNrzeyMyZpIhvpiHdzmeffBtqlgRTDoFBoJc</element29><element30>WCKbBIIpEmZKhpwGjblrfHVlsoVEEwQbfiWejbgRrUkLEDqyPI</element30><element31>dPJalWJfRaVwfdLBkwxfiZpVTLBDVnpAHYFAurfPEAqXusByik</element31><element32>vAgqAySgEwxNGTChSGOYRMHGGwFeFKqXmqxIeIYFEPFaeBKSGw</element32></root>