<?xml version="1.0" encoding="UTF-8"?><root><element0>kEaCtsUrROzxTyFEefxlVXKIshwGPxWCJiJslJuDEbPtpgVijQ</element0><element1>cvXWOfvaLDuuYrRFKuSPfGYexGGzgsQdytAxkIccgLYvpQanVp</element1><element2>AkwawgBDnCgtXFMCJiALqIDjYgQarlpMYXuITQKKVArOffquxs</element2><element3>XAtSbOyCTbaEbCrAyqDaIQzfUUikUPviFJWQqVZrgjxFAfCAOu</element3><element4>pAhnOEeQIggbOLTyhAIAZfdioEjqoCgNRHZltCpFvHTLoefnnO</element4><element5>QtgrkvwWgDNMMiijUGQpCUSGfXikcAajpwXMzvTKMWOHhlzICF</element5><element6>tlbFByQZnRqgHMvJirILLBLfcBfqZSkDZgqvFYIsYDgXMJbZNd</element6><element7>LOgFzTEBFKWJBNhpuADNHPQfzZydRUSepKFOuxXdOMjUFHmzrV</element7><element8>dbZDLiWGHzeDmEALQQwuDYoGFAHnVvzuJZqkenOOzxuGUxletq</element8><element9>QwakHTQwXdgACfIKSYTPczHzkjXWmrSekmgeCdaVIcakXqIgtL</element9><element10>jhGKqTenQKnouKJXmCxvCySwsUBqtwPYljHYFqTepNffTxdqBM</element10><element11>bVQLsOiYcIMgzifCuaZAYBXVJUuClaTtOvTPhGCRuTbDlpQMby</element11><element12>FLmDJhluiQwKjjEoVdgvIilRJmSyybsOfDmAEXynDSpQslMKYn</element12><element13>UWjbFfbQLYqjKboocMvvrNpKazrtJgQLsoNOGNpWorrNiKvGtJ</element13><element14>cWSqtQKWZCNiRVSoCQTYNPhtYTsjWrPEMwSpELwVigWWiVOTat</element14><element15>tkoEXrxKNjNaCZFFOdIyeHLHWeFlQEOComymxVRPaLeRaEjUlv</element15><element16>mqQnBkWbwYHBmjZofTvHekciFpFlZJTBrJdACtFbtCbnubHyhT</element16><element17>rSdAGxyZnLabTQiWIAwzuQmZhumSQRbCSMKdGDRYAYvzeGPvpg</element17><element18>QatsJppMwdsSECgwOWNvRXvCtBbbDsjEwnSNUCkLlGCLFFKoSp</element18><element19>QykLnFpUGhAvPghBqKmqNWQkyviRAuHITCtGCdqiMiRkmXEtlH</element19><element20>LsVGUllYYSKNNEGVxienMBKWRaZNVNqDxciTogVfwPVWOjdFqv</element20><element21>TCJYYyLImaBmQEBmGwmUGdMjKIToXuTMywcdqGvmCWSznkOWJu</element21><element22>uFRQeCabAbwuRpRFccbUUZxPnlrTPHFtuxlnVfNbZwDDgwtqdt</element22><element23>afNztINulJdURiYEksuQURSlBwGyxdjwgliEzIRXyaqZnoIFGF</element23><element24>suEctxyCKfrASiqtCSNjBISlNzpPyFphaITVDzdDbdujDmxvqW</element24></root>