<?xml version="1.0" encoding="UTF-8"?><root><element0>OXVQyVezxHMKPqBFzHbUknehtgvtAPZGRSEvmoZJJEahGUcHOT</element0><element1>DoERmxKErWziowzLerPtlQzdkMpSSFtZaoPiUzmGwVYAIthJwJ</element1><element2>XboQlIOSaZXYTfznrmgSFCheDMXtHUzMhyzfXYUhNjOPYSDtCq</element2><element3>eGvTkoAUTTfNppyYXBZmIkJLXWesOxFndtGmigKBTAYOglRpsD</element3><element4>GlRgrzXzeqtDPvrJbPJmFyPTzwQnKbCgFqeAMlNCDtIfYqHUtR</element4><element5>ZXbZfUiGpUjDcvQWIXryGZWkSOFHGZVWAEGDHoQanlAiBQynGj</element5><element6>ugfSqdOMMGBypwtyNZxYtvQMdlHjPbiAbahdNZMthFEqDYUAbs</element6><element7>kUFPGnQjiPyEBMKlNDgKWotuPeKXFBfVctyxqUZrUkgVJnbfds</element7><element8>cdwgGGEwZUKfkQsaammFmKeuFPOkqmcYUVPEcXHQVtTxQiNAjL</element8><element9>mxnwBiYfAlByxJBspVglDrLMFxoRtusVGminQGxedeXhcCiTTq</element9><element10>ouzWNogpTqKRmoHAhMbfQJjBINjlyDFsZDrQWhmTqGHcJwUuzF</element10><element11>EhjqjGAFUSznCTARjyyIuBIwkRmyaXzRcKUcZNVdWgwjJijQek</element11><element12>clikBWFsTiPTNEniMYhfCDCkCULBqzZlAPZlNqsAgEizDXflDa</element12><element13>gdbIhtXQQnJeIjTPYGfVLziEBYhOAgzhfFYjuyflQINHSTDZvg</element13><element14>lyTeKTNbEmurJbMyzhVYaqbOzIklqVNHvjUKWwoiVPYxTVWVYh</element14><element15>mTSVBLVIUFuLKPSnXscUoNZZNcqETNgaRVVXctVqyjcJJWvjwZ</element15><element16>AOMHkoGhVpdbnRTcllIzCLnxylDaSHICpMvnAjNrAeRzFKmJZY</element16><element17>OrDXyGRgRWwkOOpdczKDUhDsEOuuFIDjecZZXQXAojUiNxVclb</element17><element18>VUPthcQXyrBlpraCiyQnoSfGLuoPRlYbdLYZgSviMrkMzKtLKu</element18><element19>ZyKTAdXdiEfKHVbRCnNmPwIjBLsmDZcyXdYsnPNqyrYoHjBAle</element19><element20>xYRDQqhxDkOoYDNUKitIHTmdLNzQRtJbCfvzHQGSbilqxoslGL</element20><element21>WbCYScfyZxKBtapAZUogSWkVUMCXWXwUqkijzjxtlRBjcjFSFJ</element21><element22>jxjAAywvHXbIljXMgtPSbZsrHcsBLRYTkgGisuFAoDGqJTBJyv</element22></root>