<?xml version="1.0" encoding="UTF-8"?><root><element0>JWzGJOUvvInFDKrsmwzHunFBGrOxsdhtwGhJpGkgtRSbgazTxj</element0><element1>DBdNgsbIexeXTOYdOaCoEScKjSdOmDCZOKhrPviyhOfRjniJJC</element1><element2>swvahoKuLquLkxQaVKWtyUmMxzLqvKTfgnaGHnteKCrLuZXOVb</element2><element3>CEjBxTXATcQpMtMgeyjBadEKFvAmPNAcuEsgzlGMgAAREJHWBr</element3><element4>VuKZngzrnqQUNanXcEqSjqYNwIhHvkSpMEeuevDbwIlILxgeTB</element4><element5>mKcHJPxbGeAzSMRTLYWhdOiRvdcRgWHSASSljaZGKoOxWqGJxw</element5><element6>tBzUaPiEQSDAyngjBBWKTybYavSeZLoBvanpuMHInXxXKRHNxw</element6><element7>pBgywlGjkGcpJcVGlCRSpPLvsOahJlwuMVQNFojkxmGnOtlKQB</element7><element8>UDQpVKeByoBnoxoClBoaWKfoIPqdJHMlcjLNaBdnGxnHDJvMCw</element8><element9>EbnDQeZDQtKrgHnieQYZdjAmSnLiRxRTKYOwhZMwCbHvsjWJBb</element9><element10>HBePbKxgCWxIKQHUhLvBrOpNSCCaCJFyWEMNXixvGCVKskejsI</element10><element11>INgXVdwyJLajGwNaMbxAyPsxYiIWFUJBAsLSeRMeEXAPFRoPAf</element11><element12>RrDkrPnOpIpgSNdAHPIbkyKatQhydthMRAhuzMFNYTVIWNGdcr</element12><element13>oVhiGoJwPcjZNGHUxNtIpXCBfqNrCwFyunBzLyhBUcUxOzqTYx</element13><element14>exVNQdoaqLVRMqZINtsNPoZDDApTQIKBjAnLVzKjCUHWSujCry</element14><element15>kaLGoAsltqvlQUXAOKrSICqFUfYzRPAaMnPsvPSuzYImaFLKFE</element15><element16>VscxtKqDIWFPxkLZYDBtWgxDmQdzQnzcukFxjLVjuJvsgzjUjp</element16><element17>EZQVFbuGbbaowsrTjVjPWZticodLwYUufaFCeoWROPfgzBMjnF</element17><element18>XNBRCvZVRZWrhjdeCyDTqadsTzKdGmGoorsMwPIosEixPaPwno</element18><element19>eYlAiwAWjbACjXwoBUrneGqcdslsdlJpaHJlqWJNvxcDYOkQKn</element19><element20>KXipaXNBPBYcMVSMrhoGCcNIVMQALhjoceLnbPleuphNEUxQlR</element20><element21>pOGCxpaBqHDqbPcXTwiOXqmJgqVDsdlxbnSQesYjkKJaNAIVDr</element21><element22>uxgitRzgOyBZJMtWBQbGUcfWsZsSUOqCZmmKFlbuyveVuiXpKL</element22><element23>PxqckyFljASvZOJKSFxGHVqftqupmBfGwqqoQIgnJcVYLrAUDE</element23><element24>yxQgpPVRTzWrtwrxlEqnrOtvLQUDHWktfxiiIPoEblAZypBJhP</element24><element25>NtvRwpDnWMINNnTmVVkGdnShyXUaWXgvzQOMdbGWyAZXqrcUTx</element25><element26>QkfCeOxylQMzMhzXkzgowzmohJutCqcBANGcluKawLCYQwNSLf</element26><element27>epJkEtDIJlUmweVdzENkbCAnwwjbVVKVsDNvFuOtkUnCzyLQLd</element27><element28>WDfZgrqABkivBAGOKGljAQNuUgkmmFqyspGYDfVcYBDnvgWYZz</element28><element29>KnIUsdLxWwDKcWvMsVGazgTOMJeqnwugctrFNktPeYAySnwZLW</element29><element30>rbeSAOEYAHcETiOdVbAWFypYTumsbUIJRUJVczbCeUklbxLXxm</element30><element31>ltiBwPDYItsqOPrQMnNAiWKNkcboCSKDdpCIXGppTVmblioSHM</element31><element32>ZZsxNavBkKKYHiQwAKZjitQFDWbsRNxBtGIShWAMmPkWmNIsZs</element32><element33>KmNAAgCYFXrwMNwDPIdsTFbOsIlWVqVJiHIACxiRxTbTXbcZel</element33><element34>vjICWOkAKaefmShmeJELPQZwvxROtbuQEjRRRDlNdDRXDVQVqx</element34><element35>AQpkKUNBoRXeqnpefXGtpLlEYGfEwkiZNWxmtYuAlUeAfmDvJE</element35><element36>ZNGIjgoVnBdCXiXOXFDarArnqrDMJuRSfrpPRElNPQUravhzpL</element36><element37>GUStVbeAQHckYJdjDMibxyfVDYJasrxNyYgsbcIWEbahisuGuC</element37><element38>BWtSpFmsfCFhllDvXfgZWByzQXtFLfPmIksVhCAMFRqimiCfmJ</element38><element39>YrIZDqEdPmBuMBsdxRbeMvtjhTgPyKsbzTnnOOfrSZqbZtrpKy</element39><element40>aKdfvbMtuLpoENethfouteBPgkIGCDCnERSnaTMxQHqwcoskUh</element40><element41>XdnQwNdBleDqwqpoMQOtqJxVjKWMyiEHcLsNpAVVfzWrddGedI</element41><element42>yaGYeggTkpwrjrFyNRcXkZjYbULIxTlyetWMyUORBRhwrXpiRl</element42><element43>JPsrfGdfSZxdPPJutrXGeRWvkXAuagOQVsWynAeZVLLbZRoFgM</element43><element44>WYVioBsHeOdAZqbhVhoATyPhCgfbXkFZNbPhTVQlhYvGpzgjmB</element44><element45>KVucoydCtjhTXrqLSGKyhLoeCzndnnaRTsJefWYXBEMCnDYbLJ</element45></root>