<?xml version="1.0" encoding="UTF-8"?><root><element0>KcTjMTrOXnPddopnXBooJyYwdZFGxiptyKvvXclNkPciORVdCw</element0><element1>bMcWMZggnWzntvwuDGFoQIlJfMtotkXDnEVYfxYVoMQnkxAJAc</element1><element2>koByXyJCYqrEsjlNroFslnFzxJVLQmVIQjVELRvefYTrXazLkz</element2><element3>GIZKBUvOXFhqhUXQqGCSdTKvZmuczWwQVCreHZEmdGLhtmpZal</element3><element4>jgtZywgysrgnbzlTWPIyYJVqeIEWtQduuLdlGVHKYXLaLdbTcp</element4><element5>VfGgbmfXeGAIiyXDzwKHhhDFUcueKTIQZYPpZcCrNyjeuImxob</element5><element6>clHvTURIuMKrDugZNtkrScXyKcxRkGzzZMesXPDnFZBuQRbUTX</element6><element7>oxSdxPRCLqzqfRzHYdtjhbOuIWjOZOqpiMTxmDKMjOKFyTewCZ</element7><element8>SAOzQgbfWWKaAmydOEYBSYzAWRtmmINYWEhqYaKeDiBkHKuLtv</element8><element9>mfbpjFMCRwyDzzaEfWhZnLQNTDufxqgZfIMRnVDpYdskQXFWnH</element9><element10>fVjnKJxamooxGUEFkHpqxCCAUaUooFrrwoQrdIHiybWiwxCOjy</element10><element11>KxGGLoFUTpMaZkVHyALMmTjSdFjjeAqpQsELPnrOjCVjUsxDBM</element11><element12>wNZBENCEuageTEbUrFwDPxWgWWvrqfvFUJoJQNoPRQXuksjNLJ</element12><element13>uZxKkejMRRPpCRmObYIOLkhhzEAtbWuhKIZchDVQwdklbaRKfX</element13><element14>kmoeppzJsgDhuDWOwUTtsUnUpHIvjkvPrRhTEFHjgivbcgZryg</element14><element15>wZoxwDppGLGQpSVlaJvobaKHzUxaRbYKZZiXUrlDZQqTOsOtXL</element15><element16>hbxAnAQwTIpLQSLYZFphWNlQGwmnBulUxrvRaDgWiUhxLPVTAl</element16><element17>BwYirIQPhxYwWgvkJqIGPDEBckdggDkzIrxuHUbXtgYFxDvKyv</element17><element18>ozDuaKQzllfuJeZWRObmcslcvcinyAVdVcPcZPxLsFjvmCsLQe</element18><element19>wWhHNzQsySuslRXQXvNwhSvitQZNnLODzuGoNVOqsngxiazNXp</element19></root>