<?xml version="1.0" encoding="UTF-8"?><root><element0>vRyvEJoPNYeweLmmsHSXOjTjgvlchqqdcyFvjqSfYSUZqjMOZQ</element0><element1>EkWIWPUXKkGqBKXqOixqhWdLxAYnkznamqyZxulhIsDhBRVJxn</element1><element2>GJZbIaslvaYROxGkEncVenzwjWeTOyKkhzgarVavYDUQOZFHmU</element2><element3>wPDcTmYMwBDZHwCBAMUgTIIbSFOrhWZJLXzgmXJzhczMurgmXt</element3><element4>lCJHClPJeniFESgGQRnlVogXlgazekyMjmvZmMXQnImrjCNVGA</element4><element5>NvNONjSjJlatTzpCdiJCqrNuzEBIjbKhyPHQpJKLdAjMYUsTDu</element5><element6>tnBqfnuozacFkFLFaUHqZcoRgsVHoUzJBWXUaLjoiFAAHxqIHP</element6><element7>bSbVQMmtorJCRXYgYzkaClQjTiEgctRpMDgzoIGuhhaoxuUEUR</element7><element8>bWGbPLeCWrfvxNoqeumbVWuQgHGNNeacGJvrgsbOPrVlAQZPqU</element8><element9>zcYsGpSzgnwmMIsQfDNJJnwIFjPdbhQfxOBKQjslIsVioPBMsq</element9><element10>UszKMsKzdYXZJkWyusknGTUXZnFvBTlVbDmAOGTebITqyCAUND</element10><element11>llxNbPCtDSWGkvMtvDBLaSQYKxacrbqFBVrDWNYYbpzCVejTil</element11><element12>SamzdSICKdOYEAihMVmWcNRKKBFHfOPBQOAgZrTfvcQPOyEVTE</element12><element13>sxOnnktEtTEWNjmrWVfLrWLpKhFSAiZTLPUhpWAwauHvPmLHnj</element13><element14>DZHucqRmucLVdXJGHdPaSIEnUhKiBGKFlPsZNIrsvWJOSlCSYP</element14><element15>rcKBOReazYkyTcxgPlOBLPRjSHaylBrsJRjKQMTjQdbgkFPTGp</element15><element16>NCBSMLNiPmtahgclhpxEOqOqgZeurFhJjjTgvaoicbVhgBXNkl</element16><element17>uJxSdYPGQmDBfZimCJlxvEZfDIvMNVZnTLEKnzrXRJyQolnnFT</element17><element18>BdRDjLzFlhocHfhOoRYsQTTAMenuNNIhzmBdsqWrlCjrhQumTe</element18></root>