<?xml version="1.0" encoding="UTF-8"?><root><element0>CyNHdwEroPqHLpjUqxCmfrdfitwbnuidsapnXKmQwCtWbUPjyE</element0><element1>tnPMgpVTrBdTCbTJPkCbzSEdCWHmHVJvNuYqcdwxtWvFNacmSX</element1><element2>uEiOSaYcdQNdDeEPribYvBsKFdiQQQbvKiHVmmfsEfSUvLJpso</element2><element3>eepBSFtHmquVRdpwGpOxCKQHTAvDLmKDQTtCEKJNxlwTDGPVyo</element3><element4>ZxxOTpcNvJqlUOscsAAnnOXXeWOKZvpotVYhjNFROxPWRhaRQh</element4><element5>gYpLeRDpdKiVJuxjwBJzgcABjxvhCSLEtqIjCMATTaOipGPYpR</element5><element6>XtfZXWRoYPSMeeqsORlJkXZaGDFtEgcuuVPwPHSmvrqawpsEOq</element6><element7>bdVVJgccWrgUSMRGImNRdlBHLygZjcisPbXjVldjBnAgXLSeHQ</element7><element8>juoKaaiVJTxPTwOliGWxRDASeQGPWMXAaxsJOQasAbkLZALopC</element8><element9>vaGsZRMxxUoXWJhMndDVQnFDkDQtHMLnJoFmKfLByCBARSwoQC</element9><element10>VMQRSytxdNHKxqfoTwkRtknRrqzfMmseQuXdnBqrHHgonWYMFS</element10><element11>ImUVZwvPlvkKElvxGaDBwWbErwWQJwPJOpsBsiEQjieZultTmY</element11><element12>EFgpxfiGGUdpyInhiWDsEqZpaEEZQmtTWEfBIHKwAdlpeWYbBX</element12><element13>aYSuZgSBRVVHHshbbZeDQGQRLtYOjpsPhbnoJKwnrBcBBmOgUB</element13><element14>iPrWiAMyqiiHpNcoOshnbXcoHxZmpURcjnovWBTHtyvSielxXu</element14><element15>GPoxrLIYXWrUHkBtoAbwnZQUQMRepnCAzSiSXjhJqqtjRGMlfm</element15><element16>AMghBZtHRneQSdaLwsisQUvedCrjFASsGwdOoLYojnbuJrCFPE</element16><element17>GuxwllEaGRrEyPzeWKzsqjzIXIuChdIquNeKvTUjBKmfXjczKf</element17><element18>ILCCxBnoxbRgpSWeXNhNxkvnyyuNNoAcnEPMrhaBFeZSqxbtGF</element18><element19>YJTFPILweEATDMIosjGETKOENHNnPwBmzLxlmaJlGYGRoXLCvh</element19><element20>mgiwXqjUAiIHWwSKAkflENSINfknGMyjITHdAjooUvoWdKcuwu</element20><element21>GQchTICZnXZMoBjuAYwdSbkKdiZyIToYgEvgQkyoTYgdBQlxRR</element21><element22>zWoauGquNdZdKvzKJbiIuhClYLinsaJaNIeXqmlqKzFArCyYAY</element22><element23>LwVgNhQfBiNxXUYZccSmkfbyBghhDdkpEgGnpJKKbDVqNZaYGS</element23><element24>KsCyIIYHrSVEHDaoTQiAYeTulltwixERycvTssXNAyoWmHEYNa</element24><element25>AdskjBFdhZjYMjUrLZWapmvzewtsxroCSYASveijohLbyKxeIo</element25><element26>jEtgAEfhYyGghKvjxfBlVQIgGNCCtsJevNGOpBNiLKHfvtZJFQ</element26><element27>eOyvgoHRwAXCddMaogCuABsOBmHbwOPVgdDgSwGkucrjwvTvpz</element27><element28>kzxhQUxVsyOvUIHdAetSbkdOXvznCGOjobveIrzjyMvsaXWrBL</element28><element29>CrNUnCIBJolYRqcFBLRvDtZgxCeQVRGrNvOqVRoWGVNadpsMPj</element29><element30>bByMUqmvOWgIQeJTZjbZRvCqrIabLLqisnigCFiuJHVoDQDpcX</element30><element31>JwklCPKGYRrQeEuvjNYFoarRvLMpIrefekQSjPTHYWdjOVprrs</element31><element32>bvijHZdPTstCASIqrQlIDvHSkrbOMUZWqHrNeQWKBLaMjZxEQq</element32><element33>MmMwpAOodBmxAcKmyixNZyHlyaunUTFcCRLNhmydDNCcIyNQwy</element33><element34>lSRcqZbxvZqYBDEoAStwqyTnmUMiEcztvKEmHZmxHnwyeRsUww</element34><element35>eSxwEyEnHGmLluCoPNLaqteQyZdXnOIymgOKXKGowOWNKcBdcO</element35><element36>dypMZjLEYSPXDEohdOaVrZOLNFdgxKfZiZkWPOBaNcgdqvgbBT</element36><element37>REiGjSgiByIJVbRWzVolZuWUQAmvLAOZRyeBvmTDZKnCJrJXRx</element37><element38>XcADxsWopDcoNKSIHIfpxqEYhNiCYGCLforRDTeGoaLwcdXjFZ</element38><element39>ONkeESrpiCdurWfhXXqmcThOhojPSyZZHOpWblFMgsKoSPypKW</element39><element40>uDQMsQWhuGFLinGCPFsdZtIYZbdQaqCPhDSrQtvkedOdoZSJZj</element40><element41>DogkqQvalmffctkxqirPQhRvRnGqVXUrjLcDyIqoVvVhLFcpaa</element41><element42>aRcHxtdJJSOpLAzGcLxlKriwaILZvabctGkeQpLUwdoABsFkAP</element42><element43>rvPXfmVXOqgrXNuOLHrsCXZyZnNwsLawjuVpNOkcyJolHvBddS</element43><element44>zpbrUdUwJkhvLmxHNCWudcJQqOmTileQrSvNDWaTKKkLoeyoCn</element44><element45>UvZfaGhrtoPyHntzgJDYvUxYuFNCPXeNNMnDwjgfnbLYitqsiC</element45></root>