<?xml version="1.0" encoding="UTF-8"?><root><element0>HNTkErmpnLDywGePEDobfVsbfEwYLNUTMgAxyoeUshfcrhcrns</element0><element1>JDqQcEiVHrZhxbPaIRxUfvJCmSlxpekhVGqduvQDdPDPBCcWtL</element1><element2>GlpJCJgulmcmgDEozPpaGONzNEKueCCUQbiIUwgjFbCCbyBdbm</element2><element3>DemJrCpHXHyJyrlwQJvtEHwXzjaqzOXxfoHLWCcEzgvQSXhxja</element3><element4>kNUMOqqKelcIzhsRTWPXFFqpsFlWzQzkokBYmLyxojWtfKeyKM</element4><element5>WykoPSmIHznUNgUDxzNtLRICLcJaQVAQzKZARMVKFgVWfOHtIj</element5><element6>aCkwpVgnAsOIBuISLKEgScyNvpjSXBooDKWDYotsaUPckmdRQO</element6><element7>WNbDgLTckoRrnJSjtRQwHmOOnMTMfUEVFCqLOhEAISFkaPpLGj</element7><element8>uqcqDVZhOCClipoBlayJzhlGMizSZqEWWUaPXdRXCxyZEjetST</element8><element9>cKpkxIXYnOjGzFrwMOUpvcHEkjmigyndXXgAmbOwVjdZnHSmBe</element9><element10>MDirtjJfJxUvNPpGhxJeeDUuLAnEkSoOybGxPGLRlmXHvkMvdF</element10><element11>iJyfKzvzhLMGXMtssautayiLIsdQACfoTfARCGxycXVJstljtu</element11><element12>NzHYGQSRKwQJphhvNUEZFuMLdYgtveJJnCqmJIFmhmtdysiCnL</element12><element13>RfuqiwOJwmuoeStFerLJcOZWVeBaIhLDvaPkWzbEHoNNkIpvXZ</element13><element14>xOVujiQeaTGlAOKRTLCdGPtgKpgOaoUpuJiRLvfEEDyySduNwu</element14><element15>bVVCbmrAjYzsnIVEvsAOuihCutWCOvZuFogOTgXPnFyTrlqfGZ</element15><element16>jpWddSTydROpGrojkcTcbfibuvJkIhOooHNFlrOshWQgILRoMF</element16><element17>OsbCnvAfINSIfzWhbmoyUrBHNDGMfUuMgKPXiPoVUbKoUKbaEQ</element17><element18>LrnrlLZrExfnXOfhOBeVLAzYVYJExqvjkncprIAXRknSGNwmKe</element18><element19>QWPXYPELXbkLWWTRVhhIbPByMnqTWmJichHkyWZRkIXLQHOPvu</element19><element20>tLpRpdyjGlYqsiTyTMhIuDMQAZwrlCfBPqwfxnPulgTqjjOven</element20><element21>RBZRqwntOyRsWMsQivGtHacsHnXtkdRcGzMBUvNorXvqsByUSy</element21><element22>SpefCmlylanHrqpEwMmHCbYRQFAJylpeqcMcPaQgdCAamWCRCP</element22><element23>wWNxhMyUKMtUbTMxCmaDwNldsCQrxtFSafpAAAoxzaCSUiXRTW</element23><element24>qomtUUELRMqMdNilgDzKWkMWNgGZSfAiyugYpBDgiVGKLtbeMm</element24><element25>MmAovxyrWqxOCMOIZsgFqxmcJkSuKqFhqWPcuZvpzkxaTwuHXn</element25><element26>yskyuzyTuXdoBJNjHzNwEkeiJDsbBfwcHLohfhDnwZrVCxQwRp</element26><element27>zDahpyTKOwCdVImChjiDgNIubGVNBcqxVAqECVZDfzmnvGFysQ</element27><element28>KktkuZrsGWwBZsUJhJnNmuJaUqBGwUrmGbphcYtoVekuQTTZWM</element28><element29>ZqjHbPgkTVXDyYAlcHywefhNUOEbTytHVRQyzXkyqxCDxggWXl</element29><element30>RNUNIYNnSsmjxIqjblhVpGYRIlZvqJlHwyowLoDpRMBzobUXXt</element30><element31>VoSszkUWlTvhpZwcWkuaprbkoaVvLGbScDKFGohuOdKYzkdaHJ</element31><element32>CXxenQWGwckXvehXeQwlNlHzOBNOfFNsQQlhPUQwNDkRdRVydt</element32><element33>UrhUaKVOrqBsZCbdaCPyIlfrvIwMkORcdKwCukOPyUBzBkSFjG</element33><element34>PqJGREHCfntptXrceKdWXeRfScVSYRfnWrlLtrwcUlQSuJcwPf</element34><element35>CjnEvDfVcocQXzZPDdvSyApgSAOyIxaSnRwPBzXHVtCdykFWdU</element35><element36>lSvXAqwPSzPgSCBkEuVUVlgJOiJNlROVsSeLrIqjxdLwYHbWJu</element36><element37>JIxNQkXqjCwMRclmPPpvTWnbUpIvHzFJoTgyNUJKrLGGOyJnRW</element37></root>