<?xml version="1.0" encoding="UTF-8"?><root><element0>VAqbwNoqQjjdMnRbKOKxnCmUFltfAvZifBGxRvatjDOpRjOKfw</element0><element1>GXhTnkbgrJgCTRVTjdCLXVQzTCyMqROmZwPxwHcCKpMytRxWIp</element1><element2>SowVuveXHlZKdRaNyDjNvvIaAyyyTNRWHiUVmDVQsBbAEMtcnr</element2><element3>NGljplqlWQQHCoDrvarzIibFpsSDnxRLrrQZVmuaSMPtcnzDlo</element3><element4>tnLqTKoSMEyNobcPlllWufompCELGsyLffJlTINnTbiBwowsvA</element4><element5>CNASAJicYHlKwjqdvSKLFSuDOYBWtyDGSwuaqXQtDFzwGkupNa</element5><element6>hcfiXuWDWfixPerNyWdTIhqgFuVWRpPLlaaQAeRRcassNNqlvC</element6><element7>GHhWujkhgENVWQNICNtUwonDiYjniBGXJOVZxtfchsizjiOMRv</element7><element8>mucmTevfACbFfxvmYzUjEmGklbLswKWWXXXRlrmHvcQnMNCPts</element8><element9>lbegPdyDpGaIBAPPQfDkiwgJclMvGwHBmWzDdZcyIloWqNShsL</element9><element10>QijpLxXKfMLJdeYGaYzJnJhBxaIZhMFfTnYQumdOnZyfiUbZhK</element10><element11>oglgxCuqOVLATwXjOCPCgJEfCSNMQqwNTdZaOGvSwxSYyAJLZF</element11><element12>OVrQNcDWxIcCOsfKoctCznctvXgwUMTOsoCQMohIlJgzYHVAvw</element12><element13>YfIhpBQbhQRTjLlusAwjJANdMscNuEpDsSTfUiOSKKXgAXaVnZ</element13><element14>qEFqPwuCBnWJvVkLrTqtcuQdFdPhaufMaPKoKlzNyuirvCqFme</element14><element15>rAANdIulmGTzNvwMpJfLOtXjctoWhBOOFHSbtbnbeMWdjKPGVI</element15><element16>oVPJWwFglDHAyGxSrCbcejLTzNTLZcxbdDerFLFKYjUXXFVfHI</element16><element17>JRPZNtwlprPMTktEkIIMqYguElBwPyUCyyrenYkybRCVGHWXaX</element17><element18>ihZOzAvsONnaIbyLtrQYBeVpXsurKjXdWqjSzYicjXsiklWCJj</element18><element19>jkmIrtDCvPdakneQlWzJBYXkkwfRboySKjUDuqRjCYalVVPZZW</element19><element20>HauqRUoizxDpEfhwIeQxHPcshPHLYEZyRZiqIpQxSakvHgmPXL</element20></root>