<?xml version="1.0" encoding="UTF-8"?><root><element0>CrRdGgVhbCVkVkNPSuSjHmeImazwhyiFCQFJYtdWHcylZZYPRq</element0><element1>zUaIAOQddpIIXZUtsOcqNCiywbcpXyXcQKHTDMdBnRbAHQCMZJ</element1><element2>dYsyENsIxWVExHWRVPsssQBPYZfVedlbEuALHtfjyTVclYpAlk</element2><element3>gOYlCMtAWZLhHcGMMqghYnVxcsEdXHoUPZstbcVlqaDVHBfHER</element3><element4>ZveLUDxczZUWLLrqzvzQQjLFfHxlBvesZTQVLccwAZIBdHokDN</element4><element5>ehfPIuhOlieEIkZzzHlOBnNbzllokfKsHZqNCXaygfKCULVSSx</element5><element6>uSAzzySJZqIxApfeNyhiSVmMwLGugHrKVSBOvQTuUASUwvGuYV</element6><element7>sEfmIdnbTraSxaGyXCcLZoxSIHRgnDQvqpKNfxMTSHsLHoEwXc</element7><element8>cCeaoituuupCqPLorjNruhGsykkewGtbfJDIzZnCajqiEuuwiS</element8><element9>YPhcRKNhbLMQMuaruzDdIcKeSsfRScMlCoSEHlAzUgGnYxQvch</element9><element10>oRZquFmlPJKTvWLnPxZUTCrmAxxLarcnIbfMhIvuSJbLysETRy</element10><element11>kJxXMYkbasesbhFekRkuIPnDFWmdQmjjeJxxJCceXoTiFVeNeI</element11><element12>vbvdXnHPDWBayGeIODznLqdwBvPzGdAPjedMFUAkIRHFIYuMwr</element12></root>