<?xml version="1.0" encoding="UTF-8"?><root><element0>CZxZrEvJrTYcyZDUqUzMLOoytvrJRtfgJkkoHbFYzZcbjaVZtd</element0><element1>zduiDyEGXAKisWDbwYuppLtqExiObnGvmTMqwMQjEvMnlXTpoQ</element1><element2>NbregkOCyVfivnXFHpRVWNlKMnWNJaQfPCxbLJaBxLDbNfQWTh</element2><element3>DhVDUwWXXQxZrwEHzeFtJEAKfsQDrNxXhEugyJfTcgFOaJCbbq</element3><element4>OInkYgdctaEarqdkiAMYQRZycgNquvWmpmjZPBgOGPcXyoRGPC</element4><element5>wyukTumzwIbpgLzgxJhwxaWRgRnRsjnBANxXTAlufBkwtahsKu</element5><element6>qpNlRkGXwdFPEabpHGoyaGERncQypShfmGzHUZSyNUKRbGLntR</element6><element7>zhHYyxvHaWiFeXwpoEcXnerMuYpotAQrAfylEvtMTaCwfPlqPf</element7><element8>LGVEDGoXQCjiApBefVNGzmnPRtAJwtDqYBWeoIjmHFzNLZclGI</element8><element9>yGhnXFbrSeqEEnAZELpLEnvgtGhuquqQlaQzYHANYxUogTYViC</element9><element10>loHBXDTXLtXKDvmJfNNSLxHFtJpZEyGjWsMlsBaONBgAwkueKu</element10><element11>jQxUGNtVfhRTMzhgGNNocjxjRPCeZfTjsGgCNRLwrukvzRBbIl</element11><element12>gYCapLuQSVhtBEedUUjmrhnCcAmwDHCPOQZXDuUjGyTzVzRhhl</element12><element13>DWcLECTDmxIxJotkYzGrVKilLpqAOOLJoCfksvzqMyyjbkFxpT</element13><element14>LTPgcSdKNbHRqLRAacJpyZlhuIpHiIVozFGNCEVPbBQUroPPJE</element14><element15>ZxuOXtnbWTibdeaFxixPhQxmHFQqpUskbmKwJETWKiHjYynqGG</element15><element16>YmizSfRTUdprMUkzwARPgaDEOxGXUAmauQOYWNFyHXSdATFbjZ</element16><element17>bcQYWGaPfZKZMUvZUaTsVPiBdUoWfomWvSRSvKiOsVLvyytiuc</element17><element18>DKXGRmWSuuiIzxuoZadpduOjThpPggqygWTVpWEtiWWqIAnfxs</element18><element19>btKSeNHnetURGpCIHeTbzjSMFiNSsdYcnjCUAjvfyZYwNnNJpZ</element19><element20>nluiLqwemGgeKckfPfxzFDEkEyeGwWglYkGaThcekjxWKCBwUq</element20><element21>tpECevTJDBhaNzNTtgmFlCHLHHfUWSezGLSoDYYFGnXpmZHSOK</element21></root>