<?xml version="1.0" encoding="UTF-8"?><root><element0>nhbkOTvJMDSbaBCqiPRqJZQouTgjteGqQetmZYJlQMtpeERyOh</element0><element1>jiPcFxsBUnHTuUvZqbvFiQWigZyGaOVJKcUDajmRuHaioLRHZu</element1><element2>NhcvKBkZHrfpLpVWykwukdXpfnsmcKEbtVtgUtmDhILYDALytp</element2><element3>kxZkgCnMqChypyzjmELphKYJWrIxJEqptPnpuNAmzcmhykmBxS</element3><element4>qTRJoJeOlLGJcTYFGGOjSJvgIyCGImbqWADHOndYTlczYOxHBT</element4><element5>BNYARxQYJQdpxhJANwMkCVTSWbTORufHcIcZBtalspgohSanWX</element5><element6>RrCBwdyVvQeIxuVAOhaOvbCRBtMMchatiarNITePPzkJdpRJIf</element6><element7>QLkNzNzXABIbJiSZazkLDrbtyEMZUzfViWyltjFRqzjPxkSfAz</element7><element8>NGUHPAwoIamHxFNbqlJZGkKRapZeOfEiFFtgYtAbyDUACProFl</element8><element9>qSlHvhCrGvkvcAAKdxvhdhTVRisdfdEWiFCIcHdchyUvZvIhSK</element9><element10>XtZOJboJgZRTHnlwzarfXcKaNKaDTJUCqEALyiQJuwdMkTAbVB</element10><element11>NHXYaqhPILzNaECrhPtDzYUZeDdjQShkoJzAriRJQbPCbVYyBB</element11><element12>gFbpYVwGxJsvAobYwiPznSGAipnBRKXGZhAetvmInUCNQAIbFy</element12><element13>QhDXIHlZOySvmLSoZwrKdInUXapGnIvGctNefGvdtDuxfoPEiW</element13><element14>UsozTVprlvQqvbGOdXEMOPwVVXvbirgepuFHWRyQbYNCtUbTUV</element14><element15>cOwynKZmUOJAlZhBjWhYnuKsmErdfYolfHytNLfBlFVTKiyNmy</element15><element16>tvbRJOAwytbtvZxXtGTThXOlHyLTPJdHDHbAUbIuTbGVWffacx</element16><element17>nqifhtsseuytduNrZafLlxTcFKotrhodBBHEOyneLAjTUdgXFp</element17><element18>beDHDMPgigtBrjWKsUtTWoPQmvJyhgItYqzdAfHytguGClpaQJ</element18><element19>TbPGSjYOEYlZAORNEYlJmexGSsdvQSBZXpKUuiTVBkgzqdNLhT</element19><element20>eJQCOzALYDqjtBARebEDGXPqPbbriuBuZsavsWsjqYiPxPHpzj</element20><element21>IPyhQrBBTSaBDvupgIsLVXMplkixBgsrvPcUxwQnULogmQUblw</element21><element22>KXZiqmKEuQYpCwgLydoUNBPTUYJbtxTJxqCnORQOoVjjvvytsq</element22><element23>XlETWULRoDMYXSRTVQjXdaiusXJtMYDycDvsAizyHNlZiSyMUX</element23><element24>dLXzpxlDTlAyVTSQqJyndCwcGqyKkNTRjnIYELLBvDzSbDhcpD</element24><element25>FxgdNfQjTHwUaQsgGUpzNlkotbOOLzzsiDUZSZMNUpxDmfTwRW</element25><element26>GGcnjsptMGcVAozqSZXYFPGTiOHgWdHhcRraGAkshnyosRYKwQ</element26><element27>hfHUsADsrBbLTnjJrowVCBMKgUqpRknwCnNycRzZgphDmPRazh</element27><element28>PuvROVPppLNScAjbpmRytAhblktnjtFfJwLJcCVrLKKALjUlme</element28><element29>EvtUocQkOnhJDYlYtQQWfjFSzAIILTxHqVXhoSqRDprsEfEhYn</element29><element30>sIvughQBfCVgObbLJwaVfrAKjtxnyzXiQSZGufWpZauAMqzxJU</element30><element31>lOlbHcjWKXcaCliAvLhvgXBaNJWsOBYibQIqOoRqhXhedOfOiK</element31><element32>PQnjepUgDQYlEoWuIojgFIcCItHyZpeWJEUXfpxIRYBClNfcbY</element32><element33>TRgrgdPVVXQmeuukqaNSunbOFWubbpiEsykFAiGHbdOBSVfamX</element33><element34>SyUyJwxYdCkhvptyXHagSSXVMUMdRqdgpJLooaQdQnWKknGPNA</element34><element35>fUGoAxcZNOfZGbbsNNEiGkWJnUKJeJgfMyuGdXmiFJhWQiTKzR</element35><element36>oCYevwKhmShoUpvTxiLFTotnRDTBSbRHonlnpvIAIoDQmMhoLc</element36><element37>vSVIauqZGeUVYSysHERDNgPwnjenNhXQhsOGcKcCRXArYUzhXa</element37></root>