<?xml version="1.0" encoding="UTF-8"?><root><element0>uFdEbTxPWrfLakzXslaYezPWLLybkzDiKTTyCLhHvGUJEGRMmm</element0><element1>WzhwmcTCceMrDmZbBLTOMhCMtmQWyfRnyUxQtprkyoRDvSBZri</element1><element2>bcAFvIbWRbAKDJpbYGQQKiFaKtFtrtXnKbHGLBPnCrLIFHSPLF</element2><element3>mCkRJqDXqGbLZKIiluQGExjSEEeGniNHDdorRupJFnJBnrMeCd</element3><element4>KoNiaxPmKvyVwckQqyVhEmkUrWJbjAsWssPGZCgjHEYFEVdCnE</element4><element5>lhlAaKbHdYcYKhWLJESACuDwoKNvNHJbZBqNJKxUPuXqgCTPPA</element5><element6>PbxvOOImqQsfXsbGlCLolaXNjxYcxKTiojlLLvlLCiANvaPddx</element6><element7>VrMIbxHLWPyGNTcrAQVdMBqcheRUqJObvywNykKyapmbGbMjCA</element7><element8>cZndioGUVAFqcJzkFCcuTdOIGrNkCkpkfHzKKnXmNnXFxzkpON</element8><element9>gSoHrOqnHGAfzFiJhPIUpKtNNuXptFUGfeyRWSWPAwtxRjafaA</element9><element10>TvPtOeztzXzLImVWcYIGaBjttUiSllNvaSLLXLHzbgwQARQAEI</element10><element11>wRXsZayTYnXqsOuGtONxIgPJzoUMXIxhpBCfPYvaQiBUDvbEwG</element11><element12>MATgzazaNMFOvHGdKLFERGtlVwMZtKHcsXHzITbFioBtXmfanj</element12><element13>AytyUDLxfQINnFFSgGItOnBaHbPTlDiSturjkJtMygJnNYWgrS</element13><element14>rXRsDlDMPfgTerkNvvUuBJaSijNWBzSBIafpVtsYTJQOMjurff</element14><element15>KaPuGgnWkaeqjUJONdigzuBqGZojKMCFPjFVVkWNqVGVDDqRsP</element15><element16>VuwPrGOHcrOwQGpZYwHdVrtLzFkrQzPauuiOxSmuGuNNvQOIol</element16><element17>rtgttmlXwYAjBLVKlSEnggJUUhJvRVxkyKTrMuAmFwhhlRIRQx</element17><element18>bdxZJgsujLNSTeqWLWInxqOcyEkWvMpgMChMnltyHlKaIcyEBD</element18><element19>VOXbYqyuNiaUWARGbgJlLGzOzLrOJCXsZocyFFLJkrJPPZMlLu</element19><element20>uoMqMJqQjHoLZOwkwQopCfHNMrSnXxoNmnJWhdRLIXJfTKPYJm</element20><element21>xdXZNQUOmicnyZbCVuhGuOPHgXAKGmxQOzGfQTmROumOMGWtfr</element21><element22>SEIpTmWrjZuKHwgPTAEdaHqjmnVaqzwXsjYbGtytxwhUcDNZjx</element22><element23>aTLMzURCLANPpMJMkZxfbVCDkbzzZoDiPOUvEJswCsZIFVCLRY</element23><element24>ZdSsqTkcrtaDhoCUsaUPCnRiXsXQycVQjMCLYOTdbMVwmBVUyr</element24><element25>YMDhAqCZxeRnCegxhOABAkldRlBBTJEZjrNyssHKxqpeTaYPUL</element25><element26>lCASQSdsgmFxoDFjKbCXsqntAHWtFZlfUJXbmpdDDOTiWeIhTv</element26><element27>ySZNsnevhHgaiKkkMKdakFzmzJIooiCBqcPnlzjjVwSDugVSOl</element27><element28>cHCnutcDPhgecjFlAyIgvBBmZGsGBXSKPAkEnCTbOGMGaYbKgG</element28><element29>riNDMZGfQFjNmnodNMsGkoKvKDLJUKrztbzqALhtTKBDsyjTWl</element29><element30>LmPQuWxkhbtoMDCFwMuoyYVnSwhYzhDrrJoHeXLUhmxdOUwoii</element30><element31>uJqhzDLEZPWJFweSohdnmbIwZgjDFeizfgWKtefFcFNUZthcRi</element31><element32>QbCspwlRHywBJdJSigOVsoBWAulVjtQXylxmZXynBqKwBYZBYk</element32><element33>qAAlmgjzINmmIvOQGmnnqOMKTdhGtSUrlmmTbkiEFOKWUPdMYu</element33><element34>KmuWWzOLUvMSUZQwZhrTshISgroWpUUxicGgpNSGgBwEKuShcC</element34><element35>WTaPjPAJuiDyvYiRZLztQiPvPLUqXZMtiMEVESVNOhNkKCKmTm</element35><element36>WQWUXvKJTcBqNkKvoalgIIeuqfyoqatVWFRhMGXDOYHngWNuWT</element36><element37>kCFQGMUqiQujomAEprHBgZdMxqJxxcskvzmFJhlMOTrQjGrnPk</element37><element38>gGpWUGohJenWUtxsHSiWCrmYMPCMGIqOhXZdAxJUCNMwLysNGD</element38><element39>ywzjjfEmYJwvrNpVgldETRhEkqnlQWUUoKrvnzApBLtedzLeeI</element39><element40>pLgSUgrvDxWlRKufkIYpPscamfGteAZVduOLMFLtXwRBDtlsAO</element40><element41>vNnuzIAIgrgpqvdpiAEqvfqZJNomkMdgzRQhonTsOVEXEOpKJm</element41><element42>YYEATOPLYJczbJlvuOtpkvBaTfwZiSfxQYDFltWmGuVDmFMsQM</element42><element43>inZCtUTbPZYGuuuaJKGQoPCSYcmXqiaLnBbJVPXVMXVirXMmfd</element43><element44>ZNppsYhfRtLdZwDusLzJbyGVgCdyKJuwbtlmoUfuLHiaVQMUxF</element44><element45>jhOZjpuCHBeIeiMLnfaQSrsEfivONUCJfLJZkuxtNTBIuvqnxW</element45><element46>TEICQunvxnahkPFboQQgAHWfOLeNZKrNjlgijeLxFLKKcNmkBV</element46><element47>OfXdBKYpEMIaXxOPZAXQrmVNRiaKIigZkKRxiIodORucRmQfgh</element47><element48>FTFDWUIMDlQEfhblOqfKNpCbcgDUgPlohRnHAvzOxnyDLyjxSj</element48><element49>QBUGqMTxOnVUjfKarJrCEUrpAfypTlwAtdtRwRMxhGQPDNFMrQ</element49></root>