<?xml version="1.0" encoding="UTF-8"?><root><element0>XUUytpcaAbJeVhRgWYBbPStOqqcekkZMIVnCPiYWRqQCSwTysJ</element0><element1>pexnxzBWHyHuhyHRBOqoAidmszYuWlgqpBRBgFPPxywIyWBiWr</element1><element2>FFkbgEMRADbqyPIjExzILgyUaUupGXABDJVZYIpmZfsglxSwDL</element2><element3>KSyvWGyMVSOwsdhkCFNiktJjrxKRpTKGbXiCFYLuTBXiZFVgti</element3><element4>FhpMJoIXXSfAMNJbnhcIpguOaGHZuHNCmjnGnpRUAqkXbwjPWj</element4><element5>gDIopksAMYhuRmJcFHnRseUZIRBrmpvHrorSuqkeLeYCTYoejZ</element5><element6>HLiepopgiLgCyBclKgLtyjbirqkBpzdEZEyTpUvsCzWkqPVSgV</element6><element7>gVYfSXmqMrppUXpCypJmUbnwEgHMzySnVSykZYZTMeHbjcfetM</element7><element8>NtasdxOuPDmNEtfuWJUAixbuuuGqoEEsBWZOVtIgjFxsXEIwNe</element8><element9>cpvetCoelvFVebEpTaySMCTaBDGmplkWanKNjyRDvxtKrOaqTE</element9><element10>frhTdBmjZEEnbRTLEpLfNSsHwCUthZCWXVCMjevaBvlrdObYmS</element10><element11>BZcfJpHWvBSHXjrSBkpgTAOnXKYHYfMHLvmTKdGPiVjrfXMcmF</element11><element12>zUdSHZGYlIvXRgiOumxkVlZGgisIHFTKWCvcUJViYTCllGbYNw</element12><element13>vjweGBnDGZnxrgtGVguXkQombTLtIhaEEKtAalXsAaeGgRVpUs</element13><element14>aQCALbMiLILZcVCQIqrwDAPwJxXebOtcpabAThCSxTCCniGZRW</element14><element15>upKthHzpCbHztCLlHhtwePghmgesjMharEwVHWNbiqYbTRQmDm</element15><element16>ZUJoVvKUJlEloUekECgAhCZyocAeuMnSwPIuWGpljIiGKwRzhB</element16><element17>YNWdnaucCTsZroJBDcniFbnBBuzMtYzfdUVatwrIoyIGiFfCHN</element17><element18>PgVhRWbwyVUQcipWLdDpBMalyfOgtnaGVAdxatlFPiRpDYfuHd</element18><element19>zdBIMRQloRhjvhxLfHlvphxsRTijNadkXHzooqZCxFZVsqlfZL</element19><element20>qLxgoSJAICIEgwUvFxfFsRefPgHWgZsxzHEDDuLAKkNmXefPOQ</element20><element21>ADzOZOGQqWFSbOGZJZtrjvKBUBSaJkovinAqCFDctwHmAgDgUW</element21><element22>MFbcNGlyfhPNmuMsLjwPwcxjBUWUrcwZEIObqAxZrQftIllCPx</element22><element23>iYSqaSCzpOfVMwEfRXvyINtfXJBmHUuLPoXHyYZmtniyiojpWO</element23><element24>ZAptlKnZrzYgtMBmqxYCzhZMzUldBWJADgbhbFbuOabZxXCIsy</element24><element25>ZdQVegnXPlrkFdCmXEbDIUOYvXiLRMsDhQBFYUejxGnLuZrDJa</element25></root>