<?xml version="1.0" encoding="UTF-8"?><root><element0>UqDlMddIPRmWzVCHFGphFSpuEDXYUjQVTLZoZVVjYebxCYJzKx</element0><element1>OrUYyHShLhQIlMpifVtguddKgqpdavoooDQkBuswnEKoxzoKQa</element1><element2>CfLezUaUUTomHUbabaKRIZJrvDYppdcjFaCNwXMDShdHrFlCzo</element2><element3>woqpjbyXGfRqeFXWGoVLRiXtDQxWtjMiRRQlezNuiBGJChUVxX</element3><element4>wJMUmytCAXGfQHWtpDkPFXVcSnslQctLdZUtIFioFHBwJYuEUi</element4><element5>lEGyOExBXPInAmQrqHaykvUECTbAdAqEYnwiRbPgZpUuBehhOz</element5><element6>HgMOhTALWAgEGxQhGFVQsGfbDlCRLyDFDfuXmUxTbODfNidrqN</element6><element7>sQCULSfPLgRPtlnnLNgUSfvyvvzWfdgUNkDtTtBGPSgjkAUbum</element7><element8>TJfGOniZoBuACsMBlMNyoDLQiuPEtVjALlBxVBOnYJDtmfnEUa</element8><element9>wLLWaCdBbLCXRXJYqOLyYcjAVzznOgawUbQVpgCdxpkkNrxumt</element9><element10>oDrCADJTBBDrwmvJazaOtNUJyjYjtcCVqxVVxwustkcQxQYedZ</element10><element11>kevrFwSuXjRmSCQEYYslQminBDdolpnFibSGDiNRIByDaXpBhx</element11><element12>KDPIgkbCBbvwpBYhDKnLGktGjyKYmGTbvJmBymEjyVFdyeXIAI</element12><element13>TAzHnAsBRFPhdsHStqsAKreHQWPfdgbwCSQVEZrfynjCkTeTsm</element13><element14>eqXuvUBRtYRItPGdBpQIJWZBbjdsCpJBLhrepzBWEZQSpeksKz</element14><element15>odIdLseFfaiJgttlRpmMwlXQbeoMCTNFIlldbFihPxOBeyFyny</element15><element16>sAwfoEZaWunDqWDKRFHWsvlAcOFvZtIOBECVbTXVtkslolzdyN</element16><element17>iJSKfpMnXTyYHDBebGQrlcTBrDZMqKIBquwiARTqOxClcweWaA</element17><element18>jrQCShkrKLhWyBjkkKBeEVJGBeVRbCDztMlpIIuAiYXCpsUMQR</element18><element19>EHEbRBxuYvJeqbmrAZueoJkKdizXAMmlbJdzdjaRyupfjvEdjY</element19><element20>vItGmwsTUlCBegJiBuePmrvkAxnedxfYgAKedgkcnDXmlQoyEV</element20><element21>YWKUtKgaDgnPdoGsgxkylINIkqdzsEagzWqdRAKYqAdBrjXADt</element21><element22>IZOdeOaHvecyLEnSTbqXpyedfgXoFQupNucEkMOPgGNGMajBQJ</element22><element23>ABTRjloYMPwefeEzUJknonSkQMaVtoqtMgqvAAMKtLTJBWBdkC</element23><element24>eBwCllbsrDtfPjoQoNJAalEViQmNehREHnJaQADlDZaMwcUUOd</element24><element25>dAthsLZpEOUteRtqPJSMryoasGnnEizParOQJcQVLCmbwuGohb</element25><element26>JeprXZxaGrqMhfMjpHPUVTBPDfiEuQqvXPleGRZxdICTyrYtfn</element26><element27>iDcYiPfbukZCKZtXoiYbLnNVgngByYgsytAdVoXqmvQNusjLrL</element27><element28>uaavxcAsbHvFSNyWJgvgtPlUzMrfzKNoOkxhaRaWhuCdaoSRTw</element28><element29>jfEEhKRfwsuheFNPtXkilsQKOcNmAtFzKUypIwScESHraDFaBU</element29><element30>gipFoFoejrYRdGapXEQipKhivTdraOICweYcrQtYchbzsJgDzE</element30><element31>lCXydpcbYOmYfOEnnxzMbEDuYrBrWgacuCCAuLEdwppKjNiyFw</element31><element32>sxXJhmIdkqNinguJdMucehnWVMkbxwaBpoGCBbEvUpdtjMGKSe</element32><element33>gyWEqziyBGFtTiBENESSdtStDliRrHvzpAMFmhLvnbHPuNpszi</element33><element34>IavXfKbrdFvsFKIOYnfOkFkFpRACeCkJKapjudhBAArWnqcWif</element34><element35>GPnumfljFILbKuiCsZbCkgwFvbvEZsmCQDeoXZvpOcktwtIJor</element35><element36>jtrQltVScybLvnrokksBkYOjcYkLqRkVOCDYlMIANcsZojcqVb</element36><element37>wWnazDlamDIigCwFYgsAkVWRTMTkBMXvGzbJBKFuZUdiOLzPNG</element37><element38>IRgtVpBATznxhEeiQnhqyqcxoNYEDESTPWOHjQOnPUQhWpttJs</element38><element39>odJtNsnTbnYQrIFwcZbnxbPzQtDRvmjUfdHiByvpvUzsmLvSgH</element39><element40>PWxrDoDkvNWsxhRUFcPrhfMlBdrHHQHZoXjsZISZRKtGuDMrXj</element40><element41>sjvCRYmezKxkZpvjXQhBOJuiMbJCyJyCkcMelPuicMfvNKSkGm</element41><element42>lRsCPagTLgZZDcGHlHECbjWLZLbUjpoVUNmjHoVqQgjJoIBuPT</element42><element43>TcOfQxdOIxNykyXXXgymgAuIcoLncNuMltecnfnqRCsAOTPiIT</element43><element44>AZDVbpXbrzIOdCvJTTNfLsOsdmAyLnXiqbQiURivjETWkcVpfK</element44><element45>TppCYERqUDCNisCBojvFOVMuaeSjhBABYGyeVogybobkDYhTbY</element45><element46>ilWQyVqrrlxtJsxPdcUncVFhhOJlsgLpcafdcVeOZrPEIUnaSO</element46><element47>oTUQCirrXBoZvtRvGGCaqoqcGQphakXVEhIYthRrDpNqUVAcNd</element47></root>