<?xml version="1.0" encoding="UTF-8"?><root><element0>cMRydudwcWXFVWnlVdelvFncfnWuLPjXhHIBCqGULyhgTYlmRj</element0><element1>utNHgEANrKosQuyLJkDqcJKhkiWujFUnjsmmPvUCYRdvRSkSxt</element1><element2>boBPNIhmQYeKaHzNocfpNWRulCocYNCVnQdgJKaZRJyYFBOvhy</element2><element3>TKalvOPykQJolgktgHyysVfbecFDzazukWmRuLExXjUHIfgTDs</element3><element4>yjBAyyjdUGBdCsjMBTqGIzbUembdmnPQYNymJflzRrbDfGmEsQ</element4><element5>QSsmOKNSrCFbNsDjSmmbDMcqrxPbFghYMkuRqPCLxwSvUloezl</element5><element6>HTosfQFWRMWEsHDLvPqdqELUcUHgOJEoRSrVBBXtBxSyZLlOrh</element6><element7>wjbuVyLifbgRHycWUcSceimqLDhyRYDSdjiVkImJmMOmPamElf</element7><element8>dVqgolxjZCsUUumLmXWUKBYmtTnJNpZYmylVTofOjsvddyeYYl</element8><element9>PHFiNFSVlRVZmLujmcdCJWXtSGRjZqDeFonyrzxJFqrChJcyzY</element9><element10>iFqFjLPZaYNIxkZmxywPPmhywYbThLeIMthtGptlNlcRxrbymL</element10><element11>TZafSGOVnnKJRrKptnhowOGeDiReNHyhzrKVTRtKgMlTwPmElg</element11><element12>hTVwoWXvGJSNCWhmDuvwzAnTbowsyTaxxmIBumliqPsnktQrBL</element12><element13>dxWrfAUvgbluDLWbvyjXzHSnumHtjOadzqShoHMUNaKWAvrtet</element13></root>