<?xml version="1.0" encoding="UTF-8"?><root><element0>QXuWQMczcPqiUtaKypeDYmaJtevisjEyHMZMaeNySItHLeRCWF</element0><element1>BYUyHGLSgYnxGQkgucPUcwrGGZCRGSiNNRqnPicZWExfyUjOsY</element1><element2>FdovwIHAhCGghhSRZlygXSpGPNGIuCwOVtEnFCCCiMaAsWAAWc</element2><element3>RbqsPxEZalXbpDQJtZCBfubetzyQwNhBwsghoszWOUUFZKnkfU</element3><element4>ikgnhYbaxvauoMGzbnDJgkqEJklUuNqsgaSMZUAPdrFGcgeyeN</element4><element5>KoDxeoXjAXnCBlkaVYltfLworvyiRAJZfXienQlJOHhRBiMvJP</element5><element6>wKbLgggYVbNESwpxLKYmWchIQCxLJbslIgFdXMRnhmIlYFMqyh</element6><element7>OiVzgpGrUmWcLBQYHwWEpsPvuPibjSmOdcEnzuysMZSzJSqeKA</element7><element8>wkWUoODlWjNlZFfMFVZmoYEYXagdxUXmXnDxVFSpFRorRdQwxL</element8><element9>jmyIVqfzuhNwfJAbsioUJEyopHiqnKFMaSXWOVekzHoQHoNvLm</element9><element10>yGtBXcIRGoVkIgkrJBfhDSrVqbkxIagutCfiFNzIwwfPuaaazT</element10><element11>GnsRhGxVZrBqjFLsdPynOykTDJXGuTglpihAMgBNBifqbmpTGg</element11></root>