<?xml version="1.0" encoding="UTF-8"?><root><element0>aeSPizBjPMmcTbbSuoheWdJQekmcgMMvNvNzFRFihQKRKxTgMY</element0><element1>amnxjoOdSPdkuzdTHOTMnJNXawJYitHHuovZivMdCmmbWbpdpE</element1><element2>SNGUuRHkgDidfJBGcCrkjTlBBsarXzdfAwTInHCvUsPolYeXaS</element2><element3>FvDHKAxsZASKfqxrprJgtePxoBqZoDAecrIjsFtZzwnvvcqQwZ</element3><element4>ppETFKvvXzzoYuBLQwYpXFEQEsrmPGkkHoOHnjUSzAhUQcCRJY</element4><element5>sTkYLfownxqXmUzoGWXwwOIRmWhowTgdNhaDlRMJmAsVgPjyTS</element5><element6>EVgLrEpYlulbyzfGOILaeTvzrkZzjKXwzFskRNjIEiqesIptTi</element6><element7>UmgmYslLslSDWCybelFURbgShhSKjiAbHvUwHWuPuVMJgXYqFD</element7><element8>yXMhBfOmfnVLPCWJGrWOcWvIWVcczrzIEyyrxuSSNLJNuJGmIc</element8><element9>vtNaZDipCvzkwoSoHobxyQzFdOAvEHopFYRrJdevsSCxDKufio</element9><element10>MZuPghhglOCkBZOPFLHQlwPPjcdfzqZunVNgqBeELxzSyGAeNv</element10><element11>oxrileUtIvXiYEJYAtoAZogwTgeilFfBoYEuahTJamDlUYWgUU</element11><element12>jswosjuzudfAViMjlXerhslUgYMtwPdoDgLQiTdYglWtDBQUpS</element12><element13>QpDVTrASDgZavkKqYRhAUgHmuocfhSuWHejAhQqSgXkmCJhxRm</element13><element14>WLiqzwNIoueSzAHLrREUTIVuikOpSnmhcVImoSOSMKpTeldzDm</element14><element15>fgRhZzIdnupaOOdKjrBWfblkmwwpguFzanczhzzmKGavNacXKT</element15><element16>OBFcfxUBlqmmHepYuGnojlaxAfuoDQJyURmCRzcqPMBKdLhsFQ</element16><element17>hVniLFecbbbvwYHNLDGfVWZDoJIMPlMQxrWOOlEaZbqZLZNtzC</element17><element18>mADuMeysTvjkyPuOFzDlibkowvdTKSDCNLlLhGpaNxnsLrOGnK</element18><element19>YbYPyYvTrhuBnkQACTUbxYjrItjMezeJsTcZGHvahCFmzuagfR</element19><element20>YUWUeAxRWinQxiqcARaBopTisBGIxgbBfYZgJCQXUqAXkZQHqP</element20><element21>dTFkRmDgzlRdgQAxKwHWNKBmffXstQZNKvwffMpVZygqXgdMVS</element21><element22>JAgtAiHltkLZRGVksUUtsXkOolqsaWkvwacoZMcisMBBqblHvW</element22><element23>lhRxjYoaxjvIYIXkOxiKsMKMrbLyvlRWfyuYXFFnBRApVBCjWU</element23><element24>TjcbBfxCBXiBapSXfdZOCkreMrOYrxwiUjesYBLuQcZTyYnXOW</element24><element25>HoNQncAOOubUShDakiJyRCrCyMSseukxWkpnNnEdGlWupOaTdM</element25><element26>rFbFTMxChaIOVNlGXeQkJVeMBfkjOmuGvrIparjbnUVdMZCbfp</element26><element27>nTzbSXiKDdqfrqhyOqczglGvMngRUWMUFZNHHLCutauMJfxPyV</element27><element28>WhkbGEZRXKAFJovkvQNFBlPEOqznTVspaZBRqktXpTUdKtsgyt</element28><element29>JblhLWuWvHhzQYjZDPkaPDwjBIuiUOkdleZQToAlbLLSmOFzys</element29><element30>aJbopdZrDuVeXlYLgWieVAKFyimqnlCqwHknjJMBoKtEDbZtNb</element30><element31>ofmBquiohAhMfunSJQNJCtaxGMhuWOEMdClgoKiwOKEAFVZYFq</element31><element32>iVBMfMHDfcUYaUGzKgsraPCokQVLKFGefUvRZdIDVuWKpWTeHz</element32><element33>qYozQNptPNLxelJdasIjfVqqnbImRFhyeyoiLZSZTXuSKFwimb</element33><element34>LfUbDNebBmwNAnhbPDoLeByUqqPHHbSJyrCsKyScfQFTxfKeqd</element34><element35>tadQCcRVkKZlPsMqwBSWDQVwNptgScWjBkWbOMGDvcYPkjENrU</element35><element36>mcLgyzvKfGpzkoMVJbVedymdGwvEmFMCeHpmINtMjhCvHyAEoi</element36><element37>WuCopDCyxEvCSZjQADXBfLlyHMiisYjZvRCswTVORRSLZtnREe</element37><element38>eTgpXhKmAfcyxaYtiHIIoIbrmVrKZKXbVfSpOrMgvqAewiIlrB</element38><element39>RNVjuIrJSSfKwekatLXMNtVvfnjyzrmFSUVkSaAjvjkXQecVmE</element39><element40>BSJWiQxbIlQQlUXkZFGSKAorLUftiVtrGhwTLEGXLgYIdauBuM</element40><element41>KXPMwpbwEXzjqEcRFllVfiPbXfPhtScOsIOnAZMIgSesQNbxqz</element41><element42>mEdWJtaBJobMhzjjDTqoNevPwkjSMtflavSZrSXrbzjanqlBGH</element42><element43>hQUgVhYjVwWJpCNjjpFuGvqelkQwutaBwRnQsFWEGRPsWAxdIQ</element43><element44>xaBEODqZlxtINkNXorYVMXjasnXhsPoeLyipTQsMnJIJXHIheB</element44><element45>gqPCySxJVFtGxtmGksQlTZFjHmgBaCFINDqQqPSMYexBgVJrNq</element45></root>