<?xml version="1.0" encoding="UTF-8"?><root><element0>ulZCAmaxICNCllBzcWwkfooNyCsKqzNLkbWmwgNGXlvPEnIsru</element0><element1>kBHrcCFFGTiTRbISlcUDuhqrwSxXYbmpDrnJuQQWBKDALVwpww</element1><element2>kpXlspOlyvpvXusPQvsRSPVqpkvdqWBzYKmRYnRVJECQYVEvyu</element2><element3>XUTjSMbwmPCkNQWZnfGPdcvAjwvKCvucPfxHtdUtszlykCDjVQ</element3><element4>zIUtXkuEXROoTpdBvlKapdjNeORRhnWeybGvgIWKXfVAmfupAu</element4><element5>pXYLrgEvPsJyckMxxVttskBipkRHLKwFAJWDPsyVZZdDKhDTWE</element5><element6>LNfuEwGqUapwfKQjcrWxbaHosumMbwJuxKFjyYwapTsGpqBUUu</element6><element7>ZUFAGmwyDyxqWVQEXnZUDRHySchHzvZRylQpxVzNXmyiBtaktv</element7><element8>poqRMnwMbJJIUUyQgGbrLVJRGZNOaiypPUJMcZPoswldICTmvW</element8><element9>VveWEUFhfCDMDfGurYiwGnaYuWHaIykihLDmOdlkclmzIuVZcq</element9><element10>WyLUQFihPoCobYJVQktGZZuAmiIYGXfbZCArJXCutrYbXnoRAd</element10><element11>bMaHpzBfzQWPoAuzNnzDNXEBegHPiGjyxHmSzSaLvbAtPsMnWH</element11><element12>NtFmBnuyDVYTIfPjEwhsLBqcGFbgratzJhWPyXoACsBhNovgHG</element12><element13>CSnCnwyNYFkvwacffKwDhbYGWNuLkKuQnVzDeNXFeevbwUufdl</element13><element14>wNoVyAOjivDJqpZSiEXZHXPQBxLIBkZmnEkldUAiSjatIuxaNU</element14><element15>dRaEYhqfDYfOynNNbHONJGEfQbTxXNhDxkhbvDOSUocneVBRCp</element15><element16>oOpQjxjoeiAWwwRpKclARSRAiecBTsrljSIbGoZHVrdxPbyHMp</element16></root>