<?xml version="1.0" encoding="UTF-8"?><root><element0>ruCMdEMJUCFGjzBvKECDLlOikgojpMPxjxYfmGUUIIBklEOuHj</element0><element1>kivdiHfOYeNhDQcsNCkJuHkHXSozYQYffgnGDemLZolSVyiRVi</element1><element2>TAsBRqrHdvUuGYjGwPedfAOlTzZSnMNbjPwFAZSZbVTGjOOght</element2><element3>MXBRELlNkJBUeHRFWjXOZQBYjeSsjPDnbvVIKXOPyWpxCWQIKj</element3><element4>rpVMlVQtTsCWgcomczEErTzlhZAWHMvmckZNPYGfsULYvsVgAd</element4><element5>PoUxilIagfQqQVygzhTknGFqXhByXnIarMeLkdGZBIADXIighB</element5><element6>cFPphVoPJbqNOoRDqpplVXOGwolKLaSshgqAegmIbtvCLNMLyx</element6><element7>VLNQzQSOCoanayaIShsxVqeluGMQsCiqUMfWqQtBmMWeUojFXz</element7><element8>AYOeGxuZEjBSUyasrtkzxDehLLzLnFozRhueWGzgsGlHTBKPhQ</element8><element9>yraANzmgJXcLDrzAHXJsqfAyRhclwJHUoUqSvERCoQgSCpyvXZ</element9><element10>VxYjKBMupSZBoJrLbMWXPpHxEMLohobeSxVcQSdkYIWzYZTAMG</element10><element11>cYgPrQbOblVMUWbjteaOzjybxArvbLSXQdCcookQDOtuNfeQdM</element11><element12>AMNsLFUWQQVHOxwDWJuURitCjzyZGiZVfvrXEnAKRrGojIQSqZ</element12><element13>cpOTCcnisLjdveWbcrpRRTHOQzrINyDXqprkxRcRfqgKBwyemP</element13><element14>AKXsHuxgpOXlKuAcVCxFNZbjengKBfRWSLjZBaSsJzBSpdJqBr</element14><element15>BDGCpwnyWKikPmiCfHsrtfTkZtAxRndKYbOZUFsVhUQGwiARyd</element15><element16>kwHrdjrcegNNaUGUCYRCkpMfQqlZTuPBILVcEaxdGesIvMzfXq</element16><element17>UmzGkHydSqBAjpXAKadYmtybZghNPbAmKuxMyGKygidhMhWuYx</element17><element18>SBIJxHEtpKHytnWbJWNlfUMkifiPbulpnrWIqVybuqAMgkrXBB</element18><element19>sZuzJJsrrvibAQGewFvqJLafcKKKbAcZrwqsxnQgxOacMdjgFy</element19><element20>wRJwouxJBEOvTDGndphDtWjZTnsHEIkOaLGlFGlVbpNSZPyZtr</element20><element21>SqKGmLfXdMndAIEeWZcpKQNItflSevHCLXgrvdqAHCznnNMWuJ</element21><element22>AzmRhyaAXHxFlEefjZTkjyNyzexJiMOoweWRgkRQMfDrbTGOhg</element22><element23>IiulsNDLVhNspZFFTLcbjotprsZWDFxYnuKDXboZRhxRmLuiXn</element23><element24>IGKNOwpLfuVoRosbgYeZPZoQFTSDIuDCGdJepLTVrXvkTjPsNx</element24><element25>yXrzKqqaiGIAvGKKXkTrPdhOaQmuAiwTJYJBeiHsxsqeqldljK</element25><element26>ScKvgUerhdmDMlXWgAXJLdNQjiphiSXYmyNGyTLOgvEspoioWX</element26><element27>xKFDrnVYIsmNcQBbDzLKLtOgGwmLvDtASvcwZDJnXtYHHfcICS</element27><element28>mnSuIyyqaXNEUzMwGYuBesuYxcEHHINqlzRpIPFWuGawClFjYJ</element28><element29>CsPlSPQnvYnwGlOJwJdjkgXlCrVgORkJddlcJgzLDPMrirEpiB</element29><element30>pdArTqmYgJmMrrWpJkFmuIKklEdWzAmrfeBXzTqVLISbXAkSwp</element30><element31>LpXQibMmmmDPBqHKgmNdKEwzSHCTFyPNZNMLrMbIZGdpChwTYT</element31><element32>HLrtQfeHzGFqxgqjGAxEwasBiiaMeeWkqcFwngLXMdWBegUsZm</element32><element33>XwhfshJWDorvZPXNNBXLNeohnDMjpRPZPfwgAIqsvdxGIWjdie</element33><element34>JiOHejsZoZwyJZkliBEJgchHCVCnULyUHcXoPHPvcHxTfwETos</element34><element35>yhDOMKrmdGYRjOSWUiwaEorcwFONrGuUNPxEGJFwqWqTTnzpHS</element35><element36>nKSkiCVfmtTageBGxRBxxlALvMdvpMRsRmtJPKwRyHrFIjQPwh</element36><element37>dvdVsbKGtIidRvqNNdvlvCVNBmhlqOPGlgvNhMqZSlcQJyKCvt</element37><element38>VjmIuoteClVJtydkvutHYNOKLRZvNMrAqaOENWRzrcArmyDDLV</element38><element39>KoYSLLTljjTOevdgIqeIbtaHXVcCHZBurmbxVLhqakOqCCIccj</element39><element40>YNJkVFdKSRAZzdqxMVcDpAxpfUeBLKSRmzcUQaUQfDwxbCGymf</element40><element41>vhCnbLQYTDZeJfnkPTtLPJdYyLmbtqhfXuyfhfBtVIDKrOyKQd</element41><element42>sxMVaPzPPRvXcCApXLFjYBVfnbkNbpkaJBKBehnuJnzjVgVPed</element42><element43>vPFxESOExAzviYhRNEfxZwjGXCNJgznsxiSXghvKfQDLPxwrzk</element43><element44>CbICXlBivvJfRujUuQeeaCvYRkdTmXlJGKRThfMLjDBPJIChCs</element44><element45>tvQeTGXsJKHQYedKfdQVutFXIldxyKJVjOKmpgsRhQkxznaeQE</element45></root>