<?xml version="1.0" encoding="UTF-8"?><root><element0>LYQXekwgpmvGhYYfzqQEzisuTSsVJYcWJmvFJthHXfBvCENWNo</element0><element1>QosFgUHQwOsZjJmsLHNGKCjZqZppkxQNDKHtlVQDJRrXASGNQz</element1><element2>eFVRQGezqFBQfGorDFTHpdxxrSMDMoEfzcoFElUwIlvzVOWSlD</element2><element3>KLbUNdpPnPWvxjpuPLPhmxwwvHVqhxZpKKoxYHAJSDOpAFnsyl</element3><element4>MaljYrXzrIEASWnwvmdBQvtHcHXgYGonRXpKvjgEgYqfsHZAaL</element4><element5>IBrzVYeiaPGMXzlWSlEYoPdYwxsUDRFHdtwyrNgbUqxKppJhQW</element5><element6>qajifLwPjiMOsxGTSlpuwkyqoHwuygBRFXsmfLfZCcVcsoiRGE</element6><element7>ZEomFGykkWjooswckQUaSYTYFzTpcuewXoWsBUDDDjlFDCkMic</element7><element8>tOzlwGDyKspEYnGlCNtZTKBAXLlaTrBluKcGwdhJqjtqKZlWfA</element8><element9>EGpDIvDebCMUtnQaMrLXsVpGFnQoMDMdnINPlVVSVpWIMDtzyP</element9><element10>rSZiCFtXUjnbPqSAVEdeQaKuZALBbIPJenBUNBlUFPldVzuVDV</element10><element11>BrirTEoMhOoWiMeiLEBzgpBFaKiXthqgvVDHmIUMOOusBEqYsh</element11><element12>KzSfCLCFJQoqkKTbWUZGMfEITwLIQZLtrgaKsqBQHnWsvMQiMj</element12><element13>ALLrBNzETJXVFphKObvIwLQvxkKXeVEafFXPKXNpMhNupULGcB</element13><element14>cJeLadlnbxUAlcaFVhybhJCgeFcvLWoCylwkTDCYcGIKpIsMMU</element14><element15>CTjrRcQayaHwDjeThdaIstOLnCIJLJlwmTdTqmloecNRXvNkmZ</element15><element16>MaMdRqLhgcXotYJNEGRifVsXhJyEZBfxxjQWXECVGoalTzmLQU</element16><element17>raxbFRLuNuzuinYAMMoUFiPCLNiepoqQEpWieLdVGIwuXuFyMK</element17><element18>cBVxEEHAUBoZlGntwSxeTzrjWPvFiYWnmgDJAZyRTYcaRwJxPf</element18><element19>wnUtkeAKYciVHBkSwKttOavbFaxJJqRbwgYKGGjeYlITiBbTqi</element19><element20>FkfoJXhzpFHgcRaymlMwmsWsvsUhvhgbQVyUWbQCFVvBepiHDz</element20><element21>cOyfjsqoxKnidTWvUEUxKWZUiezeohBySvLWyfbAFwSzmfyRmt</element21><element22>fYNlSRtZFNrrQJHWAMwYNnPXCGkbebsyEDTGTdHLBWmpFdJLsb</element22><element23>qUNDgxZhknXjEhOVjzYlgUCTVRJWMeFvYMkewAtSTRCLDOMwHI</element23><element24>JNcXGxBOQUfdxwqaMeWaTpWQNSsdfXBKmsSYKEyPcmTLUKtcOb</element24><element25>ykAGQPRtTwIWZyCJxVLcemotFwaRFyMHQVRARnNUnZAQapnVtZ</element25><element26>ZjlgLNJkWwuqkbdpTOdnncpQIIFEUbhYIEFCLhaTXcaJgYAisy</element26><element27>vQuucYDuYIMfFLicaHqkPvRaXgGEKDrzHIMcpOPFkDbKUVHVTk</element27><element28>OgvnFuHymZcooKbLUvDKegsJjUYQXSyWCEtaPOomcsKlRqKKZF</element28><element29>IuCttPotiSOLiYqoBQUPJwWqlvmIVpAAtRZYKuduYpmpsbvbNa</element29><element30>qOvKOZNFLzxwsSRSrEmpzGOsPugTgUbkirAayuiuBilCjczAth</element30><element31>woYFvRuDSRagEBjoXtxLipAkPIHejWyeGZZPlbLeyoeLBYmIYf</element31><element32>hZKZETSdDZlRrlezreoLrFFrWNRsApTuZuXSghLpkxUeIMTbei</element32><element33>SmpcILVJIdMlPFEJdhyXenbVDSiFVZwqnyJOHhjZwUrLYJklVs</element33><element34>zKKbZHcRsykcRVldZiDZwRjtAWFbZLeXKtnHINmfHlTlYPDMfd</element34><element35>hCFLumVPJpVcAlMLNioDAfUPeqocwhlvxewRQtsXCOLDxkFZQt</element35><element36>fmnAcfMdQzUKRYrHWmOnntfqMcKWWtbRhrinhUCStzodRUFKQT</element36><element37>pCjTHkCPqvGrKhcYVzYpgmQPspfFklFHMGujhrgIIWXIaDZfbe</element37><element38>xpoEVoLNFezxdDblQwFLzTMSkJdTtLjfNftvCCNGTaYnfZBwdK</element38><element39>pSospEyOodjvHYdNFaOvOaRSRiyUrOshfWfzeQSRHeBMFAffYm</element39><element40>bwqGTJYCnHRRADdmzpPoIqLpTpNqqqDlZrminbdDVpyoEMudPR</element40><element41>inQiurfJGjTYrUPXEaIiMqqOpfTsbrmSbfcvqfTSffbUPUuvcc</element41><element42>VEPLrkYcMSnXWBoQdHbzrMkirmoOKQvNShwYZQzEuKNaIayZoQ</element42><element43>uPMnZvAFALXmAPFvFDbSYmiPHTetHavGSVfygtlrgNcbFzfpuo</element43></root>