<?xml version="1.0" encoding="UTF-8"?><root><element0>qQfiQwTyqrTvqNeSOZzUbHRthsVYvrsQBFCfzKPcktqQwgsjpo</element0><element1>zjLpbcDEVoRnocPUJDFKUzVVAQsaubBKlndLRMsFrWqqBrLfWW</element1><element2>OeVjWFlSrXfyNkyvnJvMwcztFPoXrOlLIFrdCFPjdajbNfdHRc</element2><element3>cJRHBcTOYoxzlwQfReiZTwaUAUXTJtYaxqYKsaYLelNusURYLy</element3><element4>fNGwyXZvnWCjLRfdsRkybiOfmcVYUznowHfiXnqwQzZZIrgUoD</element4><element5>nlXyLYgQVCPSHFmnqPLbSjfaVUfxysOGFAjkKOHPwNycGvWOQC</element5><element6>npuFrBNZEiPmPLyDeTjruglNKYonefeUDKCQtTjVDSfPGyDhkn</element6><element7>fZIiiXSMVtUJtMbtWiNSDdbXKZdXdYOdUsZHsTndNbFDuOGoYg</element7><element8>gZdZZAitTgSRuuaqgVtLjlYweCyIfyWAkonpZSGIaouPerkzGT</element8><element9>kFFkPeTRXkNmGaSPLacEAnmPSqgDrdZbIDMvusfRGAZgoSVKQw</element9><element10>QJVHjrzIUwOSaLDUFyxgAGJXREqwxMYoxsBaQxBfEFzNSCdrrZ</element10><element11>RXtgewjZTPPEMTZGAWmqOzTBMBzIdHphrHakcbJOXDLUPldjPv</element11><element12>IpqOcGcxttWuPZLFjbQrDmEDVnGettBrbmTrafYHcbSsogdQUG</element12><element13>JqEUEkMfvNUAaZmTKYFRdwAUtcUFYjXoRozracZTKfMBoLnjce</element13><element14>SyRhZsYpPUCXmiiWWgXKKoBcfunYzXntvFiUDndrhAggijZpbf</element14><element15>wTYqnPMdFOcVUYiMFzXjIJyvlIyHlYpOiLlFqrmNTCBhpbEDKD</element15><element16>qiybAYaRThYbpsatAZmZOQmKispCwbbXVvtqodhfhuRyCmwWca</element16><element17>SxOXhxfAYvYqdrlltGTCCAVLNLWHyUXRCcUobmFtuniSJbzioU</element17><element18>ofMpefEaleHmYLllKczWXqMZIWRepEpIYqETwtUUVFwFKQOquY</element18><element19>sqofVAPAAblLNOkiAVqxeHnhwCVMDwPcNJtHjjIUWjRXgyTjHL</element19><element20>WJvgUhITrsbpVBiPJvtDXABLeCCtqBBHEQsCmlZMLfGZgKSsOq</element20><element21>ogSZyynJfvsChzwuYZHmjMtAONBLTVbkLIRLayGQAFdFsADyQs</element21><element22>YAEVZjfnMPpoSimlSwpsePLbOutfSilVdyFhgCBXrLkUlHbxmg</element22><element23>KMsVqGAGJURfprsSxroIzdVvpKXBjVtRjbocvbJBGNXLcXLTvf</element23><element24>KHumZgOVmiBKZxyDANNeroXmXyBViclKeAjuEFyThnQpqxMHXf</element24><element25>nPbEKJJROgQZyxlYAkttiALhFcrjnzhsEQqGTnCBBTVVzrmxCb</element25><element26>cBtYRmYHDHEiBiSoWgWGeIwjCskryjAhMSUSTkugBmljOtkyPf</element26><element27>EehDAFnmodnRnPVBPEmHIlTIBamlagAdsIeaDFKOShAqNFGUyu</element27><element28>VPsxNZspwxdogcgBqtsjalIvScwDtNlJLYhBRUpsbnAKkXWfJC</element28><element29>LkALkXirpMurwfIUYetAiISUrJbpcyFXgnxacpbiCbwysBfsny</element29><element30>KBWgULVeBCiJKehuTbILHLzsYCoDCTVXNGsfDldRTIPoklcsBp</element30></root>