<?xml version="1.0" encoding="UTF-8"?><root><element0>UEGvutPaNppissENAQTWJKoUpIdldgMBwXkirmLKtIsfIyigml</element0><element1>dNCRCZAPoYEbRKiUNiuZyQFQCOMolbyMYMEabhTLkvRIiHqsqD</element1><element2>XCtiGsLDLnHEQogDqttZGfztNAneyioZcHtHRPgtlIhRNUefAu</element2><element3>nKJjXNumVaKBziOhHGwHQluGKTLtPeGvSVadvdOunIcEWoXjLZ</element3><element4>HsUDlORFiswMhnXQaYgSvmMDgDNjPDChEKLVENIdQcxZDMELMR</element4><element5>RKbxhYUlpRMBiWkiOFKkYmRJjbSGmIijWnUEiqGtvRUetYxSXN</element5><element6>kcfHahXPKaUJQWshFzFhrVVVtOiqldGTBudYkAztsMhQHrSZzD</element6><element7>BDAvDSmRFkOQsteoxfMCVRxYhNvIbGKgHUKpweJjRwIUMESkCl</element7><element8>xKDERokPaQtVrNAvBCApBRKvgqnpHstSAOlfOEsmAEtNzHOFcE</element8><element9>STVPjBakUHHyEUNqVTsjAngrDSWlAoKQCpHtvSxidWeSQcpyHh</element9><element10>pLxyorbLprGxKLCfSBgqKTVOSkbHJnKIxPFpjeZTQakUPKGcga</element10><element11>qoDGUrzyshkGDLKavnQHqhALjyrSzZeqeCNBViilpaWpFSjSgU</element11><element12>TpgigSSiAMfvLyAcXARWjwFlbKsscBYvgJuUnQYkNqVZJnRLlo</element12><element13>hwFgzzZwPjEgbXMKokRgtfGLdESstvHoqlfWcWYeOvqDfzImrq</element13><element14>GpDwblsKJDdlzjDNaITLLQTZKUweQcMfRduDzSJlFNaRnhKqSF</element14><element15>BlWZZnshBXNgvAeNsJBKdbRVKHjyANutWdzrwIDGAkFFgKSFGK</element15><element16>pQNixSqbSlkZvqMKEPLFGOmsxmeNIihrLeiACeZmxHLuPkvLsV</element16><element17>mQRYRNoiQQmnjVPuZJVkhvNoLBFPojyKKsPQpXzbpHkhmvDNuD</element17></root>