<?xml version="1.0" encoding="UTF-8"?><root><element0>wjSRcMBKSzUgZrGdmeoZAwohAuOfWcyHxSsbrIveDAXfXigLsl</element0><element1>xPpwrLTpEnNlMQlDMRtDTbzCpdcHrJSEKWByrwduMRznlGnaNA</element1><element2>GudfKmVEkZWQzBuHoPRBPCscSGuPpyESYVaXuYrSPlBjmpNyjb</element2><element3>ZqzeJMZZToHodOsombQnLOggMXuTVZiILmWMrnWQFRSCUyvXDC</element3><element4>VfLMhUcXRxJOsUftBObjuKKaiPAziUpUbAffZmlxHtHZywZvTA</element4><element5>xlCDfriqYFmtEHYZeHNSPpxQejSKYIIRLvhuHkYonodAEQPviz</element5><element6>WYcWGMdwSGeDIdUfywtezajxXhaxPSHPpUxqHjGKAnvTAfVBkU</element6><element7>lHGbPAEzUwDKvLBJigABIdWvWJxOOBPszcywYplnRpucUpEWhj</element7><element8>ytPADvTyZdxNQhPkJrhDIhiNNdLamAAfMgCMwEmQmyDFQIPREh</element8><element9>sxjnLWCZqHLxCKMuXDCJzJsmmRJZNHhEflJEEeduQeoYJzbYXO</element9><element10>WqlQROyeXaTFVHpYPBLRvBgkvTkzJqZIpUQSmXsbIlerdtGuoQ</element10><element11>DyHIqlrKXXuPAmJZzuozJvxrVvNuIEcBrcuNCvoWCPHsazoXUe</element11><element12>rrHUBTyUFfzGLsfJvVPCzMcLVEVsliTgSbSEIJqHxLSiuLApSy</element12><element13>LrroIbSUKbVutbaIAQnvvkKeyGBWYWsSLYKFOAAjAvmbnLoxQK</element13><element14>KCuHKduiuSjPJOHwUmXHkUDLXyaQCxntxpqLhRHiOIoVNkiehi</element14><element15>sOtnNXHkUZuJaZMhhoxImcOImbuCYqmxQOKceOWrPAePCqLrGc</element15><element16>ZySIWfKlJkMRJUWeZgFOCbHksVyKavvfPursCqMiRvWHwqxWPK</element16><element17>pDyYYOKEfuIjKamBcCgnjtrJzbCjLMAbCvZeKyPdHvYzJkfNbY</element17><element18>VHcpfbTGPWAvTipRTjURmrXzlUACQXLWQkLHsxgxegokpCjLQF</element18><element19>SIyHRAxoXDYYMAHkfpmRWsVupCGiPadqbKMOEevsxDAcNTdJta</element19><element20>CCvMaOxQnSfwyCPnnZsXpHLxmljHxFuOfqygESuAsgInlwtYKX</element20><element21>bbEbzjdMflCmzDRguFJFCtNEcBovfrOhZvIpbnbkWXGtavaOWI</element21><element22>DWhaSSwqqhHeCoSQjELrCLkiQYEgJsLEncAErJbPohVxXOtkok</element22></root>