<?xml version="1.0" encoding="UTF-8"?><root><element0>ZgoYDQTycrSuJixAMmyZwqvHZGhODDHcJFNaMFfIXONHZowHsI</element0><element1>HhSiXZweWEFFZsnIYfgfIaVYwZcTXvWVcxjBZCTeaMXDqInRiU</element1><element2>CrRbSkLisDlGpjRzUpGCCUmoXJMtyHPbUqWKATmIOsdfAbaMMN</element2><element3>zpDbhEBojFlATEWjXfCVpnKjbDOCoDFTqsVtRqjlugtkdyGueV</element3><element4>EMRnTpUIvkCIhulfUEwTdoOOfWcEaOMnOQFlukrRkZOKSKEUFh</element4><element5>WlzomHsgDBiGJPDFgvzePZdDbjCGoUEEowJtEgIFuOzrAIluAP</element5><element6>CKhOQaakOsEpCvXHQezKiIgVvsCxJYtQWogUIXSkjoSaBXZxVf</element6><element7>EPnzCufQtqyPDesrzIRBsENTsrsAcvIXGCGirWIWLsoiUmSnYo</element7><element8>AVLjBuHmMuojEkhvwJwUksHRTaPGZGBwkcVSrbZyUEpaNHExzg</element8><element9>oQgNpyehwEMHUvMGapkYrqEIfCsKNDsxFdiHVRuKBOmEFfPHuO</element9><element10>DYJqKVgRJqQbrUlIOwtlosHUBupCeqitvivIWBKHwySqWpsqet</element10><element11>fYjxnGMNebiiZDYSQtOYHjrzPqdqUwkRUsAmlBIWItxUVmOQJs</element11><element12>oFYIFcGaFNNBjscApSoMxJiJnVSVRwLLBXdmEuTwrTSrXywmGD</element12><element13>FQnQrwRxdGsVAKgFZyqbQxCQQPedMbnMaRhJDQYJtRBMLIMYEC</element13><element14>wzkCMUqWxIponxoDykZhrpYeTJINEpLBtPQTyUGaQVcClIAuKQ</element14><element15>oSPtaBffTdvGqSZwTqsjLwUMeHycOeFoRQoMtajmahuXhnBSlj</element15><element16>ZbNqAbMAUIAtRoxKhtvMomEmBgZZvzDSwvAHQgRIgMqxZLVggI</element16><element17>eiWcGkpauufgwzHtKGSfOiGLZvJiwnepflqVIEGNQMWALyXKtq</element17><element18>xYIsvjmvsZoTPvlUzfjhnMjpDPoYXdJmLhqplbzohlLnEAEzZk</element18><element19>LKzKJKQNlYcWmYrBbocbztTXERPsPTAjsjfjVlzFmIjzpIDDdK</element19><element20>rmgIBRYwxAhGiOVLhStapWZrtWXbswiDcRqSiAhbWtBvlkqQZS</element20><element21>VMQCcFAUAnkvoqguCBQpKoZbLcJeoDIRpyxvBnxYfGCVKmhEnA</element21><element22>uPRKOoHqdZwckWQUaWbCtDbICNybXkalovzzfjfLlDKjVeRqeS</element22><element23>EYTSIukyISzwnTtnUESRJgkAlAUAmsXzTBgiuBYswGeuCkFJaM</element23><element24>hKvlxJxIxawcNhXFeaJgvpcUpcaahQStheShhpHGRgpVIzqFSF</element24><element25>wzsVpoLZhvkmDMPKyzBvoSsDQqtWdlroCIIcMUmKPFjTPhRcKs</element25><element26>HkPcXfHmKUJJVOgIglxKQniRvdVTDgAQdnwnTnvaITyocwLFcH</element26><element27>UHeHChippUsMDqyfRVIqQJJVLPHcvwbXHUELKRqaBBUlQwAuyi</element27><element28>CPmCgilzAEajmPCVsoqZhCMfUJLzYMOrNlEFopbrUtFLMUcWHb</element28><element29>imyNpVNuORfaXrlqkLazJHiwUSOqOlNqcbUYxdlfMwIWgVnnzD</element29><element30>BCNCwQSSVgnhsoxakTjsSKcDrmjHjaWiOYptjWJXFJjLETgFmv</element30><element31>AErbxipgNXWBHHEiXuGRRmQpxFHYNvkTKTCvmGEYohbyMrjcvG</element31><element32>RXYDmlhuOefwEEpinBHiXPnmGoNKACymjvJduvnIIqTFWdfjtk</element32><element33>SnzRaJHdIMTcbGevRkmzSPWhTttUGFyFoLrmZDbCyhqUTMJSeS</element33><element34>eTVrSohhYRqrYVcbYpqjfFkYZpOPgFIqZrhuJViMLXcyHEKNhs</element34><element35>SJrePWjAarehAQGWpBDugnPwYNQnkGmJwNiYaaVFWPGnoztROv</element35><element36>kcPsXvrXjjFzcCRfGYYtTpbqjRzsBVlBjZhRgUAoykgnjdcceo</element36><element37>vYQSKMnnrLpzuQbLybPUAmeCHFjmQWdBGtugXvIRXeZOBpFzeB</element37><element38>NVcHaDPebVlkvjrDwVkBKFSvrHNnapWKCcwFxALqtNvFWXOgOk</element38></root>