<?xml version="1.0" encoding="UTF-8"?><root><element0>BOQvcepeFuSCybntJUtGsHWnjcHvcSMJuyrdJcTdlPIxAdktkK</element0><element1>togNlFmxblzcFoGCsDawhErJBzvfMwpyhpETwavlVbVxxNfNyR</element1><element2>bmyDlNDkFUQfWFhyearJxLshEULcXGaZgBeMHOVWvVVuqcuSUP</element2><element3>zPdXoEJcEpMWbZomoBGftwrxKMkBDtRBlhnvNxXHlPjdRuKwmQ</element3><element4>blPZDjpgTXKmYdQueMsWRjNxAZznrbEnWsWAcswlyqZatmkptK</element4><element5>GpjcpcWVDfkCchtGaAYWuHKixhKAeMbXTTFmGCmAkvkbEhvjsY</element5><element6>tFZmWjGyYzQZquyRszodNkbldiIkMvXoCTJSWRdqAcBdYbhbXx</element6><element7>jpPSRwtEFbUyLSgbezKECRSfHZpGNCbJfclGYXCerbdLvwAtip</element7><element8>pTZuKIhiXJJqbJLnuQXpsyEYwRWoiJyRsWAHRaSTTiKERrJOsr</element8><element9>AaycJWAlkJMUwwnuEeIhCmwBcPWUadlHdThtqkTQvDtbyFhJmw</element9><element10>UQlmdhDsEMibpIjsWkBJuJCnucYYChZWQHBuXtkVDyQqzdkOqC</element10><element11>EWgMNbSYePquzggXxBLCNyCxJxPYhjOfBbuiunoSdcdslpVjHS</element11><element12>AmNgdGKZWyWDoHBjbMENFQemiwqdQGKFHJamWIvEGzVSYdrFRF</element12><element13>sBPDWqFpFVUjlNEAspYFNfNUkVxGorfMqjfaQXXJcWcXqzKieV</element13><element14>sdHTgIUcWNsoDNLaJaHmSuXGlVBfRBzctnpnyTrIIqwacuiemv</element14><element15>AExKypdvgCdsMboYsEoWhdpwaEoVDaklXCCLLeUzICpxEHABik</element15><element16>hjaPvFWxPKNlWqUANvzEdugjlWKZdPigIQjQfrkldRhxGEiexc</element16><element17>LEzzXkkanONVmWaQSBmKnAteljHHeupAkZPNVqNlaHxBODXsPB</element17><element18>agFcyatwDbOixZTMsIIoFKWLuTAaLRFuprOlCxVdOarLTxKfal</element18><element19>PLrtGvEJFOisRqvvVQPbdoGrciBAazklRZYRHlVTrRUZXWvmbM</element19><element20>BKltdPDeShzwbvlpKmxYswDtunOMyLnPpxYfCEvRyWolwOmTDy</element20><element21>TVgRNmxLdysvaLRrMCeVOEGvFWzwSEORxEnSNAXcszGzNnGysD</element21><element22>dzGiGFgAYpbLeHGRjazQyiiNlqXOONFXwmKbzEifoZjOizmIJa</element22><element23>OmLkfmjuwOuTtYDDJhGNXVcHCeZfPaYvTjuAPfjkxMLhbJrHFK</element23><element24>UiQEAjzozDqQngHtSAGhMSoTkBpEGwiFhhUNguYHGtlMQojnUz</element24><element25>tyZcjFeyNQovfumEYqLPlEhZfbiEChRSaPeMetmYTjXaUfBlmz</element25><element26>NfkCmepNRpqIedEJLdnCpBvWAktZGLryoNIikJeIEMquonPQZb</element26><element27>wDYEhirpgoYBaZcYEdNcEKhtVeyzIFgShVfKZaMIOtURKXzCij</element27><element28>zzfarkgoKRxpuPTQFFWMBHqlRLEiCMTtfDhywESlcnSPfZwudE</element28><element29>tCCLzqKdOGksAihBlUIavYpfVZBwaYWiBvhqUETLLrNjCQkAje</element29><element30>AaFUvMmYmJdsaPPfncterCKBUoIZFJwzvAMjkLbeyYhkyWyYBB</element30><element31>pCFquhxgDPpISmIvTSLcxeKjHJJfXsPTfGkCszolZIbreMRQvX</element31><element32>iwDIbeVJiUrdymsAwhMiNLsTefFWyMgQqRXcQgeRhmeixOMMtU</element32><element33>uAVYNokqjkmJtWamSzyhhaSCvdPSSaoKpomyrwvomOZAwqRuUv</element33><element34>EzVjfAweuAjxmzWLrBmwYVRbwfqnguQONoOhazyOjsrnckRueO</element34><element35>RVTXVzffEHhpVmQJYXqKGOQxfkulGvKPHsZetGwUykUxOYVHmO</element35><element36>mxLTCKUzryIvLxcSOxdKvIMwbviALuRyFjHfukAZXXdXFPjTol</element36><element37>WwRzXNTUkiVRtCNgTNrKaRyeyykNqBdlaRpblRdrCDUIpRZtQk</element37><element38>VkAsZvWlbRFmZQYNdTEdkhwsyxERfyFXGjkICLpmFZcvCpbsXA</element38><element39>orezXEUJleHnWZyxbItsAKAzYqNYwhGVupTADekXHYclRzhsob</element39><element40>ZyTmCFipLeaaCORUTCbjBKTDOmAiVoXYWettKJaTKwrEpJseSB</element40></root>