<?xml version="1.0" encoding="UTF-8"?><root><element0>nWIqlPltuEZArWivuubmYstFoUrPGSGymAQpEbhLxBgetkTatD</element0><element1>ksWTyLjDvyPWdvpCfWoclRZccsgHlLrVvsRELnFYlsiWtqiPlr</element1><element2>eeyTnCzxgKhWtGAqBFsHAVIrIgRepYKBjcSNbbeIIiMgpZrSyD</element2><element3>sIIqPpLgVGszVmMDXxxAdPOmrwlGWjygjmQPcKJszdjldwRfpA</element3><element4>KqSekdCukZZBClaFigUVLUXMATcwEbQNibjmxnBdlUJRnzsDez</element4><element5>JODkMKNMDfgdgqNDUuWbLBxPqHpoPwRzZKrkhkDcjtmQdMJojb</element5><element6>xgklAMHNFcHooRgxitfOjfATLyccYiWMMMPzRjEPOnIrCrOWdB</element6><element7>RhHmSYNxercuahtEDebSJOMfKZEboaVdLhbuhlqmIVzUelsDVE</element7><element8>UQOxRondbBzqKrJeGiYkkFaCFvdYwETWYPzzrQBvOFDzzQTXxs</element8><element9>yRlhZycJYuIJqibCwCXSUqTWGJMKzKyJFawjydilmbNaOGKYoi</element9><element10>mYeZeNrvzDlmApPWuGmyGNjXsZyMFieXqNNivoXjJevLGlyKcq</element10><element11>YnkKvwasmkZVMlPmWKxmMXpHYSxwDcaGRmCqYHKAFPnsfETNdz</element11><element12>cSWgkMetabDrzOTLEWEmRcPlhvsMsxnjaozPJkSDELyglXliiu</element12><element13>QPpzhPxlVpZdqLytKwNUdehDxzZzSctGBrcobyCelOmTJnheJu</element13><element14>CKMoLcMcYtzLjAARyEesxChSlNmutRQOeznfJfpDOYFWjlsYpo</element14><element15>vNLgyDbijjHXQyRFfnMgVhRVWTRnuMXwsCvXVzQrtUJSSkOnuj</element15><element16>vcMPImKuAHuoIDQHIhhsKJsOZKotLVVgjnITATkBHUGHnjIvRI</element16><element17>DEhhyQGUOyOIjIfcJsVjZffIysIxMjjwOSALFLysgIELhjntxM</element17><element18>TssgpWwRSXtrlNoGhhbdZGYmSygOrKVaJCTOMWFKNewOdKTYWL</element18><element19>KNOHgvFAwJWAepgrEIgDooanClKLQNnjMZWermtoLniabACift</element19><element20>wEffRiOwvwgLwsZSQcMivXHOqrRfXpRCbhTXwAmOnoPxliwluY</element20><element21>KLwwdMrLwDCypTjubhOXOpvcaESJkpxquZIudAKOuCkOqwIkIV</element21><element22>ZWTURUsnhcsMUKmDJAAczsxUgECbzOqNBHkKzQhfgrNVkBDiHu</element22><element23>uwxgigDpGzpVyFwMalobXccKJQkLnBmDECfKGBSySgFenSQnzl</element23><element24>JAevrWtwjqTAheilkKoUpEVeHHyrkeQpqYuKPSmDcAXXLeXaHZ</element24><element25>uMoIqsdQvoOJAysOkHTcxjgpZlWsEhLyObcjPGlsJCADUcUXJA</element25><element26>nMNBuXDSnKTzORJUbqYgKvzwXezisxVvKiMhFcUFOISzPlCLhC</element26><element27>CfZpitsHxKeUJHIacEHTUvtRIhoavJEnNrIQsofdtARVZDNuHZ</element27><element28>leZNZDZEPBSrijWozpmuvSDNIPQBCDGtpjIMtHOQUpeFtQUICm</element28><element29>QESZLugWiKPGgVXmWSzFChUThrwFvMIitmSDdsFwQcOGrTMcNY</element29></root>