<?xml version="1.0" encoding="UTF-8"?><root><element0>sRTywPnOMvuGoGJzaigCMjgMHUgrQMgRllAxwVsrVqkbNoOVcX</element0><element1>iOunvTrwktBUEceskECaDiEXtPMErjNxaVPgdmmgDeMHFsysTl</element1><element2>AAVNiEpXysLklCuxSnbEIMIVzDqvWilPKtTpGGcLRKGQfCxuHa</element2><element3>BNazPKmZsYxAtGbUeujXQuXgcLgZoesRgKTfjXfEaqcSAhQYIB</element3><element4>EqZnifpNfdHwiRuwSxgIyfRVRGJNWVftBBRMfJXqZBATbgXbIY</element4><element5>QpsJHNxCsFFvuQReHgZZmWpwvGnRjQcaIwYzxJzcLwHYnhYXDu</element5><element6>IzGTxqraRylDcCTBJtFonFaMPCORGBssJpPAHTlLmRVHhsZgXG</element6><element7>rLrZXUKJwXgKiAeKKxakzqBAEziKsTwiCtbTitSvrSujJxvKzX</element7><element8>rDLbanYwQUZKDfaFyXbngpQaExpWRKUWngbNcsOLoDigKmSGrR</element8><element9>QOXdhMsxNAdAvPbWtevEhYoUikwlbPfPmtVvaVORDUEclRISYt</element9><element10>EKJbuXHkDThCVMVHOPzqkGMMuEnJYjHUQDJfUejGLogXqZtyfd</element10><element11>FjQqBcNaugHDnCuUifUGRreqrLKQfxxsUKAEQUmczSdgdfzEhQ</element11><element12>CMlukMDyfXyAqsSFMbMLmafuNswdVpuutScjYyKGdMQBBfGYRC</element12><element13>lXMhopjSuNKlMOHtoTwMyZNkwGKWJjUgOwLBDfSSlAamHMIRCV</element13><element14>KDrGZiloPhQkZSsbvdXfDtFnVLyGTOANegQpTWiWMBSTpYXlmR</element14><element15>DnxIiBBGUKpnUbFHlvlrKbrovFIgVDxKVtCNagemZXRMmvfoSv</element15><element16>GnnkamTbLotbmzZHfUnNpioVzWvzDdUqcVEcDWxbKxJMfSeFdM</element16><element17>VlEvrIAkQLjrCcAOWSUvTEqrXxYUZXuLhOyMiLpQVvMgRUcRFJ</element17><element18>VGjhgPotwNfzHFKGUbxtdAtuoxIgrvEhxfxnHiFwEOQImcCRGF</element18><element19>MyHmDvzOKlyDvAfgrreAzmuLuircREgpSSpKpQxLjwloBdgsQg</element19><element20>ENAcVoXENHtKuYzngsAtHuOIDJkSGKbxVWGuHHPclqPjdTkJgQ</element20><element21>shAbhuUJWuKdHKqngMoawljMEGHJkGyicjFCMOugaOhuFuRSqZ</element21><element22>CJRXECSobbcKRhAVlGDcHBeLQykNzZxIHSOwtoNTvTAdqZyOml</element22><element23>GXtyrayRGWlguAMPAWpEfBmuDeRUNYkyTgkDrWNjwsZbkVxofR</element23></root>