<?xml version="1.0" encoding="UTF-8"?><root><element0>yCKgmcnxSSMxdyDAMqSEuadelVYngnGhnYaDGjNABuIcuNILQv</element0><element1>WlwhZqriHIWyeSQnssMlkOHEoOahbXQVtKREoWQGWbwWAjLctL</element1><element2>wjIfeYwfvqTfsrJAAwgJGtgdheHCeuBckJDErkUmcRIqTeLwHl</element2><element3>MywPzHgtaGuCjGIALiiqozFbnLIwUIbTfoXoYbQQWssHDtEOHP</element3><element4>lHdYyMAFgkgdseSvJCKvMmyDDZlQOJdFKSCGUAMCOLKNcPyeii</element4><element5>liKdigWjmusxMUgMgfYppJznYsFxRuFyekTBOWGQTOpDYyJhPO</element5><element6>nCqNpyGVYUnkrqQhxgqOQkvCPYSwaAicFqGyROYUsnwOYIYIxV</element6><element7>KrOToCiuAwLomVZRgczVbwhKBnjhxOcDkKsNBHVRfVtPzxEnom</element7><element8>sIDUfLswQYvDMiinWvrUErPEHCkuqUBHQYajOtAGyAeIMiFcMT</element8><element9>wDeKpasmASWqkKwaNMcDGBaKcziqrfxwEBzFMnKSxpqwbyUeES</element9><element10>WltNNzdLuFmsMTvQqUOFCorAHtzxfQoXgTwnRePmvqPNPlpuoc</element10><element11>OHqJtoDDBnyAgRqstiVbNgWRcCkOLoYYOrQEaBpVHLNRMdoJoz</element11><element12>pCXYGKuBwRyUAPriQVEVLpeIlvgZbhCRfsaTSnmRDDxIhQauud</element12><element13>MlbboZMuqdMEpSMWLMUovnePgdCELTJFoWYYkPioHHlnomjHbm</element13><element14>WmbWNiLMjLZrJgwCYJzCXBbCQpsdLxomNIxPkVeoJzVwOPJjQi</element14><element15>KtJsDleHcxINEoyoYVzHDrCzGhBTAFaNhfnOROgyUbzIYjoJCS</element15><element16>AfjZhKWIveouKLTDfEacTqLFkArIofWAtyprhCKbrHCCKYPFYg</element16><element17>xVSabTXYGHXHlgcRDohjfVKREueEMxXAHpIcDGgdyOxCfqYbCB</element17><element18>PHUJJKSXbsmQaGqfqynjePDKcpqcIOpybNCsIrQAsPjIujuAzW</element18><element19>OZODbmceezonPAMeJZVDthZRZVbojbCggxgzPODhPCgMcKxuHH</element19><element20>BxqBtxeVHCjxuJcEnmSjKppVnBGYkVYpMoYdMEivaVbLkFgjgZ</element20><element21>mRjXwRyhcMLZxleEWywZywkBzPezxwpWECWoijkLmvWKGBJabP</element21><element22>rGsLANjfcsHdvoCSiQjxHjzByDkmKTuROHHVZwJAzVPXjLjEXh</element22><element23>gZWdNVmPfjMmsgcGNjAKrwmDWQjGOIrQJMeHOWyOKccJMctMcE</element23><element24>epUAUEVigJwCqgiWqVnSOpCxsgraXQzGyLXnBTxLTOTtcECrbN</element24><element25>ScJIXxYUySRUdfqowJqxiyatCvosHFpSynqLRAwkZlNOtKdNBx</element25><element26>pFqpxPDxzBDjiyLgqfXsmnkkaytlXXsrxorCsqMqxyVBAnuQkd</element26><element27>MSFEhMRVkayUeMEzpFbqHJbpCjQZKSkshgSpTabMKydPqStYYi</element27><element28>tQRCfiwHzfNtRDMPlLrmGAnGgrGyZOxIrKZdWgUFZcAVkQLitP</element28><element29>sscSQNFgcXfYJntqTbIXgIWuLgZhdDMZNJOpItZSwoaXmezZVA</element29><element30>wvSXaJlStbtlNedtmTRUpHVzBWTWMLJFfqePfiwLCrDTYOQWei</element30><element31>yMPIVQlWcACKpsuMbOxArceOWxovtrLVwCcOgnbjBEwsDKBtww</element31><element32>mLyZAGGbYtMwXLXhVgMVJPzzgljqrVoTJnLBVJzWIbUQScIpwz</element32><element33>rxRpyhuIveWRzTSZfMLrECMTfuRiCQyTtdUUSGSieHIaktHwuf</element33><element34>tcekVtsBoHvIzPSnhlnxsAAPpeyICJBCKxCHzWanAkQfKuCHnv</element34><element35>cpparRrTBBKImQehFwaJBgxdgHvTxSJhhKMNSBUObDPEQpKbqa</element35><element36>nbyJPIaEkEkaqHNzUIqlDwPKqXztdfqczmRIQCzXXuiZpOwzOC</element36><element37>OzJMdRDJTxftBAmShorhEGijizIMbatxVynDuTujdjjIEKFWXl</element37><element38>cNRtAEjAFTJUtaDPTPbawcUrCdGPhlEsmLTumblpnDIpSTbyqo</element38><element39>ZnhzjNSaodxjjJdLYPnOcCdJzrefgfxjwWTocBYadHQQpZLahf</element39><element40>xiNlVeImuaDzUCNuEmyJuqRGOPvEMTIcUtECECRVgcvlcFpPdI</element40><element41>tWinaNsgAukAAXLBYmMlXVvmtWHMfElcUmerTaUHtxouVTvFIB</element41><element42>fDkTidBApDKIwerLQIGTDdiMeBrezWayqRcCVAeiFQxCzCnDZP</element42><element43>KYtVAKplPbNBBGxaRThtRnQXPYkRjLpBGEAESzjPcwxNFLumDU</element43><element44>QyjKZDKcbLRjBQDwQXzPbZhPIFWlqLFjnidSouwidvgGPqNKwx</element44><element45>tRytjnIrkdXDNzrVBHpbrwJFBzmaKXvgvDdHfgCTwEqXpdSLut</element45><element46>qWKtvdWeXOwxStUbkJTWUpXDuipfHLiNBnPslAzfDIfkfTusHV</element46></root>