<?xml version="1.0" encoding="UTF-8"?><root><element0>csItpJLXOxJyqOnFBxMuJgdpBjpwdtFGAYDJCMsusXsAhrbGnI</element0><element1>qJvytpxRXqttHRhzypKxAQTFqmGeLaplVxUznjNIKEfPLSDEWG</element1><element2>pJBJfgzrwnchXRrSPxkwNWFQVJDxShbTUkxHCcOwQMYTnwDCaC</element2><element3>PJoAOCGtvlEJRtWtMjPGljiQButfCMxuOwJaxKiXBjuQLXIvCW</element3><element4>oSSMCtZHfuRPzqZUgbIReXyNMoQfgSuXRzeAwdvkGMPEfluSGJ</element4><element5>leaUpTCtDMIjTsQZEOJDICvSGlcQkrOcKSnwtXkmGIwphmZlfu</element5><element6>hgspuhrsOoZCgJtrPKYHbRdyumxzipOYxKUauMDVdRPWcXOkXf</element6><element7>XzKOQCFqtVDRkgYFQAgSeFsNbRoKwaFymVNHSDEkvIqMNhiCao</element7><element8>JwpYbkphRffbFGWCHTrtuNJtHqgFLakmKcHvwuCNyLKJVPusES</element8><element9>rEknEMXvnbuPsrpVgWolROwsuAZPVstgCrQawgdZwnCrlLxmam</element9><element10>fiMtDlrwubcwtxeknCFSvUPvaldIlBBoNRvBYdLqUCKcIWbbuK</element10><element11>IuHAMeRnfhUEVDoUQqomSQmtYKHLRVSZaGFaazSEfPvyibEupQ</element11><element12>TtmRzmNIqvlylagfkvuusEjbqLeettzsDUheUXYECRUevcqeYi</element12><element13>NoqpJFKuGaPtUFexwTbQtTvMgywSBBumwwIedObHoScskKgUtk</element13><element14>oitZtEiNIFawUFJWOnmrsrdVtPkuFPGVuNbSPUKJiasUiOVfRJ</element14><element15>AOWajVgUekqiKJxEBFbOLQUgKgKhgZKbDUFfJSGlWmcnRPSatb</element15><element16>VUTxQNVuRdMoqGVvFGILsbiyRFwhXTPPAILfSFGersBRIPMCLb</element16><element17>CPTahisyvWTdKAxjZvgOqJRTnyGBRGTfDLTUclUHbHYbpPjFCl</element17><element18>oKFpxLmpNGbhmIEnJaQKjgRUmsyzqhXeKyceQbZNoGcbvlcjWy</element18><element19>qeKexwpWXfUEUaUSRqvSmRstFpCVrInLacrnxApuUwhCtKDdae</element19><element20>RqOnmUzcCUaakLaJytEaFedzpsbRUkgbKqUYrFMHBxLJlQiQyZ</element20><element21>qDNwbRaMUvMAkJNPTshWqExSKwQPdVWabbuguvPSxzlDEryQSV</element21><element22>ESYnBKkdtuwELXeTUunMsfMXegzYqLzYUTwexZzDXBFkrwDPHy</element22><element23>wyXLyNriSYkggUiYfXpNTmmOvFRJLXziXGrgoBJspkKXziisRC</element23><element24>npVcfFQgeihIYzYOXAWlYigUhECSjtCeamXKAwdSTiJDwdJURg</element24><element25>tnOeuNEoojEIHtBhGtVLowCIkWCVpzTbHnnASroIoyvFoeziUa</element25><element26>hjKfLonvUUqoyjxEXgpLAqdahLiteExXotdcacrvBFqeKmvvcq</element26><element27>pvHqUntjPXuyrTpHulRBrxiDgCgwTiXHLVcWakyaEWDdVRYojN</element27><element28>hpFxGTsEFSzgqrYwdIlPpffZRwyWZwLjGzdULhNIRBaQAhdimT</element28><element29>HUFRlbmuUHYIJYQBAnIveEtFixmbimWkOsKzSuovpdxBcVaUxs</element29><element30>EmLOwXZLoNskejYcYeBqYrTmNUAsrukWzwXEGOCihOfLNFuiUg</element30><element31>saofoWyuWNgaBVgjUAoATsuWASErLMCuQVIzwSYWqfBnwlLFcM</element31><element32>zMzdvGHviPoAyzbKQVBymUzxGJiFHgZHNJlQUuMBItmUEZWVOQ</element32><element33>dPbWXShoTBRMuhCFcNmMbuVFGBSPtoZhoWqRAvLSMsuqpJvZwu</element33><element34>oqJOOxPsEMfhdbGyCZRboUEVqbjYWrkbxVCBGqYXfGrYhvUWdO</element34></root>