<?xml version="1.0" encoding="UTF-8"?><root><element0>dIoVujpldgGxptZbmexayAYMSIsSTlgcejYpriaCUClVcLolKX</element0><element1>aWHfeMKmkfgFPDZeQDbXQwqIdprRMjXJNYDHPEkvkFycvcvxAe</element1><element2>iEdKkSuFezuTNpQXvTDDoDwxAaaMlKoPUBNoDWknBHkKFXJPty</element2><element3>xahSctWvzpIOexHzkQmTYtijWVFDRrnFbiWVovORBIXTxzGJPt</element3><element4>wOGdpaMMMHThtPXbvcGqGAelYzikfyDUWhGZWhRMQeKMQSZZZZ</element4><element5>dLzzzkEMAWbomnHYrgZBgXmVkdhCNKQExcuqsqxvrHQPmeEQGR</element5><element6>xQaGJlBkCFrVJhDIpoHXTalQbbwoJjHSRmkSRpJQRwVrpVGYcU</element6><element7>XpyBrFfoHUdKMGqfIolkiuWJcaBAqrKtASozSLmEUbVcFNqyvA</element7><element8>BTqkqvfTgUAlRjGGbkzRQMxnWpxXzyMYlGjjvxBbwpFkUVvhPS</element8><element9>xroZdFbrAklBIiPfcuNYwHvzmYGikafcfUZwLguUKzeEjryYuS</element9><element10>IzlXfDUnjdtkdzdBDnLYNAiGqFhMoeBcpTVhoRnomfKbTVuhqk</element10><element11>LJQvUMbWiWslkCvAIGYbUnsNPszyvUJbPIChaPLMWLyxLhnCih</element11><element12>NdgtlAhhbSOlmOvycVEgAKWONeLBHcEsoFrAOQqGkoJwTaOHBL</element12><element13>QlAXuNctxQpjJPGmtEEvNbRGdhYgWLCMYFQBPBlwzGgWNUWfxN</element13><element14>SlPulyqdruOdMoscAVhlCAdsZcVWzvdECBXUWJrfJdybNgBvsL</element14><element15>kBSKqtMZonkKoJoSIZfpjRLMrcjgiIHcZkNCkMnBnhhRkridjo</element15><element16>IogdkrgDIcKikWFyCSrTixwyWpMfgDGWNHZSqdPlrZOmBjFadt</element16><element17>CyzzLzxoeLwpHmFkTvaPzQKdXwbTGHWDLKXOUruvAyGWWjXBcf</element17><element18>bPSnHCzYLELfbdlDLXVqsjipnAThDlvgOEWhNadxesIOkEMZpc</element18><element19>KcMYfTeBUvQppieulsmFExctiQXwHGDrrklNVbUxeemtGqzcOD</element19><element20>aORSjUrmHxsVrQmVLEbGZhSBtAjPrDAUJklLwIotucVVILgSkC</element20><element21>HTMrXFqLeeiBJuEvVLTBVSLESneFimbqCbuUdTyodcRhMPgbgm</element21><element22>wLUzTZJafVQgLeGLmAkkWXAFRKmmVLctOVGCHsbzwmheXKTCph</element22><element23>bXMxpGXKpcqfBsrrNvaXvPYlYplLqRKABjSMDSThVSOiqnWanv</element23><element24>aAdflxhPVImRNmsjLxkOEPGZeIzaNoEOlYQUghAvcOfmNbtZtr</element24><element25>XxVzKbcaYiVWeKaBJIIjSjcozPSjqQYiszevivJhrwHlcWYpRu</element25><element26>KSrFPqVAsmkNZANIWWUZQAYvbwpgEGYAyliHpQZrIqcbehlQtg</element26><element27>AKtsuGGcNckymVEVhczoXxNinmjBEaEPsignybgPGmJUTWcLMJ</element27><element28>IkEhtZpRRVIGYJoRPexzsnUkanUbzKFWsEKenVsGjPUpzdxAZT</element28><element29>TiYDDzgdzsbuvUwjqRNNEFjbSVWbEgfPGGoCHXmwnhQJckqjci</element29><element30>parhvHcimBSNKZbHwuEmHWtZtMgazCUHbAyyqkIUQaatovJifJ</element30><element31>nCBgagYNNllWKXIjrZbOSXyqguFfztMajHEifCjycizMvTSSPP</element31><element32>qMjjIAZppgZfoMSJzTJHvVSGVpswqdiKuMGTgizvnXgMxeTRML</element32><element33>clJCwsWhwhqiKUHBSyXrhmPuABJioRvfRdhwxNlhUpEJvVERxy</element33><element34>QktlCIlVDOtDbMEdmAJqXXhrGfvSyafJkZcaICXERBaYcntKee</element34></root>