<?xml version="1.0" encoding="UTF-8"?><root><element0>OniABOyzrczMcdCpFyfTMQfiQtvGWOmgMjNGSFpNgzhXyYNWCN</element0><element1>jOuuLtQBnkmTzPjxBeNyWkagLfvyFwBJXJnfMXirBnOAFEdubJ</element1><element2>xVnXtXaxHkqYnlQAOMLZhHIVXaWolQEUUbLoktbeUhQLmyMElZ</element2><element3>kAZolvYWsUdelEowlEtvQsrrbmylluTDDCbXUmrSzorNRwxvAy</element3><element4>iMpRYyuujSsAqfqKTBaXDaslIVtCKByCbVMmMtPkHCIlZFbsHV</element4><element5>fYeJfrLoCcnpPyJhgPsSpWcWiFcYmunKmAJmNHrubqrUXoGlob</element5><element6>ywDolozXhHKEodAwSaFsoHnjHavMBhAXGhnBjrUhGKnXlButmK</element6><element7>tDzmYOKrrpYwbDxRRAWaMtDKDtbCXStYXYCmhFLhbQiIrMVygH</element7><element8>QsoQLhAkKCgyzyDQgTklJclLrdsaQlUpqKgzGMJnBhDlQlcfeT</element8><element9>HxrdGlFqbHgnOpwTqfQRuwTiZsEbMIsbjbiRKLvhLpsAtvQOuh</element9><element10>gvlqhphOPZnmIuSfbUWrlORgCsZqsVjLInrDUUjYFnbKPqAbQv</element10><element11>ZBWZdZvMTjTTNvuKkUjAEdfkSGynwRGLTOJuQyqPmjACWkxsdc</element11><element12>UaHuLVavSonaaIKHdDMMTRzSZbMCrefMaCZJBwQAPFMsafWdWD</element12><element13>zeVBrrBlhKMsTSubAKAJoHLSlmiVuIgNZlSEwYYIBxJYDPAiHH</element13><element14>xQXMwoJoeOFgnCCysZlxtDrQAFiAecBKxuKRuLKbYeSyCCqqLf</element14><element15>aNKnsIfmdmXkTbCwIBUfxTOtYNSPnuiGdnAqOMgVfeIUefBQkC</element15><element16>LkVLmtgJcslREPtpSxCpWvcxPrvdGVJauERcvLTVqHXibNJAFZ</element16></root>