<?xml version="1.0" encoding="UTF-8"?><root><element0>RfNSpZdMLLXFfbsOxWfWzyGwCkhvbvFHnGyqFyFylzVPjIESoL</element0><element1>yLWSTLVBRiyXcIUYQQdhQMIzZsDSBrFDpkabORETXrJXIznrwF</element1><element2>vSdOZmjjkDpEOHvAwhoiiZltFKjzPdhAnDqDGpdvUwBWjyWbVe</element2><element3>NKmcrcqaJzMrtdhcxNmPdSFddqguLmjjYlFKufwfXEKmcugdkp</element3><element4>oNZIGEuyHxAGGEDhWeMSlVsiwSpPurmBWEGYBtMUhFQcSXNBnJ</element4><element5>WhWiNRiutOdZsYvYhDRLRqVHDuljhRUYcvXBiARyeVWvlKvzpM</element5><element6>pLeoqJKoqQCjVdAiwtdInFeuniaOMCjeXyZpTTqgYklJRFjmAW</element6><element7>wEdBRJUlkEEeRRFvzIUclUShyhuMRHjZksqLjFDBxlapozAfTZ</element7><element8>AWbdBdldgEUIqsrjsiPOvcrcNXSamYGNhYLTlCHxCCzJZOFYuY</element8><element9>zEVRTslpWmmCqMPwlrtaOFUXVxTiATcCeRzKHXozjBWNSVfcjX</element9><element10>tyodMpnnvQFixuQjwmrFcEnsZZPszGYtEvyhUPAnbxTzWDvQyn</element10><element11>BypOhIBnnCNvKBnVdSrlrxySAXSpoaKBgfjNVXfkvIvUJfWHiR</element11><element12>qrqaYDRFgLDdWFTWrWpNjvJnLqcElNsUOpNelPkuAFWKVXvPBV</element12><element13>RghziGLQMtwGygyMCcBUkgaQPylviyQnUfGUzaAJAzrBSWBDkZ</element13><element14>seNYxCMkesSXtReVGHSgOJryGGLrzKErSjcwpWDTJMOUmASIOd</element14><element15>GOXgydzQoDERuBGgdJBjUPAiEAGmGjmQIskztXVKZUscZdFcho</element15><element16>KJZmilETmeqnibSrntGvwYQihHuwHLnNGLyatbzQmZpXtHTtvN</element16><element17>WMhDmmhAUAKhALVTxRJJNvoBeCHJxoXhTuyzuOQnzhmrByOsZI</element17><element18>rXOxTubbbYUJAICRKjVocMasegsBOyGxxiGAUJewSecVLagWWS</element18></root>