<?xml version="1.0" encoding="UTF-8"?><root><element0>IcBVpbfQPyMYyNdhpwaZaCLVavTgkzjwCzstgiWXooqklpUqTv</element0><element1>BkiKKiOUZWTdAnUQXtIiGOlNAPdmlplHyUxAKrwdLzoxZDGJMf</element1><element2>PfskYSdRZAKvMNKRTsuiOPqJEyJOvrFocGoRZrturQfFWZFJEk</element2><element3>uERIRvHodKeDniptTQGquLicDFxwElwcPxvwBdGXIPnruyahjm</element3><element4>lFNeBnTGyZfdaMFyPkarwDjITGlNSDbJJeIsHomfVeRZBauPhe</element4><element5>OThNNeMJChlBVjUpmlTcXhXyeUGWSSZjkNIaVslKgSXHvTnYDo</element5><element6>tMFbQRAGyYqcQxeVAIrelOPomSUvhSJLtJwLQVAdMQMWxVdUJR</element6><element7>HcHqhhvojiaAYUMemWEobgNcKlldMbEOstZoPWPoXcWhZUVUHb</element7><element8>NkIoTKMZkgryZBnXNFmbURAfSDJEJaFEbGaxTuOhaaSfZRETul</element8><element9>AdZtUlkZYQUOdNFYRcuPzFjcipzsLBmjNDXSvlPUIyDvoaGrGU</element9><element10>QhyZAvfIDQooCnshKvNeRNTZBYjmvksZMsQeEHAuMfwxaxqipm</element10><element11>hUhPBAVgPrFuzRHzFxzvAUZHCMpjQZrqweadRgDvAHtVVqlcGH</element11><element12>tasvlyxzNwYKHSSSPMiOphEWmYlIuugBOGRtfzVdUkKsvuDsok</element12><element13>JELOrnqIBeRuszOhgrkxzLukNnLgrBswhqeHSWTYuffzHlgWIr</element13><element14>MWrmJRDfOXzwXnPvqmbefuPsqNxhOvGnVkCTHbQeegbSiaHRAQ</element14><element15>HqYEjLKtOuZEwtYvznqlrtnMhnTQXwUBBTjpawTYTdRBAWfAAK</element15><element16>gNRYvjNfmjiwPeQXVhHTpzTuenxdBexhjOYQzGifJwEJqYYczd</element16><element17>cFMefAdcKwdsTjMjBhrNnezHsWRRTcBCdxTSMVacDasPXCfsVa</element17><element18>elqCpvqImoNYUhAJdiSiKNPLcrYvPTaLPocGmyNXkLkeqZaxkO</element18><element19>gvLGQqqCoLNmRAesWMEWMmNuzvKQXHNiVxzHRZbjHMgviMsSOH</element19><element20>occrKyvohhdFAMinfGioyymsPeQvLSCPtTEgyBEppvzQcmXdNd</element20><element21>SVlQkZFdnGDWjHSowuvSsnOZMriBtsTVJoCJnNegYMBmGDQmjP</element21><element22>LBJNsoSCkJfgoWxeFJOdemJFMNnSTjYQHJKAekAHvTCTMAoSxz</element22><element23>znrysIPpFjvIdoSWUosYMpoWSJZpBwwveGDykSdkSwVWCfHUwU</element23><element24>fcieQFFgkyZvCKnhYHwXoiIERvnRhitYtPRfHfWROsIbOBkwIp</element24><element25>ddBapLNYLyuJoVgqOLyhvhvOAKjWuSzXsHdaXZqHnJaswCVloS</element25><element26>rUUfYsTPOhKVLIAzySkSXTuBqfLNYmQlGOadvupxGCnCZFUMuC</element26><element27>bSMAVqxezzhsqkeqgORWnYOzwQLjBpFitjlLiqhFXGrxOlYpFp</element27><element28>ZMZGQFVOtJuRtmNxkHRvsOEmVhGghdhWGzUtKRXIRjtivttOOd</element28><element29>rxNPvAcBnrqCWNsJTFCOtFdXOMEepYZZrqOxAOAXWmgqLPCdjb</element29><element30>HZdkeWkrQNXQbUkvDHKwbSATgAumByJnZROZbEmIZPzuvuOOAT</element30><element31>qRHOODnyCHrrqfsYYBVSIqvimHjAqRQvSwXBqRqDgJguVdEFZD</element31><element32>RXQxHZEjYHLYOusJWwSvHtZyKfCfTgDvWJspuetdjSQrgRgpaB</element32><element33>GtjxQzFhjZDvfjvmINjbEcYNjxtsmrOFiNJmwYjtPwvoIGOMnC</element33><element34>NeIrrcNKaqwZgdcAMJShuxiUlBvrlbjUYKWZnypKLEyuDiBBND</element34><element35>bNhjpZlNtNDcMALifodTDHiafyywhbaCZjBXozMWzmJvWuROtx</element35><element36>nUKiFjwUIYpOaOMcIDfDZceMyisIrsGmgDmPHgOwfdIKmKSwGA</element36><element37>wsOssdQgFVRZzerlgZsCTUWZdItYPyosdbmbcZPpEhyRcPtAdZ</element37></root>