<?xml version="1.0" encoding="UTF-8"?><root><element0>BdKanwRsYEUmXfzlnOTugtJlYZhCenljiXJOqoeNBFnxjiMyEv</element0><element1>GocmXjxIgCGIYNBDWcTkRuLckdpluAqDwFhamBYDKPCtuHjOoO</element1><element2>yWwnGBiJkYKFdHFxzHsJaLYThGxTZqMysSNAXyqOirYDGOHmoe</element2><element3>FbHqgNjcWTlpjItORGTKAjknwQdGZzhOIUoVaiIHEDRrTMuJvd</element3><element4>ArhpmnfWklONyojtlsMdvWkfJVyynaqODSBFCZERdbuisWaITi</element4><element5>ZtFGRDYKPpbLfAejSNGytSVQcsWYOFiDSeznmSnlxFdOzaliXK</element5><element6>ldKrJznWKSxkkThfaRhEjmdPatMpFPodKbMGpDLJjdxwQYLziZ</element6><element7>PSYNfyjeUiQoQmQloKUhqVfKuKPSqKOeTbMiEdqAZfPULjAaeJ</element7><element8>BXnsJXbngRTNEonTAPspifCXYqbPZUUWxiIxXRWDsJxEMTwVJj</element8><element9>LthWAujXuANuaDnBtfDVNHhEyEVvvjXIsHBHasByIrnrkssTEK</element9><element10>VsJCqymAcqySwtDYqyXJMfOQQjOGvJyRmkNtcrVYStOADrttjC</element10><element11>aCkcMqcTqtaGdRCZMZHWmWQyoSmknlPRScuFzLWhdDbZjndEeT</element11><element12>LDUqPBdSouNLUawdjoYziBpOwoZgGwNnGSXHpNhqrnSygiytyI</element12><element13>XXOPMhwJDoarQZxVNThlqbSdYIioBaLNoTsKWholVrucfekMIw</element13><element14>fzFEnfSTEcMnTxEtVaQewsJwovbDFZwJZuyxEavqUtPtPIGwmr</element14><element15>LeIyBHBLnqwtJhbFcWryBcMNRTjRyLuBTiihFlxxyGkGEDNmwO</element15><element16>jGfYYXdgHpIHnRWcnNzcdEkbxnjxacjdjHKRRXTENxQtarWrBu</element16><element17>TCzbdIKHLIGOfaRpbtuMDgGyrKPAGamhKxaaeWJujLUHCTTBIM</element17><element18>gBWYytLwWueqRXObqXuffzkbYUmTKAopbZTKZBIGCeWAwXqEoQ</element18><element19>xnWuUCEoqkYyCpAQuZOvGUPfnATeuQkAenfWQAOmfxzNZjhzhz</element19><element20>ALKzDpJAKrsOBLSYwiGNfxxwOogSifMFdBaxEusbtbvaZcblKx</element20><element21>GGZtOTjnWVJyyVMrSechPjgYVYDteoxZOtNErQrZZriZeDgBeR</element21><element22>szpMXaklUCkhYzWjFlyAZykhhCxMEhZuDkCdbJsWltdwAsOnSh</element22><element23>hxtdfeaHWRMIQwJxXKXerjqFKVUWmcEzWYEuJyesggwljsxncQ</element23><element24>oxNSQVVytQeoLpXRXVOgWTQlpVOnegKNYZUGlUNMTZgKFDWUoo</element24><element25>JFAGQCgCpLfqTbSiQEqzKXDIhuVbknQrRuzdgTfwBoYoIVDfuN</element25><element26>ZklLUHKBqMbjpKKKJWQTRFqUgViOxswlacdUYhsZMkscPJavcv</element26><element27>bqUnXbxgWBZIUrmRyhpUeZnksGvsFyaVPcsOTagOPPUWjqAGDF</element27></root>