<?xml version="1.0" encoding="UTF-8"?><root><element0>YsJDJbNEiydgDUYEiXdWkUClUVHZyfUQDwKCawdbcpcRZovEvj</element0><element1>mcDxAXldBtHgdMGGsMWzHVuKrDiHkmWsusHrcDTwKkywhgYtdU</element1><element2>aIyKDgpfZITYwSjltENkLhFBXFESsKgDOQtOkxsFVRRXsypkKf</element2><element3>DzYnAYGCngAgyYrtyBJarMjTLRCvKfGgcTRnffsURCYuGKGfvP</element3><element4>RDaEZVQHiAbcymADjHpImRSuUwSnIMKJQRxXjXlivKmUwnanNv</element4><element5>tXdygtqcnfktXTDmGeePqrjWKMzbsGajwCWItjXriiznXHJRht</element5><element6>LLLrYgMFQczxqdxeqOCKaIYTosSzBIJmqZftlwKgLxxOPUSRsg</element6><element7>lobJGCKrmdLzRftOeqYKvXFofIDHSJxtehPvEHrFIjkMdfPipB</element7><element8>TSNsgZezvCUIDtNqjpUWLOwAFYKhCJBlaMBnYxtzeCpdBJPtOv</element8><element9>dvanWhTDTkHIPBeqvPNNVyKyRUzpJUhmGmBJVYRujxtqjywcHh</element9><element10>sgiSZTbRtfUSMyjGiBHUOpPiiFmuzjyCwjsMVhoKLjIaDGOirT</element10><element11>KZZtzySickfHlfbwAAhhjbQiSkDzWRohmrWXXdTPKkmmokOicV</element11><element12>GeSueoNbEcgcrxSewaRxbahTzHJFMHaztyxzCdMpAMexrOfBej</element12><element13>OsbOhMxZsEWWpRSqpWwZSIClIVQRaHjMJhpKeyvzsODJMmNGvG</element13><element14>nnwZjjkAlxngprjdaYlSrMAasZIyZsyBGUVqLzzxbfKhZRhgPM</element14><element15>OebqNTaXfDVVRNVVjWMoxiDoIVCuDrWngqZQRJetZZNOoThgoA</element15><element16>uSwEwwMsyRIwtfvcsnarBEUQmqmJKqjojjyQCOqlqobyNDlJib</element16></root>