<?xml version="1.0" encoding="UTF-8"?><root><element0>UKezuBwiYOGzuOTmplIKjepCulMeqwilKLnmlqENoQooEGhyXN</element0><element1>DbXOigqZMeAlPhnaeCjdyGroBgUtlOfhweSRhDvyrtAlgPAVsE</element1><element2>WTmdCwTLLyYkjAxPnInTWATkscBrmAmELZqSYLIAtxqtLsixym</element2><element3>RbnOMZqjPPMQuCdIyuNHxmyHsqRWCqNDfNBWdPaazMBBRzCALF</element3><element4>DdBCbcukwhyEYwtEWpijVLJIRmjcHRITRRscMmyXsMoiraEoqM</element4><element5>xoDrTrrpQjCnIjrWAOCiMxBIBFyzyKzjgtkxijpTFQwSIIgjYs</element5><element6>nghsrdQdHFNjJLitjwhrNkzTFWxdnVhKFfkZxzNeHnScRjTGly</element6><element7>ydvVwLWNGGktRcOlbgvOlaBMveeXirPWKGCJLehyoUsMvUMOHA</element7><element8>LfgHQMyYnpcejIDZgUmafADiyWzViHnfzUKRlorJRHuMgcPmrW</element8><element9>YmpFfYPwOramoxAUKTDYuuxCTnmNpnOIeXysTswCecwOXJuaYJ</element9><element10>bexwpCmdGfkamxRvqODwVNLEkGypwVrBkEldGzZYlmzZVCknOR</element10><element11>KijOQnWfYfUzqeHdOOwyOeMZCuCakBKLMNTaIVoQwltULwlzpP</element11><element12>cdujTdcAbBTfSEPXXlYcrCKbZsKnZQiYhNxgrEbyfbvuPzYevw</element12><element13>tCYcowelIhgrWuCVMnaDQKUMkqTzXGOWSKEqDDjJITBOcWDsIt</element13><element14>CDhuwDHAxUnChuXmIIdXODofiyDJrvnnPonEtKeNJMluCHmSCo</element14><element15>MiDTajIAfaHNwWZJjcnxrjKqhXWydgiffekawdlhjKSggQhMNN</element15><element16>TuGIBDyxvtGPuKCTDgAVvlkHzElRtlWUOiXlaUXXzKnkCKaweg</element16><element17>bOTZxHemiZyVfSTBMOPEZwKujnWHtayBCYdcHGJTQgAwpeJXvv</element17><element18>BTDPCiUtYaScZOCGsnUGDBQhSnmbNlPBVmzEYwpwEULTZWmSTA</element18><element19>LhBoMarKWkmydecPpepmMzqRMzUVBcGdxyiqSkuqRxmujFAwpV</element19><element20>AakpOXpTZOjIFcdraXYElFkKLlseFfWYzbMTlnOmRGuVEHyEuU</element20><element21>iwlxWMFNNIbvUSHjOQvLBCaDjLdULYbeBxkzrrqpWaxbpOMQxw</element21><element22>ApRejaknnlvCrdOkbJOSqwgFGgEnQRSeIAAxOeSxRwmIdzOuJb</element22><element23>AEcMcEezbbWjHdRdYuVOFJPwPFdeEOrFURLydHwnyliPwJYswS</element23><element24>SfjfpQVrJpkZTQpnZdkrSviseevccTKQcKTJFHuxmzDpKaiPfc</element24><element25>QkxSOsGNeoJBpsZxyXObwTBfKbOVmESMTWSZflDumwprzUnHvs</element25><element26>jvSgIcRGMvfNzrnulxTMYblaXzWBrqCVTSpfuXiMdOBCtRWSfm</element26><element27>jrKrrzTtENCDcMNREmxltCUABbJlbwFNMwIeFNCmsujGuQizyV</element27><element28>hEnIhmVHKhaNZUUfQJAQLauKHDkRVpwuLuafpUoYqXspRioICC</element28><element29>WiRFSNCdjvrOOPkPbJgzXYiqjJMrhuEwZtWeoybRJLMaeGPdpZ</element29><element30>XiJgZJXeJjbJvOsnGzYcwIFZtPgSkSMfzYwubShzXmZRuukosV</element30><element31>LVTlDhQHmNbycgCYyjlpbbdXZfkMgBFVxnJJNqtIuSFcsLLreW</element31><element32>IxotCzFoXoiKXPrZAfSswprgjMzIaVNbdnsmQhXYLYkvJOgbQO</element32><element33>jSbOCevPGKFEHvoUbODLpUXZTKbyBMAbgaDOZPWEHNVFDcpWyY</element33><element34>EpbNMncyRWUJFGqZbHNMicjmnLteKjRpZGwOfjjySRFqDpAwcD</element34><element35>PjGiggvMVvwYnsoMhfpUcllePSWLVBSiZjncBDmzRlasCvcYdF</element35><element36>sXiGpMLTntqsWOhuYkkvrfbUSYLFvWmtSCwgwTeFCgFZruONEY</element36><element37>QpTNtopLbSMIcfbCDvsMuZOmuebxoSSDgpveRNMaXMFLEjqxON</element37><element38>JLpmaoekbPPJiERXQUUVmPydkKEHZpQRWziUFtGkYacHlrrezg</element38><element39>WCNrhvgFzEmrqlDRBmQhOswroomIwMayJnRQuxAmioMVUFSesj</element39></root>