<?xml version="1.0" encoding="UTF-8"?><root><element0>QDiSVndoVDzDuTXYpNRjHYEPBfdTwAikIBNThTUejXxRWxZbfC</element0><element1>wjDegROoYHnKnVlehjVzstlaNqDOQrOWcvTlhVysHCWsgWBnDN</element1><element2>gPRJDUmpEltQjEErDZeIrrrhCDMRxrhIjkwlBZhoqbNDZpnmYR</element2><element3>GUScjsGXxKGlvbaHTGFrVqKHvJdXbtMTqDFnnJrclOGBrYIedr</element3><element4>DbuXuynOAqYOLoxutXNHGQfAkmVPnWiDTtAXnZLIyUaFaoxvAZ</element4><element5>MOitmmyJKVddjMzfzdIouzKTsHSjXlXCnlxdbobHsbBHICKMMP</element5><element6>mtMSSWcsLMgxxUsgldUVUUefirreGsVexRbdABNjIRxIDnjDoQ</element6><element7>xetGGxKiYqcoVCFLkwOCmaPqFARFxioIFwNatZJuovhYgncNJs</element7><element8>kCMLHCMkVYmoiveLFYFYPIXyrrotVdHlALYFRNAmUuUHpnvcsc</element8><element9>tdXabJPhywxgmvazBWmVsLfpCqCDwPGlEzQGhjYFIfupiEpJDB</element9><element10>MHGvRcebLzTwYusirZUQCmppMUHnijwCKGAMUHmugBbjHHXzRj</element10><element11>pJDmgUGinOlJlNZjszVGBhctsKWIjPBjWjxZPLgwsWpkVvPWXe</element11><element12>OVEgUFwQfmHsCiKZbTBAZahleOeDunaAikTdkcqXjBpIeEJCtW</element12><element13>ZCsGaEUQRoTrlDZAlmPLNXlytZrNvfxmCEonLRvUzUvChbYMNi</element13><element14>ruBEBvhyXghSGnGvfLmpzVqgKODhaTSDNMkMxJWRxuroSVfdyI</element14><element15>vGQYffSVhKYCUsBGTfxVJGcXINxaQrQgMPtimieAOtmqTpzRMl</element15><element16>GOKUpHpoVQmtqNsbWKPleFsEJoBmiQIyEQJXFoyVDKVmKfBhyb</element16><element17>dQJNVctfPXTQuWBnjZeGWFtyzoRYuCWAbhpFCFaNnhrRlgSjjr</element17><element18>KXqlWLHcWPnmggFtySDrDYHDdDmBkiALpUBCrnDmvnqJklXNfR</element18><element19>jdcaScePLmBkhcmelaNvdAywLlgPQUqsDakXdROxnRyvbngIQg</element19><element20>GaIXjAIObzbwbydFvQvapvUTwCjbIUshEMTDOBnGvpkQbVCRls</element20><element21>JGcQpAVEyhvdWljCmeyFmkcXeiEuGMadbELEHXmWjgJYmtkFaZ</element21><element22>jPBgMhYcluxHrgvXMONtrwNciXRtZkLEERHHDTmAuGbaXxfZrF</element22><element23>OnRUChBIpMVtBogXkLBOYAnDotuHzksbLnoomhaLXugNUthYQV</element23><element24>PIUfvdFNaGaGAhiAklXepBWJLTUuqwVOhntOWfKvoejOIScTYe</element24><element25>gyiQZVzYuGCefKWOkveOTXapLeWeStrpSbpBDnUKMljJvEyJoA</element25><element26>HjCXEnBIufLYJwRVIvjuXAxqFxSKKjOgsmfiSaFVSqtAZjBoNO</element26><element27>gpZPiYiaEXywGZrILOXydhHqIjyTDAZgGufqeRlJGIFujJHuFY</element27><element28>PVVOWwKcUaPTgFrfzovWmPBrBesNrzDqiWHZHlJAVdGsPMppIu</element28><element29>wAwbwcCSMxfJVnznYNeoPxhSjrBktIrEFuzroESsUxyoBVAZTL</element29><element30>KGcHfnwnqghtZaFuadxWBEHaVThVcRaAfXCEOoPvDAJXStnUtJ</element30><element31>kEKyxYnuGbQaSvjuuwjuQucqFGzELigGiHjUDTFjRukaZZcGyP</element31><element32>HPqMlccnlmwdKSyUYSLRBBlSRGDVSGpAUguyPjGpYISnUtjjSc</element32><element33>waNqcoPIybqkIznGbifcPKgqkzQtsLRkxSlNBusplkzsavMcdn</element33><element34>cbkeQgxwldMLJpoWLWsUkGTXwzjpZadoSNRPLzdJUkgzzhAzBj</element34><element35>dMCmuyYdixMghEnxlUGPoEMEtGbsklMGWASBhkPYZxEwOIoVcs</element35></root>