<?xml version="1.0" encoding="UTF-8"?><root><element0>BimRUuVZLpeNOvPrDlEVFddQvpMcJAlXjecFdYlIUXjmJsMeEc</element0><element1>dmjWQPUWBGmCBOJohzzEAStjFsNTApyMdWZCXEWJQaNpJofzgR</element1><element2>zaImWXsXmjRYwqxGSZHHBGkgYTvWqmUMKyadqfcZGJftDBtBxp</element2><element3>GBcFYjMUIyEiZSKCXYXMWoUzJdvfjVtsDQodYGtUhXakFVamxV</element3><element4>XbZWKQeloEnlTyibPoAnjLRaPllSDbZgSZIvaJjjdFGDQEMtwh</element4><element5>oIIAPrLWRlIZCqBcYRxoXLVjSwPtuPSYEjaJyRDmcDThzrDEDw</element5><element6>eILffrdXMUadxeGUKHWOufmSQwKDzUlPafgrqUPkygnfYHfEWZ</element6><element7>hnXyFnsaEWZTAaIQBKwEXZCeLiKTPlUdCMUAJcCGBoIgstfaTx</element7><element8>qgKxgliVouJBzAlcSLbqPgLwGUCRtZCOrzoqSuLDujGNPQHFUt</element8><element9>QusWtAzLpxSsWZwUqyZKirsxoELiUEevjeovUFYoutUEaywjCt</element9><element10>DsoYFIWPTaWoLkHsjBzVHsgFMrshuEJFHNbZussvzPddnFSvkN</element10><element11>doeDbLUjjJeBoLzxknOdQGxAVrVAGqqNSBXKrDycnYMpzIAmvL</element11><element12>jxujiSasskzQLlugZqaPzwkscpxTbEGEgEvWcDLGbwXkGYvbMy</element12><element13>WrRVKVSNWoUHBlZQNncNhpmQuheaKwfZTMXuOyzFhQrOhjwUNJ</element13><element14>zQbvaxtxKApEQTruTAVVKobnaSnnYODyQPRioolkEXgFfISXBU</element14><element15>QOzUTEklWFKeFShmJqKCotuabLNBUUSbHzkVewBicfFwiynExU</element15><element16>COUOeenSJRmSMZHgtgXpftYvxGVqihJXhAbvMNJwnQLUGwYuZx</element16><element17>MzWVwJTRtZbtHfvLLpyKULFUvBTzpfpmLTRhVQNxsKBpJQIWWc</element17><element18>ENptkACNtIdutugjlwIRdwSnPZATjVHhdwmQzkOircSinfzzoe</element18><element19>JLhSuMONJZZTYdipqnKRcPXgqvbQptgyCFqhQWGHKqtnwhgPzH</element19><element20>YGylfcyuKAmcdaCNxtObKgeLnXyAeLtjstzimMLdTVhwtWxuYN</element20><element21>CewuxQwoiRKitoIVmCmcayFOTmVQpfgDApYFJHaLHgAGyyhAHA</element21><element22>CwpKEnafratCHqDZzWcEVudDkCyrJvbguIpUCipftprdMfSlPd</element22><element23>GPzZJNsjQLQaPyvcHVIMgVbMNNOuVGoDAPHAhbOWdKqMLkpPhg</element23><element24>ZvDTUGtLfhWXkWoMtUcneAZzDnacYPozdjsIjScHnMuwkjUbgb</element24><element25>PijhqygIspawxjliYshcAdOFbMfRvdbqlqDRWFAhhsCUdSdtez</element25><element26>bHKDcsbuTAZZsNJMXKNmGoDgQEHchyQdDSGEJSuNfIZoPcKEoQ</element26><element27>ZFaSvYhdftaMkhWlJhizDNACovqlTcUDbNNMEHeHGHIsgOGrZS</element27><element28>EmeexUagpsXsZPUQNEbZUsPTlQAFOpnGMBLwpbjrUVdhOwpIVt</element28><element29>sRYNisQuDXluKhSyaBKkEvoLfBgTMpiUVBxPxXNQpLSofiRPIc</element29><element30>XqbFCpfZqLiCyOFuTKwjIStuedyWgstquOurLQRFVWANdvHhYZ</element30></root>