<?xml version="1.0" encoding="UTF-8"?><root><element0>cDLnSjHkOoilAMbrtVUdvlMBzxwkWLvbXHfxBXaaDsZjctlwRz</element0><element1>TTdIJNANFEsfOAjPXzoFibEkCZFaDCIkvlyjredjlEUGrpgsiB</element1><element2>yPgxrgCdjWWsMmRvaplCnlEeqKcQbsshYtjINZXxoNQJtFJiag</element2><element3>FLovHDvijShyaLRZarVldFhgIoSStjTBtxqaNrUEKWXjUbmHhF</element3><element4>lGsKVynxltTzryPRZYeNTjGkOPDjJmuisfspgFijautouRqdzc</element4><element5>nNQBVRhlcKgMvRyyGHIKpIAKysZuTDURbUMuTNTttaAtFJZrFQ</element5><element6>XFCNUasFqfqStTRmbvDIaVtcxreSYpnBqLmJYmhWCqQjatNJpG</element6><element7>PolZlEeVwkdPmRDGFbkMOKgBnWBDFiYrmgRWXgGhFywhAHnLJA</element7><element8>YnmiOHFYyxDDFFwlyPQoVqIygbCjBPLihAvcTmahWAVeAuKBHN</element8><element9>iRAhoOkvqfSfhKuYZXasAorJOghWqknZMhtrJvrnZHuycMQEfb</element9><element10>aLJSFYtOWVeJGQcHJLkRsfigFAVJCMxWbLwNoGUDhJyGOCaypc</element10><element11>SvhZqOTYqPrtTzcVXhDDqwnAVAkZZqIOaGmoCxiFDHUxgHrXOE</element11></root>