<?xml version="1.0" encoding="UTF-8"?><root><element0>LrJiFEVItEGGmodRAXdWGsEreePyEtocHjXQyYtgxrvOPOJvqM</element0><element1>aKMOrANyWmzXKQzlCjMKzXxCmqpHdqvrhLvhXKyFfUPrXvijKh</element1><element2>WhuBAyxfwcDRNpWNtlQenZpwHDHaXYTznUdDSpzbIJvVOKuwuq</element2><element3>MIGGQlCxoxvcTxdzEMEuCuuUydVIwyQuvIoqiZTXgrfwQXIYlU</element3><element4>CQotbxSWbMTeaEBiGZAavfQThPVyfGoYFFmRHryYeOkyRuqeMZ</element4><element5>WuLuOjndBgfOLyWfftNrRiQXPbcWqnQllvgmAxCjbRrnTCrRaZ</element5><element6>VTbOWERakpStFzbSSYVuPkyYaHtqNUNSdqLLHsySqbRDgfReft</element6><element7>OkVHAISyBIRsWsizXsYpGLfGFCUWEcLKuOQeNedkgsEbdzQinQ</element7><element8>vFgRrPEaNxmLkhcrfAQgmpwNzvpEntVLZzsxzIwrWLqjXQeOlP</element8><element9>weeiPTKePokqyZkyKDeomtoWBrOAjntnUuJcTihrEUzNBBpwGx</element9><element10>BMcXZSTsskXXfPFJfHJKiglOTZgipaGAtfwVLHSDLnkakylPWH</element10><element11>NXFPBDQpjjExoOhsBAxJPeavMKxVvUyhxZRjxbmQokkLIevShw</element11><element12>pvIgzGuoIYpEXDozzfkaYgbDZqOErIukLOhCuoNhFTEeXVzbSg</element12><element13>JBpsNgAgxwzBGEJgMCEIrxlqjkggJagEpKpnMQuITlvOrnRvUR</element13><element14>GmTSZXEcmpdnzJjONQCLiDbNBpCWnTOmzlAXyKfsFdkrqzQCxs</element14><element15>ogdXVIxAOsHnKfbJrVkwKbBfeOcgidMSafSfSFCPnAOvanILrG</element15><element16>XLToWIzLscafFDrxtoukevifuehiYJyBLPXcDJvqAMTYqJLRqm</element16><element17>eTpWDDvzQSfksQQrgqByMKanbJnqtIggKLsNtpVkpBfZKlojZz</element17><element18>vGummJwOqrEWUhXsUdZvFKHYZBNgIQYHHVkkBMdnnHHlfqGmqo</element18><element19>yhUdOUmUzQZcYcVjouaJwDAWWSCDDFtWDoOTyXTrfgpMgxdMMz</element19><element20>jPPTpxhfJpKtIWgXhEAeTwbRDzuvnshHRFIcoeoQztJQJLwspl</element20><element21>JSWsXfvKagBAbkBBVyHuIOdytnIJNyLeLQpzTYStvpoCacDpzH</element21><element22>ZZVCVhKfZiuqPWfmePruZOqOzOqUtbDRChlRpmWoamqFnXMfKT</element22><element23>LUuJNCvgzJRHRwSWDMzLEubonuzDbgKTnvBTEYccLAWULHlMNE</element23><element24>UAWiniGGZXYugoONjHWIXZDvPimYMzglQtGHypyqiJgfsrzhtN</element24><element25>ZvZTCqtddrWCElbVNVetfLdItrEMvGdDgVrJjSdpUtZpERANhl</element25><element26>BsyNovSAGfemrgFskBlXuwSTNPGubFsLpAFQGAjSklXdFLPtMN</element26><element27>EOOwpJHMGrAqlwgvxpjHtRXHQBznGfepsdShOGFGkiaEtgbIWJ</element27><element28>wBvBugDpEKZJYXEiTyBmkQHMWgeEwPEFFBjwYkFehisWCBblAv</element28><element29>QUoVVoDtDVfyJcrvFCiBtEWCxJSQpWbtVgmUMyXSwtzYqBVbVd</element29><element30>wGPjxWZCyreabrxkXasBJiEBGrpTZmNIwroyIZcsokzjpMREZF</element30><element31>qOYRbiETVYKLoSnRWSMIATuyIIpOIMLNuKaJVjvyFUxQzCDfZn</element31><element32>hiBsseBmSxZGMaAQQCxKUPfpqOMlIimdLtaKBizEqEZbbBqiGB</element32></root>