<?xml version="1.0" encoding="UTF-8"?><root><element0>gLBgSQMqfKNuGzDfDBFzDmNSkkCoiBCADcmfOWVIGYjQMUzOna</element0><element1>OTFuJdLXHuFXmTprcRgThAJlKQRnmfQyztYBjSbWloIfrmBbEU</element1><element2>BcEqnLScJUTHFKGGnLJJZFVkuVsxlQEujQljELNuRLIpcJCoIg</element2><element3>mfirHaymXYNQUtLCudoWSvrQvRTAwSxRWdqpZeSwMnGObLlrxt</element3><element4>UpdIodwXeisrclGQFNWrYrwcJQVpzemVjNRBkXEAbnirKIqvDA</element4><element5>fHrJtTROukydJgkFEPeqptBwEicCUfcIjTlJIxRrTLMDdUJuRk</element5><element6>XjuvVAkqBXgsjnYrYnzTDYqPFDflTFDflrdiVCssIQGpdkZCxB</element6><element7>nesszDtcGeJSDHyhQeLRdIoHjGaMYJQiYuUVwIGzAnCbTrhMDp</element7><element8>NJBSKmOyCgRDodTMAZmYGCHAPkdVwUfsAOnCytphNzDBOfNwcZ</element8><element9>AWUVEPyRVAwAnRMjIPKCJiMneGujfwSOiUIEWNvOOnqzSgyfXP</element9><element10>ymazhnwkuFIengrfjOXLCGopwlKBgunwNWCizEIeZMJoYWpDlU</element10><element11>kYrFLhYRupCMZXKlHVcIcEXoHYqDVTKvrcrDLRqKHoZOCtBkIX</element11><element12>bOJkMMRqcGUshcgbRYbSTaQWkFTNzPxPEIFsPTKSiWrseKmQoR</element12><element13>NwhlyQkWJYrMKaIjyQZpibydZReeQZtzxUswNKpjEOZIfCNURI</element13><element14>nGQMjZtwdpqiEhvZIrurSouSZnMDeSfYjFFOUDdekLOqpqMJCE</element14><element15>aRfnMrFjztrlqNDlDxERBpsrsYppbGJzKmoAnqICarIRLkZvVU</element15><element16>okcBTHPBOHhEtvKWkmoHrDmkeVbDAStOnJrbiMNiHlwVcJHUao</element16><element17>hxeABJqAFyomteIdUyByeFbMTlAJVhSAadNWXDUaTXyJjtpNwM</element17><element18>lJwrYWdorWIJpTSNfRmxHoFVJSvsBbzuvDWAWUebOnhTwpoOtC</element18><element19>RxYpLAfSrUskOrAdPfGrFhgnCNuLwXytqKcIbXaAgarwAuPZSG</element19><element20>EwPTXADYEyjAlUsXCQgFCUdQsPhgAWEqKwnasfuwfAAbUXUFwe</element20><element21>SBHmGePsAkmxHYunghfkcdnzijCLulWmJZlSyzSHoQQflKYjNe</element21><element22>ocuSPyMETxrCjLlvMiaLkjObeIQEeianJGzqPVoZDVOeByxdUs</element22><element23>FztJVTpGVztblyefswpNjXPdflmgQqPtQooEuscmIeWMEkxzCi</element23><element24>LSjNELOeGkpMRcCXVVRKgWZOSKqwFsHoUfWGyDkFyFIwCsGXTE</element24></root>