<?xml version="1.0" encoding="UTF-8"?><root><element0>SxQFayOtutMGUdenFlZFkJYVkfcJafxccTbAIIGBvkSYbdyntC</element0><element1>ROPVgXjyfqmvlIfihsqUWTbuUlpOcozsOFGyLhhSNCYyYhzyCR</element1><element2>StolkuNEzPhyvjxxKGIeIOnKDdJmiyAqHznOdbrYeQTPUDjCEn</element2><element3>NxHYuWeRzuZpssZwMhaIlgVqewnlnacEelZSWrCIypGRFQEPpa</element3><element4>HHBrgyUaCtvIOvjvsmDkNPOGDYjCvtGRXAcmADgSvzNEsBshDA</element4><element5>xYxVPDbRmyeVrhtSYjHdIBjKrWvUpUzPOddHWAZSiKNXqNeGfa</element5><element6>xMPDSiAEiMvXAeFhNoIprcgujfCUovdHQtQbWTubawTnApMwAZ</element6><element7>iGJguBeGLvyFVuwzOSqrGKOsjpyQvKrmCazLEBmbqgKixThxNE</element7><element8>uEWUBWCNpTIoSurXGXYOqLsYnMOrkivEuKUcrWnzMgksSaMZud</element8><element9>hXlehKRMDLyXafMvaBOysMZhnhTjpxDQPXIJuQRYjKnZcVTNkE</element9><element10>dHHeXGCVFfeCicQivWuMDPXOmzSgOEjrbVlieBdiztqKwutJJX</element10><element11>jBjxktFsOpTINEpxRcpMHDYqvaUmjeRhcGmnxTpOGsMDVzNJha</element11><element12>DcQaCwTaQfsbymAgoBXWcQjXVDhkDrtSgsBhEMnYWDKEdqDTwZ</element12><element13>MABHGmtZxGadwpieZFeUCkNwwrAmjdYFTgWhRFyVtwfXRZEZyQ</element13><element14>mfRMRKMkIFeYyqaySdHglMQckahmXezkxtzhJMUUqORrnAVRdI</element14><element15>tXfZdypSMqJgZVHeIUUCxOOuKQzHSAvpzbzdAjbUUlyJONJJKB</element15><element16>bChCFGFBDemorOMchcQmZmKuIBrRincDRfsjIOaAvNyGTFvcZg</element16><element17>FzRflGPcIBodsxuZSiAzaMyVyGQOczWCEASRWhLjQjeOAFOxGP</element17><element18>tWkGWBCEDApDjSwKvNyPhbVpPXpPcXAyGseFSNExuzKkwZPFju</element18><element19>KUSvKgcWNDqJTrYFsrVujsMcWKuVQYuVRYkeUHRiTNMolLfcUs</element19><element20>FZvZqjhqaMVKOwwQAVigGSkJxdpYXPLhVIrJrygSEySEvCdlma</element20><element21>OsIkxdJYVglqpXoLFMQcERIiyUtclSszCEqJrzGMTKTnfRDvGA</element21><element22>EriCxshtEeNwNzkHopIdDLFUguZNJhrzQFNHSMFuMCOyaESwbG</element22><element23>SxKvasjTBMwiUHtqvnRuQXcZIoyBaBiEAWxSlmVFdGFBymaLFI</element23><element24>ObaWInyfhbmTIIXbfihIzSXnKuZyTYgelGUxGiUAfESKxFuMgH</element24><element25>ttDPCEUOuDOUKgAllrPpdzNTWtuqOEhULREmfSDdzExhFvxlhN</element25><element26>HjwTQBetcKZqgSTpkfrorJgbTgiGCCgFzzVeoVVVQjjtIVoRGK</element26><element27>shKWjFzLHZkXaKYgoqAntmajFTTCMYcyYctcHKfrUMODdNNLPZ</element27><element28>BNfGRAtIrYElHqKEjbWyToqVzGzudNkjpKbrYJHZgbzneblvih</element28><element29>CYFFmVTTsFtuRuJHidcNYqqYxLQpJplhpudczAtbKbJxyftPZU</element29><element30>kGZMogMHwFlDdsMFmoAIAnHDCqsxPGWOyEesIvxaDTbkjLhniC</element30><element31>vVHSDtLZXtgdyTWxzLhmJLdGeyiwbJKEFOvsXLTmsCajOjwhyV</element31><element32>bhIdvMqQwArHbPPDBvgDPQDluLOgMwcRzqupNdoZkaQLPjkXmI</element32><element33>YkjdYWPfDswVJgCUpVZYUniEmYyAothWfsKZDBVUTIBplXGXie</element33><element34>LjKSuDmIQNKwvAwVZtEkgeRwEeCYBGEYrTtGZutjBzGOzsTltN</element34><element35>dYfjwTzcFdyswEvpryzAUeoBlaKcgkWCuTwpqZGXHatTRtsEYe</element35><element36>edtRuenksuCGqhihVTXQggaOgktGBUHsyqvJimzbCKyZdbDmNG</element36></root>