<?xml version="1.0" encoding="UTF-8"?><root><element0>VWwPxWvXYyBUELleJeezPuQEdSFyDcMJITThSKTifyTSRYnlay</element0><element1>CnEmALsRJHQkNCwckefUGNportKfrNgkHsBDxZLXmAqAqnFDYX</element1><element2>CNiCuVBLDxsIcqOvixhhYDsJwAEVYWgtUeqocrSexqSJpUfuRp</element2><element3>ryZbSwYjdcqyggtypOeyNUiSxfNcxBJyKxpfHuAxnEDpUeIcnw</element3><element4>UxxSXuOulBCUdhsdmXmSryNxjYiSiPgkdGxnjKpvoXKVAUFLKG</element4><element5>XSvvcldYcrXewjWztnteDtFvWvnIzrJURqJBdNvZtfIZoRJLRt</element5><element6>NYdiiynhRfWuDRyGonskGANvpHDZsSiTmmapHpdMYoVqNexCOU</element6><element7>riweypMOsRDdQQrgcPvkRzLLQMAdfMcmeUEFDxUmjGjsreEKwa</element7><element8>lvTvmFPdOCDuigbaTrJEcfRSXKugVMKdbxZvuVqpqYAsSAmbmR</element8><element9>fFWbUOLYZaDibqGOSXoVkRRunqGKwGbNlKPVqlMpzsGVPoNTxX</element9><element10>lxBDSGQIrezkrCbEMtCGYMSWqXqxaAnVUKuVDYqnCrdOAbyHCJ</element10><element11>sakleNHDDcTIIeQETupgMGNlhYTimigvSujWdzcYsOuXCWMTAP</element11><element12>DRPqwACyduwBXjvkxsBYCAeRdHPqjnsnXrvnCQShaIzTlmIdjp</element12><element13>OOKAiwaoIGtNWDBkEDwJqZENynuyoEmxUvzylIkQGVzGGoQRHg</element13><element14>vtDwXKXuGjuZOGxTcSzYMSQBtVxyLzwRfpLeZFjrYxaYUWAPRt</element14><element15>RJkyahramETlNSEctKmUsnuNRxyxFZBDDAOURPpxruaRmDaAWo</element15><element16>uMzbdYgqvbwjquhxwOXiARoqQhxeOFYwUfzyAAxJqPgxbCkuNA</element16><element17>pzaDtNinVdJNPNRZiSmtwVVrFnoEJJOFNkoTgbGWzaMLBLXehy</element17><element18>rRcQpaJhdVhtjdZXJDsYGiVwuiINYtuYdplpKBkaArqBxKyWYh</element18><element19>cVBDCTdOeOmvwiLPmwiTlEHEjuitjiBnOgcYydOScgwFjtDqZA</element19><element20>YCVChiiBrUrqSlievVMkhVAeumfcBSYsFdTUspGxZXHTNTLWsH</element20><element21>kGPIZtYFVCdNBtSUIHOHqtfHEZvxMIahMTifFaSeRNGEKUVhPQ</element21><element22>KAhVZVXnKQTBNOfEUekrKGXRreZHOGXFQnRBMSmsZtVjFNxxck</element22><element23>iJYjJCLAPICsJCbCONmPlJhhwTkASypMCwUNUKfayrSAsMbVdg</element23><element24>QTeFhZnkUNFCCKHuwVALpufPblNNDGeMfqDpzJdFQIRAEKfPrR</element24><element25>broOCnDwkizDBNxOsBNAPVeXGDclVjSIkmrqOdyRZquhYdyGJQ</element25></root>