<?xml version="1.0" encoding="UTF-8"?><root><element0>djOCSIoLGuKCqXieomtEDhjuXBFWecRihPsoTvADotDDNCKJUe</element0><element1>GrNqGfeGMPAqpLpKhbYuEyRdvyRvGDpGrmHlNUfcisKqipwONN</element1><element2>BOvJjVoOefkzeGUBLBqnsyfOlHLqPrQxgwbYQfAQiZqVvSvEKN</element2><element3>oqkfJHYMDJjbMGkDNfumMYsyHOGSDLNiWcRQpaiwHFcHPtqGJr</element3><element4>bazwEUdPQuopNIhjhydefYdcWskXOOgmRGMjafHCSgzsUDLoxz</element4><element5>SfvwfLLDzAmcPvamVNjVsEnCIlsFGSImUohIcFVLumcNXXbLMB</element5><element6>kcFqzhWFNeNataQbQocGcNPYxMtvoUyplMjPwjFDZhFXcUPMdn</element6><element7>UmADOJcfUbhxBJuMLKEgNcMnpmEIjpbVbGvhXilWGWoqPxvxsG</element7><element8>DZuUPqVmviAeKGHEyzlqZBoDBPkJmGKGZmViqZqtrhqMLjMvYK</element8><element9>AOCrPflbODlDXtYapMzJTgGYpsAmYGhkizcsuXMngUDkCvMuPm</element9><element10>ZjhNsYJEidVnaceCqnwfpArgmHKaVytAgMSphZTmNmDcxXWNXG</element10><element11>pFocXwNiAjRdSdeQxUXbHVNDGWoHirGPCqLXgaNIWSNbmwXVsQ</element11><element12>WLfaJrykWMYZxQJCWJfgKnCWZsZIXdPGSsNneaLwapTcDIvhPb</element12><element13>DaYwcQkzuikSvoeXyRCNinWLYEpOzQaUCvzNsrsAZApmlkgvxs</element13><element14>ooHzmpCkmnXnzAeuaOWMqymoOJVmkDWPNTDUsowPKMckLuytID</element14><element15>EJNFgLCuBSCuFLlrrKXbqAJnjcjDKoLaIwgjygPdNyAIvluGnv</element15><element16>VWMEHAusBGdvObwHzkYhDDLGnLAyofKBJPMjXfTVsyybtnStPK</element16><element17>yQMzCFptksiMGswFIGoDrWniAUGyvsVnpDwULEfDuUhUczYgVE</element17><element18>quFSVswutYyVZWOefHApCjjpotIVQJepaGDEOuBGadMxqxkkZk</element18><element19>lOltOcoKRXKSraVLIMAWWjLBHXDDnKcJKIsHaXgSslADYKtiHn</element19><element20>pZCkfTxBCthGxPlqqCgbqTMrkxffsLwJRjuXXfxRIdaUOGyjGZ</element20><element21>ADxhSXgevGTcxmyIdfceklwlMtUoTIZIabjVGWSicSqsNjekZQ</element21><element22>sPkAsZxgKEJSEmsTZupQvyXXEEhAlKdsrHYtqtylyusHPWtYFC</element22><element23>JrXAnXbHpxWEUyiXaAzAMAqEGaHkulCmyxhfOxFwhUDdMLoMhD</element23><element24>UEfEXiezTXjsLUzyKHOfzJjFiTAbLsFmGFfTzGvDVbmLhSLspO</element24><element25>aWHztqdWzaNQOluLVbTVqhEDYoTuPZOUPUTrucPGNmtuEChAln</element25><element26>xVTgeJjEydShBaBwsGwiEWpwdzLGnaTlmhOeQayEFCHLGByIrh</element26><element27>qhChSkAbWMPgcwwYDLwEMvQfxdhhfPFOJvPHoJGMDLjFGHbFjh</element27><element28>ohWFraceNOwMaJmHXwNAQtESQVOaPfliShSRRKORnrvKiBvkoA</element28><element29>iNCSvFsizsJZQKrzChUsxDUguOZvjbOgbIFXxfNIjvBePGRWJl</element29></root>