<?xml version="1.0" encoding="UTF-8"?><root><element0>lKJGWOaoBouyyYQYfhkCPQGsgjiFgnGjFgtBQjykSyFzsGeaGA</element0><element1>vagROBpupiHLvFXvzHoZCBJzPHwJvnfqBvpNYcIiJGhjoKOGJI</element1><element2>jiBxyOUPetFewolfofwdWGiccGfIbXRyyeLhyzDcUeaPFnPgcM</element2><element3>bCZDuATzDxHxngbKJKrYogPBhQdYcoEuQZgevldwMvjWsASJTH</element3><element4>tNKbvfKUoLUWxBfdEhzzFNSAoFjYuSsghDwGOIuQrzpbHAABcG</element4><element5>TsSZZJfsiSLHJcQVGsWcSUBfqEvmGCmeotvdZPvBBdIpGTiZqb</element5><element6>EwvhFlIbiqmOAMbyvKFwrZplYrUveSsWhJbJcbNcvwckXuVtNU</element6><element7>GWxRsrMOBZINhFRcGbHyOnBVMNzAGjSwLIktfeTbbNvebfDcIK</element7><element8>JHrgUtSEPJbsUOumyCkkVtkvFWCpuzIItNiIfGGYZNjWnxYTLf</element8><element9>bNNWjITpGBUBvNXXMmrBCsaiGtLiyaZcdBdcKrzQZfxSQPnrcl</element9><element10>fCDWmiWHmAWDTqRQztBWibwuGpPnJvGJeViPZyBQSKGdudVaBQ</element10><element11>BkKSZwmmtMyWYymGRAerZvTkOJWFxnegWSzQQeMLdILEkrmTmi</element11><element12>DkbWqGKaFZTxlqfSVGwLXttyRTBUHyuIMmjHXnDvhnNpOKzxYI</element12><element13>gPcVhBTlCFngUSaeOLJgfRjwCieSJBwyilvmSeBvkEIJkWmjXn</element13><element14>CouDTjnWPUbGiAxRgKesamSzQLssUjiHKyOXjroLzTaIVmKwAO</element14><element15>XNGrYfjLdicEtOrDBHbCMlFyLardJiTrRGxRGGHRGArCFKwekm</element15><element16>CepyIISjWnqaereXTsnwINjShUufYptjEKAqpuMgAsvOItiAQe</element16><element17>piFKXQoHKiNAEHjEOeJzifZHwzQCpLxGaiQndeYhbeykPZAFss</element17><element18>iDYlfpnUcYaXczUhIRqBIWKYLzqRSINmJTYPbRiTpxENCKwnqT</element18><element19>wkfkdShOddddnjUXXohoTEoFVkzKvmdyXSuFgwcdhEJmAnLVpp</element19><element20>nWAcZaOfddjfuIqQooyttVwduJDMuyQCyhSeOYFrPuHWWqdgpV</element20><element21>DahoVIgeJPChVHOJvSPYzAmvTztVlWxdgnzqSIDfKPRksVmrQa</element21><element22>ceEDWbpmwnZhMXjkfNsnLnCSLXAVOLtddmJlbqtSZibBNTwUpq</element22><element23>THrxjxxqnLVKqKnSONWMbkxfyjmKeiIFOrMSWIkpiRinpOTMxL</element23></root>