<?xml version="1.0" encoding="UTF-8"?><root><element0>HqNrkPMSJPaCjtkmSkGoFAFpWSqayWWHKDllQwSbEjotUbejFv</element0><element1>URUDOGzxesBuQceoBbTigZtymeGZSdWpvKZkNsahiMbMtoSvlU</element1><element2>NlgzSIrGdwpJVfFQJmgSxwiZntbWSXShycBJHYBiUCVdBMslLH</element2><element3>pmGkdSETGssHQOZwSjRRsiANzMJycMGnVqnsFQgEIjGnsKyUAd</element3><element4>zceUWklYtgrLxsvhgszfgVjxyFuVtZwjltjwTWXhBewafehrti</element4><element5>PpZqNjjngodSGldeOkmQLHbOHCWdhNBVYXAJfxHhbkXifZbMXF</element5><element6>akkXfLOGUxkYRnUOYscBGBzgGvMCDkJWMdIpTwqTgvvvdTeCnU</element6><element7>ekObQdAxvOCbglIKZOcgGDnloAUCCPzvGGmCFUqeBnTREADYgf</element7><element8>ldABMEatpULAaQKDsZjWYdRjGxVtSnidLuqAoNlzKFlLwMIdwX</element8><element9>FpdDceZnKLhLvZWIhNQPLQLeLelVJTDabYikPihYbMUNlRzwkw</element9><element10>lbVqvdlKHVbjDLDfCkFUWRHFLllMSgOkMwvkZQuHBRfMokWYOZ</element10><element11>YWEArMkGwkEPxhZGNXqewxkxJEBAFyLdcpNjQUeOFiuLpgCrGr</element11><element12>zbjemgMSqxDtzaeqCglEIbXVKfKrnJEDDBRfSuTJTrgIQKlJEB</element12><element13>BBCzCtvnYwxKzkkdughpvEGjLAiSAZLJJdzbyiVNkNDmMODbTA</element13><element14>haPswyZDRUKvvFSzTlDZBblPElbMbGXrMHhXmWDgZtZssHHTRl</element14><element15>DgRbOTAOCKJsVGAGRRLYRZglgIYVyROxgpHPvkeYszKQjgacsd</element15><element16>UnCfKPTeWyMcOyHEfwQZjIRxEfNZrQZEePOzuciwRCYWLEyCiB</element16><element17>rKrAVBoxviCcqduheTDReOuctXkLObhURSaNuifsLnfeKutSZb</element17><element18>QqblBVFOzNSFkBMcchMeIhHZBypVNghbycuMBObZmvmAxrMXpR</element18><element19>KzXGKsbjJOAmyCFSuqUbVOpTomLeTxOwmDgZPJMEXCcfFQNPeO</element19><element20>nuFnFcvEoaTlVcrjwDyaKcXfESLiXthSZEwMivLDcbeHlPMGXu</element20><element21>IQzOfjkzzNWNSdCWwfFufUvCFkXhNTEVNKzOxOvGzKInDhHzMj</element21><element22>qFnDsjNzJWubtWhIkiQJujpwcYusBYwYttaaGiuSzlHonwyKWd</element22><element23>JtmKdSKILUdneFcsAUsjoplIOiujBEpDtkzvdugrMAFtUiIaQb</element23><element24>BzxQJzumImdyPBSvzvPHVdoOoKvlPvYPFoRdjhdyzVvtHlibBl</element24><element25>nhWlmJrOnTWeIRIMHmWKueSaxAHtrbBdJyyFxWGbykWCLiFyDq</element25><element26>JUorXPrfKdsxWdOmvKBeSJhnMGDTXCXUgqBgeAtuhAeApxwNbc</element26><element27>xexBebkAsBtMrbmmfJSSFqKUUheCRiSoPLrexOYPewPuAPlyvQ</element27><element28>nfaspsSOXuqoZQPGtouqRiKFGyLZIsfmeWGPqEzhQBYnDeacvj</element28><element29>TSLpouAgsbzrEyndiNlDZgnupYBLkuTIWCUNmKUqWITNTXooHa</element29><element30>MScYuNNQWgwgtWmKTVPpbAgNsAWuWpxFQgKkmaqjFxpaXeJGwU</element30><element31>FfjWgtXoTvsgLncpXZHOyXzTKGJjdySNpyjjjRdrWanTomolVP</element31><element32>plrIiwSnREWOitppgUuZYjExrJxFYyzDCXxWPPtrwWnecxcwVu</element32><element33>aLlRQiTfkHrVupDpuryLcQMAZbjMIZmJKfoTYGxBsKbWMBnjWr</element33></root>