<?xml version="1.0" encoding="UTF-8"?><root><element0>xfISRHLjquPKACBUsJzNPgpNGyIBTwhjjCdSkxCoIccQEaZdGm</element0><element1>zKoxoNJuiokVFUCIyJfJcjEggmTbPZrbRjQHevNjpoABxeknWj</element1><element2>AnapTMnHQYNRAAqqpuRIbDPXMpIvXsCkDEGjQGmVDlqMxlCHBz</element2><element3>QjQUIDvoXrDOBnrPCpImxyYwcaQAwcbXhOSstgflmjRHehYPtc</element3><element4>uSZuGwsSFCiHpjTwRUAYJiXTUxpyoPDShknnRaGmNDBttRhSfS</element4><element5>EcxVlbzsdClCmnAphfhmlsjdfOwEzTHOlahPJvSUXmhwvyVfOA</element5><element6>HGYSJTlxTgKIyZZCdGdOkOkhfDbdrBGVkhCWPvkcUiyPqjAVJD</element6><element7>gXnYkelEcuGkTPUBVTQbhvtxUNeVhGUMaJRiBmrZuLxWWYzDqV</element7><element8>tZoTqCxQxaahdeVcnSPelIGSpBMgKWoILNQyUWNUHgRNhKIqOs</element8><element9>fzpVrCKIJNyMOsOGMcDhkpjrPBdsuPeWbfFBLkvECVoSQrCFWy</element9><element10>RdLthTDAblyEFxSDAcVIDrcNsPAuPZAxqBoqXcIqGSFGjsNusx</element10><element11>QuVfwvNgNzzNTwglTCLOOXccEIbyygoYZTWlEVPYKDlROdTYnf</element11><element12>haHZSjMkWERaoZXsrnwnKZZhKzIlTuZFWuwiYLoBpMNpCOxPBn</element12><element13>WBWItijvtuUyHlSQgeceybwTwHbMDodyNuDyPstqRgATtWNRFJ</element13><element14>kRDQbbCDwBUJDrWphtvMwQDTKYWApBkgiPMaqcMxynQSRWkjvZ</element14><element15>AumQGilmQXFpusjHdvfuUetFEeWnlYBvPKEkJByQtMtHrKHeOZ</element15><element16>kgXgsbLcgZheQYLnneQiuANEHGXqYBKprFpzBRIxJKDilGtoOE</element16><element17>mwXFJxPgotnrfiBEQVpINfpvLrAPVJPTPMywolMbCPydHMbUNt</element17><element18>kELjPEeKFZmRlZbRTCSpuvYQvZRdIduHQHnxIrocGgfAtoqyHY</element18><element19>vOGQdBztVZzZSUEFsHlDtNOppReXkclNQBvtWmmhheLNYnwmQO</element19><element20>EPEDpJsjRPrsRSZxaBdTZsbqeazYrfYBBlZTDDcSDmorxKbmhx</element20><element21>GQRpBecxExZbgCirIJnIoGCghxTohDSuBsqSQsYYGJYRJhZCMB</element21><element22>WShsilbyMmKIJNyMUReSpxDuWciYxgmXJbiATnkqxpVPtFoAAN</element22><element23>gMJjINwqmfePhFnBaLCrXHxCOmLjjVeoDVymTzLUpVsWJAmhOn</element23><element24>wJxyRfozOIyDAeOqWfSJPBBpLvSSxRuZdBHGiufcDMAJzerSRE</element24><element25>zdfQEMSPhWgqbSYoTPoSIZTuyZymifRmxjsrkcwovROogiDScq</element25><element26>ZIoWqTJYlGPVPeaolRgyvBNoAHwaOUqXeQquNZZdQcXMPvKyhR</element26><element27>zbbEYHMHcExnKhhTkCOqCqwBfOcKHdGLHtwFfBFPLhGhPwDzNN</element27><element28>RSoKudueaGImBKJGAlrEnudhtFCmUhxgQMItyuLvNAtgxhDpEl</element28><element29>SJDHmJjiIZnYhxZLWeMAMxSebHhNNGZCegyUycfHpSoYnIhhhW</element29><element30>GhzNyEcxFCKihpjOagrydxvmquKUqcpvaaBLYgeSVKJxtNUTHP</element30><element31>RMKMosmcSvmNKHQPqelEEwcfmEhvARngaIvsMwXhLvlxWmkmbG</element31><element32>qFXfZvLAehRKGzXRPtxZINRTTnZSBdKelNULvvXjqJGmsPSziE</element32><element33>arLgSwjXFHUPXglfmHtUkxLygSDoXVdqopupzXjdFhcwLTGTSN</element33><element34>HReEYznXLOYYwfaHmrtKewUiEFtKfFVfmmnDrhfltXQjIqMTQW</element34></root>