<?xml version="1.0" encoding="UTF-8"?><root><element0>AnAdNhOIvgoqFjIvooFAFXekwIPEoSSfNrWrNejeiafLGWfUPf</element0><element1>LKMDlrUsBSadfetjByUcxyDhDFVkHqdsVQwaZGHsnsPYmcqShZ</element1><element2>IwDvUBobDsgsADQhyjcIcpDYBIUYYvEfrqyGUWqQyMtMSarfTA</element2><element3>wzbztLAwqxqjkHXwSIPiEBcNCehTuDRriUZLABDaXAahnSQEIS</element3><element4>gnGWqPCnShmmbKcYSnKAzCfOHhIGCMDahSHCsmVwZCrUeFunwG</element4><element5>CHNYyHfDkTOZClRShmWmoIZYPhbNIESpPUUFNbvHliMLPXVPfX</element5><element6>KOzYuULHpIZzhGZhlgojsYZUQGarTGioeHQclfWZtJqqhoXHWx</element6><element7>MBtLDgEZGhFrjhAkBfNiWHbMkyazobVWfZuHPFKtbDKQwOjrBI</element7><element8>mIYyxuhuFQBLKfsTBpKwrsoqfuMmVArrmgpcBYReaoxtguxpig</element8><element9>PsVeQrtVpjcQIQILdZXQHxYSpeJljQLGfWIBnOmoyLTrHsRuhi</element9><element10>KXqooUzaaMOBkwwSEhUoiUbNEOjETfooXDetFvtvDkeRUBYfxa</element10><element11>CjjryArBJcfwSfRihdqfhWIihVnsMzSpEDIJtKStpEdDoyBfMX</element11><element12>PORzPohWvmroWMBzYJGpNuhnBrtozPpdXgPqjsXibingkfCZVZ</element12><element13>aqXeYXjpMeJArBEuBJmgFaLDLIJbkYMSgQEvKuDbZTkuYSkuKr</element13><element14>LMgLDEEPOHEUIQPDAYxhKojtnkJzfgGtNYNiCRcXrBbiLpWRhQ</element14><element15>UqfuPdouAmtXHTMYyXIYlDxMUBFwAynWPNeUGWrYHAaAfnZzEx</element15><element16>CPwuDjbRjOACgpMRBZdpuEEMJiowCJiVVjPOPilluczEfivYPe</element16><element17>XDEeQaMysUZrELHjmzCnJlxCnTWweFrTjqEjUeotpZKHyQmQAR</element17><element18>GWZMTwBGQxRAqMFNpsDsYhmsAjuBEADKnwgwnhVGkTYNAAxJQk</element18><element19>PhOfDomhEzNjTxXmVwlMnTPduVnhhvanMWHEAxUYXruhjJlRDL</element19><element20>yMirHmRgBJdzFmUlKRpAKoDRcbwjiXNoniqqpYfzBNLqfCIBNt</element20><element21>mdHLATjmmMhPUBgzSJuLyHUROwMGnMiJphDkpQArCBIkasKjYZ</element21><element22>JyKpSWafsGjiGFyfRaXWDxyKHhuVmGKAiRKumXOTagrxcTCXpw</element22><element23>kMIoptTlzusEkRrrPZjEPyozrBLrHtXlqYrwxIyaaJMQppkXqj</element23><element24>LTIZIWPcrZgCVBaDNEetAUEjlDMoKTrYBGVGpmqWzraZozoELC</element24><element25>ayjhsGoUGRjZczWzPdduBflbhFxIjrvoeSoTdntcbDLIeQWKot</element25><element26>YmlXlyImyckgTPqbMJFhbXBapPQTnWlGozBGXdegJJLZvbNDfZ</element26><element27>JEOiRIBLFfbNMIkavVqScnhPrcSCVARKpFGBQQodytviJldwDN</element27><element28>KkpwlRsvbICoogEGWpaJQOuwPRaDXNfLRPMeKBKlbOVciiIEXa</element28><element29>VpImAVPXaCKOKqQMDhiGKmjJwQikcrvZlNuvISlkUNSJXkKfWn</element29><element30>dEtrNTZPjLmmzyPgGOBpBpaaeFYTiuSgEeXITSqtQovvmFOcDQ</element30><element31>TppJOIXReiWxLTxDRkjHVQANgyCAcJiKNSRdwIOkQMVdjXPYeq</element31><element32>OpHoHcZSYilUZNbeQdttHWaWGRIUCqcdOosPMJoDUatCjRvoWW</element32></root>