<?xml version="1.0" encoding="UTF-8"?><root><element0>SJBTqUkfBbUNcMByrmAQxvjLqNottagRqmORJMRpMfmMkKlAbd</element0><element1>lKEDyNbFgcZAHXgOSUCHQrDrClcVzfyVYhpqlbGNCkFcHoCWrr</element1><element2>QFhRbSUZvTCiTRShGCoyUVOfULBBInrMvwxgXTbBhbnAUOPcGT</element2><element3>OvArAZWAGWWYRWsjLSlKmTXglFZtFOmXTyaiodSbPFxwzDZVaw</element3><element4>lVLAdSzYFlmLStmCAcJPenuVtjKCNXDVWFLHEkiCLQTDgvmHqA</element4><element5>YVPKjuzoksalovpgaameMhZUFGBjGbERDFYSkAGgdYZYOgWicE</element5><element6>ceRALrKczcxSAHcReqtmwgpIDpxIfOVqADzuwqSiIfsJzQHRLJ</element6><element7>cuSASOjnqBszHeaUDeWeesZuyHjXwvMGuShrnZkUTnuLLCuTSa</element7><element8>KVRLREZIlpKnDcZygDxMApjOPOdbsUBqoYcSrOtCEGPONboMwg</element8><element9>vtewclfPfzDVZmpCIZHlJHvOnJTRbMZSoeXRNUMUUlzojopjbV</element9><element10>iVohhtDsmdQXaLhqycMHVVkYOzpIuRYoNryghhZfXFjZctugPe</element10><element11>AOodqzaxEsGnaLavcEaeBNRqpagyFqGIDdfKEBXkYfZOqwlauk</element11><element12>LppznkkngZtoVwFqkrwYZwzistZPLqhzOiDnwIvJuSRwJGutll</element12><element13>BEwjBIpgFkPTlqJsSKfNMqIGiVVyfhGapzKyJYdzDhbOlyHxnu</element13><element14>lEPIVJOzHEqJmjXTQsUwdBuhfKRFvnmKEmjrlRFtWrFwPQOiNU</element14><element15>qnAMLNaGwGkmneNvdOgNgdKjChVMZBBBZmzxtyZZyJGqtzFKII</element15></root>