<?xml version="1.0" encoding="UTF-8"?><root><element0>CDTzSNSAntMnYjvUDiNitMDUbqoJfnScnqLzuhsKqGCKpKWgNO</element0><element1>jdrQJiTZPHBTbNLbQOelqYsBODlfLWmrpZjccUhYrXsWrefxwn</element1><element2>aDrsXAKZmkyEyWpRqFVoOeyYoxLuoLoRcOxvigHcShqqgeoLlp</element2><element3>VqPNJBVJQdozRtBjibRunKyhmwxHoakMDzXYQpybxbTpaccEll</element3><element4>VzscmuzCGagthlnwFimPamFrSxptWtpggtjklmIokdHPRGiffV</element4><element5>EGLfkvkGvpgLGrCJQctbgvBHqKxNBkZlZgeHFTtVUpjdFCnwsH</element5><element6>FNqQSssFBILWoBldyTbzJUrYgVvCYbKgAxkEczPRYBmvpiBDOv</element6><element7>IpVkjDqmOJxiFCXpdROOofWUvdajrKCFIVHCKqMQOTavjkfXMo</element7><element8>zjGbCOjvJvZmZPdjrTLDbCAkCUnlGVTTxTmNaiEUVfSSpAWXjH</element8><element9>VLuvnVUtlXTgTgNukVHbPGZKDCLWkagUePeXpfTPiMYWkNEAjK</element9><element10>uegEtFRrGZZtDYGtkbWusuWPARNevmvnUUlTnRxUxZrpHCTLCX</element10><element11>wIYTCRvAxHIhkDXJjHdIWQWswQDUZxBvEAVjEZNvvhrNbymwmW</element11><element12>ZOoaYdSqORHRvcnfznRSILtMRlBuzhXzetGkdGaNOIbLRJLRNh</element12><element13>OTAONBvYMNIRtdTaSSoewegUOoLVVwluuCOdpvTdcfJYWzQEZN</element13><element14>GnuGYQKImwyEVDiPuvHIRvtXPIbpedleZBxrnomhhlLsHAjhIu</element14><element15>uaHyjqzEqMqKhoDVktFAOXaUaUfztbUtdvqkazuzyknleyeiTB</element15><element16>XRUHTQKGHsRmHREoExFrTYBBXAnVeKFEXXihSMufwaLwUNmGGy</element16><element17>KdvyOXvjMflEqFyqTmqolKGaFexmbYxzcKkKqyCorDdsHoNWIx</element17><element18>mGybqHrbRzFfPZVWduKPczEbazdSxYNEtSmsooMdDtrMsJzjNb</element18><element19>hUQCozjUDsnlEDFIlsRJMsWZTrZQBnyLdntBdGqGmUDBJCBHyo</element19><element20>pmLGajIfrMCcUXeerRCaDHSTJOyyFWWPkokMDNWFudrPaOmvOj</element20><element21>HjMhxlmNvtAArfXWpPvsdqgEWRRdbEmauOcponmbsZcMkIKfZc</element21><element22>GpUmcNvYwvtmgvQHFaWjiOvFpxsIVqLwOpVRZDLQDLXEEJlJKO</element22><element23>immGaSsKgfQZduHtEDvuCmqjwkHznBvddwNjbFLOBmAaJYjlsM</element23><element24>dLaHsFaRWryxWzYGAJvqUwZOAVviiXLlDxkKfHFZivTqaZLZCe</element24><element25>sBVSSZHybybLtNNidlgMlPJlfrqgTpaDJqhdDLZXGlNhjvoGFm</element25><element26>niKugnwemMuTLVsPNVAehunbPwJtzdhFsZgjlPveOmodRUwVhh</element26><element27>QSzmlSGfojIhmscPxhszCDWPiAfMCbIfAMjQKQEEnHzBgIVzvT</element27><element28>SvgUTeeiCxHEeDYVXiKfLcyHZcWTBlkiJZNdKuSfWFqzbqVSgN</element28><element29>odGwCxcTVbbsGmMqFdagTQIuIxVQyxolPefiYuRprnkDbrxnUZ</element29><element30>RWpGMgPgxYjBDxwEiSOoRKAhmhxTmmDorlFkDShJPCGcBTPccY</element30><element31>dWqDUOkYhMGVERDmYJIrJUJjpbIHtbPnjftPxDUclARaFkRXgv</element31></root>