<?xml version="1.0" encoding="UTF-8"?><root><element0>ynIamNfforuJkJvPXlJIZqBVINFrOieqVmgAQGWPJtALVEHfzI</element0><element1>OoLZrWCFtzLUxdykiIKJRBwdOdDefSRzTeDRTNSjqjBzzpFgix</element1><element2>LhYJVajgvhVIvYCAIxNqDOnFZICrCilOKjHCQORrcKALDMUbFw</element2><element3>CwfVFBVAcvSeTeTkDwUecwVFxSRYjuYNRuxhmXFpEsAVnQCcYS</element3><element4>HPMvnUmPnHhfiTcMlQPIjASjzwtYbEVxoMLqOpTkzVjpnUCpWj</element4><element5>AyPuveUSimWWtulbtjyuKsyVkCprSDnNlHenethmkSMDRpQmli</element5><element6>DiDUWbQRTXEfsmcivHAkLTjaSzYsYJZWlLrFgbCXPVTMWRdmsO</element6><element7>ttxcrdOYqzLEpTSIIHKDIrqSWhvpejsEgIWlVXUNZAlFKkDWqa</element7><element8>haPRhSzOfRCchMgKwMhHlUAvvVKjJotJYHPMgkblSJFEpyHpDf</element8><element9>rWLhEOwESyjFNNFwfWzxeyghgrRTljRbYDQTtBoEceRNgjgSai</element9><element10>qhQjvXkzErVYNzlhbERDjaTMGahJriMgFSjlVtAFvMaLeDPwyz</element10><element11>qCofvaREfkSvYkZkUurxNXrrwdXvmJhMEkaTHrgNHVFbjyymGz</element11><element12>qIAtKEeZJUnNsMYiByELNhoCdygqsygAZBJPwgguLXimJlEbYt</element12><element13>qoUJVhejZDipRFbUlDJGjDaQzGkSEnXsHEDeHaLBJXKxiZWKfx</element13><element14>AnxnmoOfkEhcXkfHXHjuxsuKgGrXjgqibHKBVFAahmXGjQhHEP</element14><element15>lfxSiTBRNIlxkvWSZEeLPJQVBdEWdBgHzMRtFDyGwDoGSyeCZI</element15><element16>wuAYmgRBdvErzLdjOQQVxkuUbWwnjOvhiceqvntxoMUjVuRKZb</element16><element17>zXZvuOXDMXyhimHUeaMZTPkCdZgnDdniiavIAagRACbgTQRXQJ</element17><element18>XunvEyIeIifjAuVIZMKOnAbgyrKyzVZXKiHgEiiocHERblojdY</element18><element19>vCNGdRnsZXkBfkCAkdjrOekWemsLoGaAAHnPxzoxbYvfVSNnqG</element19><element20>DFCupLSdtHTeShYtXYalyZhCHbgNlZrONsKjwMmVizmqjwtZLg</element20><element21>UgbZbwbASSvFNPdbIxWSfUsSpgljgEosmlDvYYqaUgMyzYKoqp</element21><element22>TgiYXrebGbgtUchgbWJceYdBGRaZIMqhecCysAzNpVzGzpTqEx</element22><element23>WKNQNuEatjvleDZnQKMIkQUiaTZgFyVjxDUOLGmBAKvSaqpEVg</element23><element24>MLgQtXCUlgBtVWGzTYcMrAmZqqQERQWmyJWHxRbRsXIclbmHuK</element24><element25>nFjVUsbtZWLSEzXSGDXIMDmLfshHinEmuwfjwkjtSObTGWMZvV</element25><element26>awMzOUZNwtbCHNPiPbpJfPVDpxcLJmAMxyhfIqTilhDZToKqBs</element26><element27>qbQkZHrVvigLNRBbqXzROgdooZgguZrDpNLwejnaXTheySKeuA</element27><element28>bJnyeaDXPwvzrPhqwZugtvRMxtmYoYXdHBMywSRvkjbxDoEeVC</element28><element29>qsrcSMhyCuOlyylOOUzRxampcsWElBocopJiLNqalmfKqSTbNy</element29><element30>HsJqYaOzRIVrWacgpmTgqAkQcfnuexckvUhmveRHcIkjxLGolY</element30><element31>BOktvhGxTcgNvuutsBMsZyorIyraaDOgXUMWNTGpovMadaUTrM</element31><element32>tEUDTldBhNLlkEsISwktSjmgzWtmWHRrqXXvkKEJSZraEUUSDG</element32><element33>uEXXBcnZNGiuyYVcthjDxENmeruLJWSsCMurNLNpCbEaqudoyT</element33><element34>VQZlvNUfnjfEDmahXUznUEFIIiHCKpjGuXsxrDurPzCfeGveKu</element34><element35>jfwdkdUmjVfuEgEcjeOipxeKZDOzwacBHeNUWlLXuoptXrxiQe</element35><element36>JKkAayqudLpaOwaUDmxdzAnoyrtAeQAeBUiTynpQGeqElSpigK</element36><element37>oGYKnZQSInSFuGcndEHthCFLvbiZfKXNyrHAvlwpaaNCwzxPMU</element37><element38>aaysrppdbpjQqyUHIXBNflmkyHmxPoVJjKNlfWbBNmTyBTXgCy</element38><element39>GGKgZqrRuPqFbNceOOKeVucnKudmquBUCCsdZlgazrnyGRosgF</element39><element40>WXoFGPcHbDHHGhmZsPsuivSJfdOaOiurHtJOzhyhpWncWMHHJp</element40><element41>gYahNtuPuhQvVpkykCYLXJuutcHqXyfKLToqCvCEFnmCCLduQF</element41><element42>jvdbOVOxxhLCZCUNwvNiauPeXlGmcPqBYWtYkFsPpnPgZjgBCT</element42></root>