<?xml version="1.0" encoding="UTF-8"?><root><element0>udOdTckWChmIzgVsJeEGIzXbpHSmNFBTeUTPrgeoZIHCbEIOTC</element0><element1>nWMMscsDOGuqKqAqfqtzKCOcfTHhrFgpGUjhBwdUhGrvhizGgc</element1><element2>XvlVJZimzxUiCZYtRNTzSYTkejANCblqjVIplMsJVYeJnjSALv</element2><element3>AwQMukVGfholnGyzGrPkaQDXWyNBYCBbLJsjodjHtwyEWYUGaE</element3><element4>kJzOHAEwWkNdpUAnsMamWkeeHFsygdwGEQOTqFvcDlSbFwZhDA</element4><element5>inzSZXjdZtRRGlRYzNWMXIZFQJpbJmLwAWJRxSWXfEUsfkCwPA</element5><element6>PnZMmFOEZGmbiNdsfpMYoeEvCcSrrtSsTuzRlUDxvfxpzWYoQa</element6><element7>gnmDqriXtlqJhIWlZBJZJuBgnbhtnLYEwKxwGdlLsteEUmBVXW</element7><element8>TtKMVfgqTbTuSexdLtbWRMQPWcySkSBLnLPrOyoPDiNocIlIQI</element8><element9>bnKFKKaQLUBXwHxystAlnoyZYGUrxyEZmTDMATLnhoBqaGErEg</element9><element10>lxfqDKKRYmqZIvqJNnmFxPVtqIOlPFKfMbSWSMvRcqiIbiPHXk</element10><element11>rQudMMLzurYCViInocuEfvymzWSENHkWZDsTErNDjgeZWEbIOA</element11><element12>tlloxYKFkWUYbgHgBtMRBxOIMJhoxEFdCDTtEgVRCtFGJzwrso</element12><element13>mkSNFdtFmKmoCQWHUAGhDqdzLvZhIJtnVnnyIcixdsJnAkfEHW</element13><element14>OcKJDneyPFshcHeVINByvHXFKyQLUdBnTwwlNeunnPtUHmHwMa</element14><element15>uhTLrbZYzLbqKonTUCDnERvtthPdQpFhOhtFYshsJRsQovLcvW</element15><element16>PmIXjzshWjpnHhHcNFYTgawYWFxviWmsfElZUThtsjEkhMXhOG</element16><element17>bkuhKKqrCugcyLFgaWzCPiqzUlFbMKiIAkyxaNXfFjAUKFUmYM</element17><element18>sSOwbkeQZKHwdGmrlnqvKmztliqNpkZQiYIltKNlKVIsLTBwie</element18><element19>voJSOWewelmvKNICORbLofTqrzeWCJlHFzXaOvzzxxvtKjJYQp</element19><element20>kpwKzzOcliioumFiSUFGWtbqajirGnFYSOkjymkWoCnNEhXkcq</element20><element21>faWwWJjGGzyBpWEePraYECQcVKySfEzdfvWzklasNpGeJgycTq</element21><element22>JNznTDGlBxrKrHJQcqIHFvcPleIeDewuHKoXNCXKJXBGaTqfbB</element22></root>