<?xml version="1.0" encoding="UTF-8"?><root><element0>KjpEDUfkXjYzkWIpWvaujLUZRDuwlXeyytOVQauYPefplUqGDy</element0><element1>rFPfLTQArGmODIoVdbnsilRyGvnfKFQaaRRybasIorfqKAXnPI</element1><element2>xuKZEXtujFvbwxUXiVMzPQCuBrsDsIYukBwnOshRGVlpLjnAuL</element2><element3>SELnlCNsixbQorIyNQCkBmvvYNvZrzegayBokCvRuwxsqKKOhE</element3><element4>sotyvGJTOSxmLxOtRuuYcSuVFTxTPXsNNRmdfYRtvhEgOHYEHN</element4><element5>QadAzwFzmwGVjDAWEGunKHugPrnZMBhnsHZvWCgoimMBDDLydR</element5><element6>WUmUVbAFIuPtAsoTKFeFEwhRHjxsSgrxEEgVtcpZoEFFksUwdA</element6><element7>sHoklTMOlCXPGvTnUpGzKdyTiCWLnmtXrdGAVblbfgNcFzRVIB</element7><element8>wpjlzrZhebfEBAvcgceIQFgGYsGQSSOMMLUjOElcQtRrZQvHGq</element8><element9>cncLosTrLSeUDDqDLIVVwrISLMDHoLDLIjSHKGdzYUmEIYRbow</element9><element10>jKeGJSrtUOyfqDCBzZBwQoWNyWBAVucOREziyYmgFETObXSsBA</element10><element11>NaxvrBezwfPJVVWUVdwDqEarrtMbcgoNsHQtGpMuBQyFNkaxTT</element11><element12>PKkXpkpiudZXYPqcaUsZKiFmcQaNQhDDTQdXbdxSMbmVIUNYER</element12><element13>LPJmoaXLGsRPFzRjeDrEIUVWbtTKnTxdUyvVKEaAXSqXXmZMCH</element13><element14>OEJYTNMdqBYLZJZBcDBrurxTDahBDgYwNLbyPhZjdPaInUKEBr</element14><element15>hZVznjxVeKpSFFAepisTciywBtnvFCRTWiLXFhrXilCMnLXZja</element15><element16>cYDjcPoaWrwGPEBdYgTmMIEGoxMTkiVScdvbHIzyVtZwUWZROE</element16><element17>XjvEpeNUiMqqQxAxhTTvaPvrVlTdiCqZnaZxxlicDSrVRTTyKN</element17><element18>PgZJRyXbUBAdiNwxyRenaKkJnHObcVpAkGfavNuGLTtOlezWXJ</element18><element19>ygKsHVVtMfdxRDsfMmYeLMHxtWjKwtUUeATxBgExUuzHmkPrBD</element19><element20>xLXLNmQIhyAJdEfcrNdQxQDWbOdxTwwUZVADkCouxwZKnnmGeH</element20><element21>HikQWUcBBiSoSTJkRXLCzUYDgsspcpEvilciGCWTKxAIKHZjfi</element21><element22>IqgjrUKEYhJrGXlPqIkDcKwMsTGvFQAKsQJWaWWRMuEknhWhft</element22><element23>jWjBcdgLmEKhSEnbJvzZxRApPekZYGiEQqomExciQKWoZScUor</element23><element24>oTQLPBlxdoWSrfdBdieEwMthFSKymtgrDcZuASqlrAXlxDPJfT</element24><element25>EbNgugpJfDetosYlSlxAugnOGXONOQbgvuCuSkDDmcJMeOZWtn</element25><element26>EaybycLBriwOZdPheyweIPLFsErIzpciMBlAVijHzQELaWSgcA</element26><element27>lmNSzBxbXdQvoYPHGTIDtbiqdRBPlPNPttnrxcszwetLlZWXgN</element27><element28>vJTVrsCoLgMYDECimmeQwlcsEeOtlKMeVsgnFYTObPzJVIGslm</element28><element29>AfAGhZBLieFbOwLECXiCOGZIPOVZeeXAGNevkGeyJuBSZHhYnF</element29></root>