<?xml version="1.0" encoding="UTF-8"?><root><element0>CbbqAJgtjzMcJOidCIyZwLqOhrtirHEAaOeOAUzhhkVtzsCfDt</element0><element1>eohQwTvRrKxKCjENIWFSgdZXqUVUzinkzKBqfbIQjvAGsjPWFk</element1><element2>QfaMXHeNDfCJAKUHVQXNukwBzJzYiVjWlKUdtBfqyeWJXnzFmh</element2><element3>lMfyjyKJKbdczCOzPAduYnVjeJqhZFEbTCMlhBijOvVTejYint</element3><element4>rTpAQIxUQluRtRZBBHiocMTtqkmYWbQjFmaJJZUZDxQTmLGgLL</element4><element5>qrGQqhxYIYexMGoOdhNOetUTEoDovlZJQffEsfIwPIXevaIoQZ</element5><element6>jZIiCZcTuwIQOmwBwSsSyOrzoRhJzSyOuKxbeTsetUFLEzEeJB</element6><element7>TLpAYDXRHeiGLTTmrlnmEnvDrLUWDStMIAUsatIRjfEdrJcTPk</element7><element8>jcDmjLzgtljrWjQtNTFlervLkBBaLXAyyBGSljPdeSJkNKgzoj</element8><element9>mXUGNzlpskAItaIvtOHWEZUzFtnBHtMmCVdhjcTnmmmwAgAKmq</element9><element10>lQpSNLheLtBvLZHqCoXSCWdOcFTJCBNhTSPlUsVQVmIaYjyGIG</element10><element11>tQxwtLshlpfcYlKqsqtCSDIjFDywIyEPNaDCFimPxuVMVmNkFw</element11><element12>aBtiQyobxJcJbJhMFAGgwWOhSqWWykbxLLcQFYPjdfkRvOJOSn</element12><element13>hwgkkDUWfHQztUGkkwJrzgjzHMhznidHOGzuORMyLNzIALcSMz</element13><element14>lHJLYvzVVTwkTtGCexaDQqwWwjqzdQUqKkcHWREHPlXMCnnNsX</element14><element15>zWJmKVoyMyhUqdSUyixSgndWqSurynzMpTeoxaTcBwYUgMQNmE</element15><element16>pTuZtdhGFRIoqoRmFhrYWOENRYGBbAOOkBlygkZxAdnWqDZrMC</element16><element17>iGbQFdFwiEDzkZPWUWwcvixyQBrAyKyJxqTHFLDCbocPlcpFbN</element17><element18>zEzFRggflefwkcOnxfhNZTVrpomSdOPyupXokPWffqZeBeJWfV</element18><element19>XuPGilQKincIFYljwyGSuEaTNLXxBkASIVEAfiopaGVisjvYxU</element19><element20>JxUnlzqQXCsojMhALCaieCGBOadqtEeidJTwuzJsTovFBcMgBP</element20><element21>ZTajOOWDhFMHGPqeuHENnXBKLzvLXsNyPtNaDvWvFKaxaWlJBn</element21><element22>sxTJBWhiPHsvJqkaaGnvGrAFSdXqyFpNdtzgbmvTyMjqWFjRsk</element22><element23>xWeJrAVqxBtGpIFFbFAFisBIqnTDyCCpniVjNyxDrapjbXzyzx</element23><element24>BtfqyXFZtyNYyEHbKWsNrTDbYEtPBHYavfIOLoxYdTYQREBllD</element24><element25>aXluDAEUBMoICwngBHUGZlDFEOVuBkMLGevgkRqAxRIkTWrMkh</element25><element26>tBxlewUssTtogZKmmXFWiBmASoOSwTypBTbTCdOSEwvORsPTHH</element26><element27>zDKhnFYUbKaMdInyQSpRlpGBnZOcRkMzuMMeicYVSPRoAUGejJ</element27><element28>IBGvLDeraVpIjIFYlJssLgAYPnrzvaELhroeepNtKYRTguFHXv</element28><element29>cCHaItlHKlvZGuWMtKBtkzJQOUtqVaNWecdsSozwTLDdizkcNr</element29><element30>lHUwLjWocbYQeoIdWGscFBWLyZgtyHToqcYoyCvnzuHyUxxNDL</element30><element31>EuwfIDfqaDYWnHYbySDoJCEcEOYoJiZvmMBNSVVeKtXgYjiOzl</element31><element32>wslcxQlDpMvmwFscatmFANOjZRGHlHgGggyjmEoDSLpDFoWvzO</element32><element33>KgyybcGUXZBHhbUSvdSdGbbMJcpvpNPwBrTPDxigzTHjxlMKsF</element33><element34>iwPDfELrnMldKLeoJceoKkSrPtINHgjvdagCpqgOPRWrHtkaXS</element34><element35>vfzjofRRTJKlBxiDGaerBbRtluzYhOwRYFeOCmNZQKNweswLim</element35><element36>IPMJkjSKCrlNvZbLMETfvcyvDphEmJdZQiduBDUfZzVOuTsono</element36><element37>qzqteGcChgxUvUXWyjnFgRSdGyjdJWpcFrzzeOTIAdPAqDIHra</element37><element38>bcVPLFyzLDMGtzbRyGHXqhxClJbtGoNGzQgKtZuAjczkrjglJk</element38><element39>dQlIusaPSJiNlefxofTmSHygPnpMWMroahkpYBQXyNyPGSvVyf</element39><element40>DrGqRSLdqIJvhfFKWGDviTKPaYZBFmCOJmnViDhVGioRXKjTjB</element40><element41>vdXpSvjJMzZldOLsZshcMKyzymSlagSPeMTqOnXYdIgBvzZgvg</element41><element42>IcTFSItNRInVKzKBckOptYTFsPkrMpVOZAqlcAIQWupLpIXIfw</element42><element43>ygTtviYXquDGAZFhoLSpnEIdTdohKvVybIevkKtyXUDwuzzYzi</element43><element44>qdEXIYasYFqPGvjTVsxKRDZzfGMjweOsGYxWrgcBahnfUNvWVM</element44><element45>WWJStlKbbGnEOEXynJVYDNKzeWUwheZzQxRpRNZPwWpWSzZuoq</element45><element46>SamqZboGwOuWwvlEbxXCnLwnoRChUyQMWxtGuLlQLmcXRoiwRX</element46></root>