<?xml version="1.0" encoding="UTF-8"?><root><element0>qSZiHTLcgjCEojPERpDaZVYHxGPBQoKINjobFUlpuUjQRbIyOA</element0><element1>mKxwcjvMTxiBxBegLLWpziysdAGrAisZFArTRHoEkyxYDerRFe</element1><element2>EIGVPUBKsoDvpXQMAssQOboDGZtNFDzSYrConCAWuMdWDELvgu</element2><element3>NgakyMKZsSIloPudNVifromsztrrZhgTvVPovwGXJXrjYCdNCW</element3><element4>XOiMtKWhHzwoahdOIbUAZFjNKODoRUXfNZNFVDaVyFTOfxdPQw</element4><element5>EOWgQEzjPPNSTkfrSiPSdEyddthMNYdhZkIiCFBhmIOsZRaSWE</element5><element6>MrITiTqQEWsjuejeVzXjVsMCwlhRefAGgnzuQZjaQJkKDcNcHx</element6><element7>hhRVsOrhLutaMdEXDUxwzxntZCszBltRNuyKoTackHoJmNLpSN</element7><element8>PXvxwquTyFTYpFJkpeTzocRXTwPAdCcVxLwgNDpZZflIKiJDEE</element8><element9>auxbjhEBzmbRodcKvnuBphThbPJjLHSSvjmOTaFCCcDVrhaeyS</element9><element10>YCZriHuJTtArtMPdFYwuwGwHWNMojDRCgPAIakDAvqJlfPSZag</element10><element11>EwgJprBJleADpLFNKPssOXeqQHGoYGPhJPUEYBGYJHYyjJCVqe</element11><element12>AQlUNNzvrjtJmowzVOQukgGNOdKagfdEJHliHfmaSXZiPsJFXk</element12><element13>TAyuqvHaZImazFggYVjNcBMIlHyJXvWWizvEstlkZpnArbJCrY</element13><element14>qrxgQFPgRqddJBWIrYkdABTHcXXAQFKwuMgLMQyaUqWYCtlGwQ</element14><element15>ONRZLrNpmVwERmBwUNeqBNDgfwrIvGOkfvkiTWUSwUxrMPJniG</element15><element16>IzIDCeDYVCoPyARSpfhOEnlbUypeRTyGlHkVQRbxgCNUZlZdvm</element16><element17>fROGymAFHJRUCHlEAvEDOlJjmlkmiFiPkRjHEluKGOzrDNhJOi</element17><element18>TyYDEJwZgEdEYazEAadsiunZfWCXUOxqswxWKzfwtVrnzkvEKj</element18><element19>JjnvbbidCNhxctOWUVuTfXjHnIEpwYyihIBVXgaCjaCAsOPYfj</element19></root>