<?xml version="1.0" encoding="UTF-8"?><root><element0>dxEIRLWiReAGCBGdMsBxLMRhaxCzcWqbsIzvMEuFSNaZLquGSk</element0><element1>WBfxwkimveqKsyGgpPlbCdmsFxJHBAntAnFYQjIgNHyeeCJQFP</element1><element2>RdrwQvWOmlmvQBnKhrcebcQHHZrsJZOITJFksGfYkQLPrdXstp</element2><element3>mkvERoRsrnqGpTQMmHVJydRFJTUkQCpSuYahPqzCVOYGpcYEoo</element3><element4>WWabUGrfYNpUcaTZFdsyCckjeCtivjrlYnYxmuQmxOZSPHnGzn</element4><element5>iWwKBSwtMYIZvNiLzGKLbqGwgPHRVbJMRhpBaKYgPGGxAXPght</element5><element6>kSqyIPrNPvCZwQOXuGoHhUFDFJAajMVSHEphjCJIaCFPkcOIxH</element6><element7>JCsBmYfwPVwbfMERfrnDLfOSSMuDpRLBBMeYwyoLSalmDmuCKV</element7><element8>ErHzkGlbpfMpDnKwUAsTNccVqCelXwZjNaLqEMNCcFUiOmYylA</element8><element9>qZxukHRWZnrlDfVoYyuEwUVqmYaohMHvBSOQDbwfWJQdtCLkcg</element9><element10>EKcVlVufDyMJxThURGDeBZhJOSryfjESFHuveTIFHFetTBKxua</element10><element11>vSYYGadwmuZqsQoqhtqMpMvVjstZsYnzRscBAZWUbetJgTqLny</element11><element12>dmIZPbvHIpXDtxyXmRsBEXvwBesQxyXYXUuYTRZtHoLSOxEkfL</element12><element13>CGvSvYAEboLFDxJKimvfvTrtLmgfKWMYCWrInEPWiejFFrihRn</element13><element14>hWZfFCTYfjbZrrDkFGwlMwldhVyHrHLVAIOcaxjsHslsaVGItt</element14><element15>GVzgKcxPsReKCLtWCdEtbgKjGBiQmhfPEocUxBpzPVyiSNQBxP</element15><element16>ehpcNytkmGpXFgjcvlLnepCIvaUqdYJYDTKajTbaFcLeRtJNCz</element16><element17>MIcHfAWyGrZwMehJQUOytIZsvQnNlShtNjnTIqnyBljeBmgaXp</element17><element18>cWqZeYxXmAzFJfgqUhwfMcJNyGMFsNbZRJVIahLXsjxOvzTcFx</element18><element19>SWWCsZpdjeCMLwmLzcETyTmDCwOUNeXpINHOSpJZMbnKFliDLw</element19><element20>GpnZHQjROtLmOqkdbVNsxSuOWwtndbizZgJmpgySgUAVjGCyEn</element20><element21>ZCoVrPOrbSRcSSOigrBpnfYndZDvgSWzeZwFZxsDsAJUlpMrYJ</element21><element22>XgRIRhxtzTDPBunoXxYiGSgplPoSLsIwHeEovRPlSJLrqdRGxE</element22><element23>TwMMtiEkFAzqEEnUnJDKddMVYrvdpedhePyVepPqahxqcuPqWw</element23><element24>VGFChbFuZSJoLoLbTVGIUqYGSukvUwhSVhWrtNnBJJHKMONqrJ</element24><element25>QAwQCyaBcXyhRuIaEKxrxrtptotAEXYQuMQEzyVyqMTIQIwDKP</element25><element26>eIrfwsNaLFmQVxTKFxzGhMwJoOWqGrmnWTwEROEKqsrPcLlNBt</element26><element27>YBxXUqOiRabUADzCHAHykmOcogjVrkaMwZWdsITOYrLBbkYyHC</element27><element28>fdbrefSnWPKcbsYJdCZAgouwFiLYCYRlGBZkjEdFAxcfPFsHoO</element28><element29>pMzattflDYFiRIxQRxjToXgcPwLkedLksMmQjFxbqRpIAwRJtX</element29><element30>VIdyZecyOVLevlsBdctTKisAGxUBigsoXzYQynAMgKqKgPCgqA</element30><element31>OfJvaXeByiYHPoaFyWUmTWNFcRYmKpIEHPImEeSVYauGWeGNAc</element31><element32>JPhDZOSwkjiNAegRXLeuwKvgjmOFYCdVlipfpoluOAeMkKYPsP</element32><element33>QXVVNUBUQnKQSLTKmXFWuXDRGhCyLCUhruULoFcdCIBEjAlWQR</element33><element34>wgfAXLwZDKvTXzqChYFDZGyFaNlKVuEsPGwVbKuJpfRsPUXLru</element34><element35>cQGzUegmVHdOchOLrQTlduJNUfpNFVQCgPuSsHFlchRcmwwipd</element35><element36>cKmdIImFdFpMGLeUrKGisMFroPLAWLepxXPLcSljroDgDbCYse</element36><element37>zjBToeZkaivByycYQMUcLkQiEOwOwvLjRnECJnpBPkxQFCzgqn</element37><element38>NzjOyTVCIkzaXkeYzIawdnyduQPDTsOtVtwukuuRRnKdqZHjVy</element38><element39>VESDRyDWcqSmYUIftjDkRUWrEHekHhphpGzyOkOMKDhQmmlXsQ</element39><element40>AxVdGzzMbafBlfudySjuvJoRgTUqqZqpCjJZSpNteGkDYjkyCl</element40><element41>apsWRwyvaIoaoVqDBIhcepTnlwRKWjvqNHUsQjHQqUhnQlGlDP</element41></root>