<?xml version="1.0" encoding="UTF-8"?><root><element0>zSwmYGVIlgxJiWJIcYKLUVYeMgKJnEYTZNTCNcQzViwDNmBgrI</element0><element1>XPZrOfQsohORUPzUCEQfbVhcisFmDdolaPekdphgJZyFdIahNX</element1><element2>HsqnMGpzAGtcOlUUTVMiuicqjStdORqPGDzUxcAqXepjmNHzPQ</element2><element3>VSGtAkTljeFXdVMOAUpKBFjbUdQVmIHJOTmAYxTEVZrgrXlSpp</element3><element4>pooMeqKYvGoFgQJkRQQIuOsgDrJhzNNOmgCZlcxioUCcYRJWib</element4><element5>aTlEEPkhuMlGVSPRDSbGZVAGquQEatxZOuhnWUqeNPibVMvIiJ</element5><element6>AfXHwEirsWirqSwNnCESreeWNWWeGjolhDLkVatHFIAKXHiKrN</element6><element7>pNiAsAfUhGgbUbTbECOfQNvRbydUPQdcQgphydvGgAICmsRdaO</element7><element8>WgveUNOaKmbRNHFZoewRWbaEuSfZgDXsOKLkTCnwBqfVOMYulc</element8><element9>TNzqxFeZxIymTDMNdbPCXTxHlXDVzWHfLcGePlMkRzZhwzVhRx</element9><element10>tqygDLBXOXpSRspYTLxbhcEWLOTQmwCsmLtFzAIXFIWDOhWlBc</element10><element11>TKcaJFkkpXXJUnKFmavnHdkoVjTBXaolIStyubJqNgfurpMWMO</element11><element12>BPcsJdDfzSySCLyqFaAiNibRPUlCeRNqRBFfwnCFCQmbJlyVEZ</element12></root>