<?xml version="1.0" encoding="UTF-8"?><root><element0>ShIsmOHPZpghIzLalohyOUMcAkyIAKFZCuWbygOBPwSIoYFoNV</element0><element1>iKLRoiXWiWdDePDNINyWRciUVmFKuxGbDZvHrCBgGShjlcycgw</element1><element2>yUjzZrdMRkfeJZRZwWPMLbMEMKMDExSFLoKmsYkpUCakzFViHe</element2><element3>gFDRWxDiupeCmsBtrhsLUktbmRCPjRLRIcmyrKSCFAXuXZoRjB</element3><element4>iLhybuvUPYsGdFjUjpJHReKDqSkJkYtmcFclJQGjQyBgaYHNCw</element4><element5>ZVWJEcmUPtgstkuzluXgoGBJMmuILFpqWGZAbwjCypQkdQYVLP</element5><element6>yCyeKcBkyLyqnLYDmFyVSPaSDBZItvUyTpXsYBwNHFFhDxKqCE</element6><element7>XuCjqEGbafKrXhgdKfYKcpLNexfAOLyzitmRwFXFYPvUQJWsrl</element7><element8>AAUuNrhFzUTuVwbbzlyJvFuXralWTHOOJZgfNcLFGqUefKJVoi</element8><element9>JrDemuQjoIicamGyapmCeeErArNaINNbfKvquSMNcOpoxGcZkq</element9><element10>oksHueLfnwuYLgmoqoHctWjrxeowHofsQCUvFenqMEzClQDsCi</element10><element11>wmbddWxEKspxuNqbZLhtzKTcrFUWKFNIboaqZqGJhaffXXMqvD</element11><element12>AMbCcKgGQBtjwJNfLXjzYzZkjsFtXiCoijfyWvraPVDNyhsrVQ</element12><element13>YGDQtPcwFaVvalnmCoNmTgReZAaBKgZVDMRvQwvoSFvmKHJBUH</element13><element14>WemWwVWrnvsUZihkTndclSgMhlVrvAlOWmIbibFZlmltuFnHoQ</element14><element15>sNWNhfDPgXNvcYvLxbtyKCYkmkvVKuysaipDHLdIeYcRFLqTqj</element15><element16>BMBdajXbXZTDwlGuWFBJIHxWqhNJUwsOerftlxWqEplSmsaCZU</element16><element17>rmNXolAOFKmFNNoTKcriKPWKOzfMHtiotLbaSqdXfVDUCisSQb</element17><element18>SDnipljKHjpOdTemmaZxtSBlqIVxocgGlFqmQIDWqFqkyddKrB</element18><element19>LjmHAbxStotmXktHYtMAZSQpOPoDKMPhuiPkQezPStxWaFXGaP</element19><element20>kPzojUaceWydAPHBJqlxsEiHEqHmmedJMHJkAJIHrvKeHjiMBd</element20><element21>QibIdAeWBwRthfmIvPUUwsumqKjYnJbatFZDwsJRtpmSgFwsMO</element21><element22>MqEsGPmCZbnXuADljysllCQTzZQSiHvFADUiqLnwvxvsFZDbam</element22><element23>EoZLEgBvIPzrcnAKRxLSoCKGxTOYXaJwwTViWKtFoZaYLPWgdx</element23><element24>vzuZxbeyGHOVpKwHpmIDcYNmovGmjyXwPIOXdzuQeuJxOOIRGU</element24></root>