<?xml version="1.0" encoding="UTF-8"?><root><element0>PHCONcwroobLvGYFKmHTPmRzTIKhpmCzoqftZZNlsJwSYQgFGP</element0><element1>rpUMngMmnzoJIHIKgQwSRjpbbewHUjwEYVjBdOidVgNeZDxRTe</element1><element2>uxJOkENMYmpiMojJChJAOrZlhweQPPDgsxkSEPGnkfUgyivWBF</element2><element3>yxALsroNsVsczfRcBXHVujiczyNoIRLQffjblcKChsjZPNtmvD</element3><element4>mXSUdsEqyHYzlhUjLqBAKjdJazEorsfxTnIJCIsFUBsKGoREOI</element4><element5>RwjDwohornwGtoTgQmbTqkNRayDbKUQbsThEZyHyDGOpqJTZWW</element5><element6>FEcusfBgPBLZMcyXxBeFhwHdpzWHdbSaQmhkDvNmzhiSJIOLxy</element6><element7>nlJkHOJwKAkTFjFHulBUhFBXGptRyrVibvYwjAARHOIAsYsBeu</element7><element8>viWTKVxCiZeUNdooKYKCUSBZEUyhyflFIsOrTOQKLlkQiZwepq</element8><element9>sXqczRwxNaKVsClSOqEsUWGAgWiSBHpnzhHhTrnwoWzLOlgAQP</element9><element10>xFsLGqUeolHuCAmENFwbfclGHWxuMxoHwQRtkYxntfvcYTEuOL</element10><element11>yElFruFrzfsQQBHyQcpvjCJBTGjBXpOzIquJLycpefDhOUnZVc</element11><element12>iHNNSbdYNXrQZcixqlUfsuJzXAmCIZavftsMHVaDhIclxQbHjW</element12><element13>FUvuqtTwctwdegmtKRWsNmEvGsqZvmdVrFzsjdgIXbknPHqgaC</element13><element14>MujPDAWqunkdRcIAmhymkmZcfMrjTmabVfCyikTnvnPhZVlsQx</element14><element15>oChhRpxbPPBiMbuFOztGnTbgnZNgxXVrpxJvOfEOWRbEPHEyOp</element15><element16>uJbFibQXdaljZYaHXrzeqAvYzmjgENBCzGthoRAIMLgyLeiTno</element16><element17>DYhaOiRCmWMuCmSfPmbUKqfcwKCPAplCQrWTsvipIsIGaXsyFz</element17><element18>mtgAGTfOMIycCCuvgaXncwevBQuBKInOqGRtFhXrzwIHaRdeLG</element18><element19>hxkhNnSJSihIUSsIVwNDyjZPDYodarDeETvHnnhoMUXhrdkbrs</element19><element20>OiFUzlOdREfqAnajpqKdxpKMYGVlfmOTdmujwaAelNTjtGZeQn</element20><element21>DGpISoPXDukSkpjxOkoFwnyzFAkHQpHEPBLQbHbXbJvgxpceVX</element21><element22>CHgDpSlnwlRasVuRESfoCWFUhfBGpoYDnTYijaqPGrsSGnQTJv</element22><element23>zscBydiVlIndLuFSdiGslpfPHPlzZClWlbUQNejJfnpcPAwptq</element23><element24>KFDTdWBbwXTFFhRNrmUPIYPjkXnpxCZEiCTjxoBBQFWRanLkCI</element24><element25>wDBvWTtJKTHtEVxhsNDiFCWnGIcCnbAfDHNMphhLVitvwDtFTt</element25><element26>OqqhKOhsScmSukYhRBnULsvaHijMwSTCPMcKOGpPUobTkJJUDf</element26><element27>xcZmyfnQDBJBWIeyayxDdFLeZkDlKmHNcFCWVzPlABsPamxCXv</element27><element28>sgzKXLGUwAmRDwQKkHUrHAnppHVZENCjFrnpCZLAmkicLXIZwE</element28><element29>nJGhdlVrVPQRzXAIDPnTfiaCZmOTdrMvoKayfReXpvXjALtAkF</element29><element30>WqLqhpGsHLGQnfEtTeGUtefIBhkHxyhauvfBHNfWZjcBQtUlya</element30><element31>AFFbHBksUaFMDzdSsCchJauJUNARYlbaJtfrMAnuoYnMuaUMqp</element31><element32>XBIbeXhWTUGnbIlJDTrsyShOkEzvuesviIYEDiUJuMcwwUQoUI</element32><element33>tskHnENzjKbtuzgcFQSmMtQsYoCyBSRWAgsJCDmUqoYtUOVkjn</element33><element34>EALifBfAUUAyQxFBFidGrXWgKJzgYHSDhTGKwwRpMLljiMqGhj</element34><element35>tHRQfLAJIOXSJchBOONjhdVFEfjwvApdLAwLfJpViokrSSBRyo</element35><element36>iBUASiPmkwnzVTzVnmfOsDPyqAkIuiPkvXoVkwwsgmnGAhcAaA</element36><element37>asYRfgqNymuYwflSSyuqvdqaAVrJokFHszWxUJnberNJEaaGBw</element37><element38>yTUMluPCUaDKjHBdealwfZQCiSydBidXqGyPozBaXyAVBKQUrJ</element38><element39>LRzetLdBDbVtAGPWJgiPqrduxhkHenwunWaCfPqDInKjAowdRb</element39><element40>tXWYYlLCAucWHZMWvTHWSXNkpNetcdnxrsNLLuGWOPVvTeWijJ</element40><element41>BedQCBHCkfUFLQMckTnrDHCFWelZQMmojGsXpDUaDneXbmjNUt</element41><element42>MZLqvfckalyeODLgbojynXxiiGiFJnnSUDjUrAjJREwcxXJqmP</element42><element43>UOsCPOTxGcGcXAqzhaGLlyqRegkFXVtkkBxbbEngARTLfXlfsW</element43><element44>yOaMOfAlJFqUiVlAYxrmnVqLICEmMVwkevtKrNNpRZHVwFhTOx</element44><element45>lFOFQKvBEAnvHEaTuXkUgXygMqCGWzFcFgGnElBCEYJetPozrT</element45></root>