<?xml version="1.0" encoding="UTF-8"?><root><element0>rjbpAJIiPsJMxGtVENRouQMlvgvCgMAhhvmqNCbOPRkTgqnRAE</element0><element1>rPSfJoOIIrefbWODqHmiKJNXkDkjgMIJnQfogyuXejCQqanYCK</element1><element2>IOjuHxpAAlCPXiGpSehFotOMvPSHvbwANOqgtemMaWkTeejgBl</element2><element3>kKeOxrXqFKsltippcZmEAHdpOCtrXvuFMIoGDFmmYIBdnyLiRV</element3><element4>OnSQSQuhxnIRHbDWJcBiJqgIZPSzXddvwCznLxaiMoKmTXqKPD</element4><element5>UhGjJDMubwPPYMDMifONiPoZAsRokFSUGGNZCUQKtLSerYAnqt</element5><element6>rOgaGBsLwGeOFHnudaldvVPfqEOdOHGYiqaOXsRNwOIhkuvLyP</element6><element7>HGgpnXYAPPEklHlsfrumeMliEkqzFnIpdiPUlIlnbMbXGUFTXY</element7><element8>IMDGnFUOlkaCvvBLMniEtfdlRkTLkipDBlSHzkwxkKGHIZaglZ</element8><element9>kzgHlIdyZsSYioxHnOBABZOZHVdrwIkBkNDINPVpnImyTDJUxY</element9><element10>XAJImKiYgicrYmRWakeOjiKybXgcGBFCyhaltvPmxiVgffAWTw</element10><element11>pUlUQXouBIYoqHbBCZxMDcwaNeOzTiVQTvpslUHabivQTvPngX</element11><element12>CyxrlRxCQCPTrmNpWaluYozNLSpOcHHhuCLhWVicACYlTogDBN</element12><element13>kNzhDspHYCTbaEmPMMmJeZqACNhmzbddojibphHVasGTRAYWGo</element13><element14>sDipqkgNXlLooDvPnNFWGAptQVxCbymkJMpTomjlAnbjQpPeEX</element14><element15>DtWAluiLLHuXuRfvDLhoLQJDNDphPHtNBpSNQKmvUaKBjvBUHE</element15><element16>JjYXWoguGviAKwfZxGlIHIGoRUdcfYUwshgxVBqMYEfYrFLeVO</element16><element17>qWhaAaJwwgxhIRavcZcjKnfchSsQQiEDHtLbVOfMfsaaPlUapS</element17><element18>XFzSHeXoQoQnMAeMLzLZwLbTRzCzCzdQjNUyaMBUqgkwSzgHOi</element18><element19>xIMiHsBoCfDiNjISHeGlDbQrmQQCRmULcxFrAZvfjTzkqZIEBk</element19><element20>lxEIrggGbyrhjGboMUSKTlXnABhlsloWBXVuOZQtZbVnWebbGA</element20><element21>YjFrtsQjBWLwwuSLmnDoDwzyKHyPKIXlnuSKTxquNXUtnKJcWd</element21><element22>OwrTSoKYbTYKYpEarRNjbrCoJxMizyGYMzaUzfHzXbGcBhraPE</element22><element23>jpHVHGSiMwmJmmnsBoMXKkuycdyVAKsjbxiqPDrdcvqXnONdPF</element23></root>