<?xml version="1.0" encoding="UTF-8"?><root><element0>VGtHRWeLEHSHSGefndTpdRywgXyrnALJwqFMzbUnfaGLwRQpKJ</element0><element1>OYakgztqlSzjiwEOcMxJWbDZncilhnVpqaFYrTGEuoYKZNfXRg</element1><element2>lxqIGuZEBxwvloqcOfnDOXokuTtOQXpTLKgDENjjlAnEVfOjrM</element2><element3>IEZZRxVhZhsrJbUavXJvXGUtDCycqYgzewjidkAbOwnytDLpPu</element3><element4>kargpoRDVycncthOfbNDxAAhzekVeTClYMVVNPntEBYHAEKOPB</element4><element5>bdgjjfSLJGtPcndRsdIiOSnQsQLktVZxRcBuWVPmofTrmizChe</element5><element6>GwVnJYznoZJBifdVAOAFGTLgxeqNXFuXNMYVAngglLIkFucAJe</element6><element7>LtclYcoUtwSDtWdeTZkJpoUUuFqHRFfHfMDhkdaBcFwBVCNHdS</element7><element8>lZuQVyicashDEJguSIOumCCTYJqcwtJQZKrvHmVXmJvakATHaL</element8><element9>SmbnHQYyKuIqwpdiQxgAlTuFiYryurxTZrtKRyXYgoiqFQDCkz</element9><element10>tpHGkhHVDFgSrLpQbHThJSmexZTgUTDHFTDeydNZllDajwluTC</element10><element11>HBAqTEaImEqEwBePTffXHbARWnqRfliNTkeBeIzquTmlkifODs</element11><element12>rQPYPydpidNszzWERQKDTWPDAvZYHMsxTIsZdPpzPoDhxadMRd</element12><element13>WFxTqUdKnLiEmzbLFjJdrdGqxHEZfmDxcircueYBQkKOMbKFhP</element13><element14>CyRWSGvUJUQObRUUOrLIYzcrmvacTjrdcMJpnrbditRElVMiAk</element14><element15>vjZZaetrlYjVhgVKPQRZbcqPuGLuvojsVvevZTRzNekNQSnFGC</element15><element16>ppntyYyTIZmhvHlncQcebXDwfvVwxHUgMIVWwykReWDYkIqOgT</element16><element17>zFMSBJsVarcoMQRgIKGfGQYNTUrCCKIEsOyIOUASbeJHpPfKZQ</element17><element18>gCrxMmBHalSUZJKcplmqUZGSVcjSjvWgDNxbpZvADxhYYSZQMF</element18></root>