<?xml version="1.0" encoding="UTF-8"?><root><element0>PNVFfSHBUNhkfswhMvXfOHwQRjcPHcNZedypbndJrOGZTqNkmH</element0><element1>tmbgLYOdBXikDJpcJOsFvfyoDkoyCuskFFujkbYxSiLRMLBUhd</element1><element2>ZODGItHKmlcqYXCbvmFLKqGnXVorMrSSDeyjXpILxcUypcyTog</element2><element3>FmwcWpBDrmHeVrALpIWcBhuCBwzeczssknfLITIZCffAVaLLru</element3><element4>vkslqXAyiCCiIqkuZJwpUDAEeRueNGxNqcveWZsNgOQyOBtHdO</element4><element5>xGxHeMAczkzFwMQVyrmgLzfqGPBVnSPzMHNtqZjHqiLdlfswAu</element5><element6>UDmMQRWlcyvMoCsxQpIjxzXmCDkqZWsIVSdwGhPGLxtZSxozSn</element6><element7>MXELdyrqVNpUOcpndjzogvAsucbvMxxPVEqqCQhCKPfOXzCQdK</element7><element8>xGTpPHWVREkvARrXHmXSvVrimwgxtCzejbEpDLsNDqzEUvbNIB</element8><element9>azjkwzKHFaTONhbqBqGcfLnONIlQUcxbgRkmAlRixHOapEjIyp</element9><element10>dplvbqqiSjgkZXfrKDmudHAqemtZBINEKStOUVnBqnfEgciTOt</element10><element11>VRxGTSoQtDbFuXRuggfktDlwWmONQEliONoyrxwALQGfBqUsdq</element11><element12>KNZIcdFMJIkfDplextCieqTLLIqXAhNFSbYcRAViPwHFuqqIxZ</element12><element13>UdBazFRGKDsoazwNJpyognIdnwxPdKZBYqKxdKTOavFUyKmNhZ</element13><element14>yERkYSwiDGOpdMbYLJtWTRxaJsRmvmBiDjMaYNxCyLaNoOANlR</element14><element15>nnRTvFGLBHeHjuvldwRfWWigwcmKkGlzFREuBBXgQDPSqrRpHm</element15><element16>mpBatcEHwFURWyFuyEOmLBlUgYPUnqGqtZruYAZPyThOEzwCYF</element16><element17>MAxmkKkQTRlwOJDaRWdwPaTcJXXSNdEYFcDfZrrGiTqnCOodHu</element17><element18>FxGTAljnJpeiSbBIfPruwOqfHHFPyxMioSEOdlFiEdHRauplJW</element18><element19>vibpZCeBnddDuAJjExzDmIkvWMHyaaYwDskbuMgEsSoXhbtytB</element19><element20>bICOdKEAsSQsgAnGORjjJVDRrGhCrXlvycbrkpEikjurKbIuJR</element20><element21>hAbJRheYlunhQoIwOWXRfjQjHtHsrOKjUTvNjVjAxlUwwOzbyK</element21><element22>PGSSjpSJspDxsoyMhWhiiQVcWSbwzvGTWZtlctffhNkfaEyluI</element22><element23>ncCJQtucHJBJibwlPXrccffahwiVVuNkHDRcDoDrwQdVZrqIkd</element23><element24>IFbjaEKkhxDSEdJGGnIzzfglHPAUrOxPmQXPrUbWpUIAqIukwv</element24><element25>ueohzMuhmxkvoCfPhnxUJGTLuDlbsYLhTLirtWfEPfDDdMHkrt</element25><element26>ZzQCkXCWORsBhmMzRjhRASxDkWhYGwDlsqwhEljBNgaEoLuAkY</element26><element27>PQYVWrSFaKXEKACZesjGrohvssWPveYjcQnDjcWxoqKGDGfSMo</element27><element28>YuFKOcCYgjocXVgbEWyWrPRhXdkFkjEbDDkOkQuUsLiqKAelJS</element28><element29>rCgbQxhpuKsDpBXsCKErZmNdfNKyBfNHNZywGPvCSOhOvyFCmy</element29><element30>JCRTMvfMMunbXrqmLgrLxufqBDlUIlIdldgElNMVUZajJKasEc</element30><element31>LOtUpYbvfwcbrYXhYAXCpnPfsLarGyJMwvewHanuAzPnbwdCji</element31><element32>BWDQPkJhbsjhArADDnAVHsMkykyfIAhNHxDdGPRyLeXaSCiffM</element32><element33>SRgtgodtcJuUcgkOqfTcaEuinihtiMYKbDoMdkjRzDyYKwQUcL</element33><element34>OQeacBmRBDxCyVynOSiNAkSEhjUrzBeHIoVofQgorNdsicNAIy</element34><element35>iPtfxFqNKkxBwkRuAYKkUxjFbKmyPKqnYtQnUbiGUejlPrOxJP</element35><element36>QZqabNjbepXQIIrjKzorsltrkWXFDvtPiuirKSHvqcUYyzeWiY</element36></root>