<?xml version="1.0" encoding="UTF-8"?><root><element0>xZXiSxVZBbQpyMBJpnuUphnrlGgTvwuqaXjMsZhCAAPupSOBho</element0><element1>qywyFXljFpUnlaqtlfupPlmdlFAKgAHzGusNvTBdjTsNQfIzOd</element1><element2>NvZvmaOZHcwNNgpBlfCxdueFAHAvAkCwcTbOpPeXAeVrNcxzvz</element2><element3>GvQxgiqyUmomAXgrDvBvYguunmDBPvdpcCdYLJIaEkcfbsNKyU</element3><element4>BTbHEuEiEgPYVGKnZnGIyhwwGwNeAWKDQhMdWOBvqRjGbTJUDN</element4><element5>oQLGkKfBQagBVBYHLWJGqlZuhsyLBZkxvHEhoQJZNXKZbYxJdd</element5><element6>mJzysrmgabqIYtSKylzIkxyWZNOfxpEVbxgAmnmnSxvfAahxLZ</element6><element7>GYamwicWeVczsyCMGVJNvBwKmRYfjWoOmiynXLLErADKgBVdtA</element7><element8>OdtqsTKVDoerrKoRExZEgEHhQifWDMBRUrTxULTzpEUPnJbIQh</element8><element9>QrgxnLEVvWElbQrDBXWYafGyvcgAGgJSeLeAQFOpiFActapGRB</element9><element10>nUEdHDEMNGgNMhWxGtiaazKNfBPAAlOdzyPdOVjaiHwqiJtWfT</element10><element11>tqYKHupogZeiuCvoxejwpMXdMuYqFyfaoYlfsEPnqyjFuIuKKE</element11><element12>xxQXSTZGAjgmyEKYHIdELlHjuJhwWpNczxudAhAlYbhYNSSGJa</element12><element13>IRgStmvbKaUrMQJLQtOWbWdNWkCBnXYZshZnbKNJApPcjqKGVB</element13><element14>arOAoMdchFBUXARyHFIurLRTENGRtVxTeOKmoZirRgGpUrQPjn</element14><element15>vNgtPpxLczFXCELWJkZLWfsdFJlWDnktcPPStlqcHXWrHRGEzx</element15><element16>ThotQnsdsbhwXrzfKlVTFKMgmEFircLLDTFAAdxPecgfWaCqbY</element16><element17>ZDbbpfcafZqpgVesjQEVvttZHCJxUctIZWmWVXUltotvanigkD</element17><element18>bLqdBToymxMUZUINBNZUbCFpnybEJlxJYmfTXxKLjNOSTRJWgj</element18><element19>rgXHFOhtsfSQtIuMXPIncHuTfraGbLeIQRZKliEMMiFJiRlqJz</element19><element20>kvMPjJVbTYpDaQefibsTJmueciwVOyDuADEMThlYaYtUzfdSUB</element20><element21>iZYLJqxaLxiMaPzFFYBZpNlIRxikySssLpzJkJHGqqUMkNsZYf</element21><element22>RsaesayRyvSoGSvtlbpahIsHtqnKkYqgguxqLOvBKIqeovsKRP</element22><element23>vokyjjiDOhLxiSEHBDSEVvDAWZmbzdJiZckVGtJipINJtCwABg</element23><element24>khHXULkWLaPdQfsFJmNStZSxqlPGqAOxnGpnEqIoZxwUPFPLSG</element24><element25>wXLeuXjGIZfCOGSLWIVRoCmuCMQSrjWkNUvfCKrStJrpQXeXub</element25><element26>yCrMZrreglmzXvyBlIPEJTRutwrqARMUdTlnVHXmXJLTDTRqdR</element26><element27>UZwdanPAzcOjCIFnDSnuVxLCwMBUHFkbhkMDnhWnViAmOmtuus</element27><element28>ZiBWAhCUoHNXnZdltTbXPQbKoerWqtIyMLvkjIPyPsvAMjeYXm</element28><element29>NeEVAttOyoHnQHLUifYJTtJNIBnCDXgQodzJCJAMdpFoIJsely</element29><element30>gxWsvPADRtRSPWdPgKrKMMKHyhJOemyCCNyZJLxceVGITzXVxd</element30><element31>jsOTgijSJmcFhrUtrUCFXlJJkItPyAwSURyHXLbiOqPjfjLkTb</element31><element32>cpCtVGKEborULRfonkzVBWoBSZPWKkYUKBUgbjFyepekToLKMG</element32><element33>RywlvBVuCFrGxnueIaTNmbKNLenzVkqjFJUmFHrcBYHMmZQXcy</element33><element34>aRWBaGNCdIBZbIgTnZzjYocMmEYKYZNwNcZODULxRzggMnIMVP</element34><element35>AYhEAgbhsOxhuOCOsnViWGUyydbCPedubjUOyTWDJyCLfqcdaw</element35><element36>zRTvpDTQsvdmFstPWaqiYpHHsxgNexuZAhtmKxsFWHQqJYIzhx</element36><element37>phtlXHuiEIhMspXTOCMiGEYmpxgFvKlaOzdgaRdABNvEBEDCTz</element37><element38>xgtePnguhNQoYwHlLtHPZJckgUhdZxfQFVGyLLyDVmwKKxTYZl</element38><element39>TZAjVvbDMUEKlbOGxAQUGLzRMUexJLZObdEYoQwpTBIRnhYgUx</element39></root>