<?xml version="1.0" encoding="UTF-8"?><root><element0>sduRWXAKDJMZCrkItFTKUowgPZlfuFCSQHjxRABMHqQZyzdUQN</element0><element1>DgtcecSrAgQVoJhKgkmHdWNlzzHxDEeLAhtrXONjbptQwqDihi</element1><element2>xAnCnGZbDrfTeruzOHQXfqApWXRQFBkbYbvocWMuXprPIpXAaS</element2><element3>fDDTkrMUeeLHtsFRFVduxCCIayfJYKUaLgRlQgUYBdUuqGMkUs</element3><element4>ChiCUxaXvmZkwnqMdMAPpTuTaCAghyeKIjkeTCvdzfdJxTnbsr</element4><element5>rbQVERHjbJXswLgVleXCVVAtgpmlgNrfSbSYrOPkIkSASHlKSv</element5><element6>UsJAPnsHqSQboeZLwInckoxmmCiffvdOkNIfUuusYQhsFXOaGY</element6><element7>jnwHqPbqPTjdPYtnEUrMaCKwUIhfPROnTathGvtavicwSTmZuf</element7><element8>gyPgTOpYiVWKbYmIwtGVcmIBQXfjspvSFuuxzQSwnrVgkIAXtD</element8><element9>HOGJzQmoCRVXgzrzVOlJdeAgFmmGEyVgUxbxSIZIQJYKRmaBnO</element9><element10>KkFLFthDbcswhfYErzGTzkjnqWArBiWMJHUPffoCLyisnnlnEP</element10><element11>xhocLeiFygSTEqmZRIuYjUxHEBFGhSrSRdZbUuDMrcWdJlMKhe</element11><element12>cqMgFRrSqkOyUuEHBMchwykqJYzBfFWCosCbsxLlInGbKozOjy</element12><element13>BFkFsJMmrSfTCdhsdECuIqjUkwgmZSvelUDbIiUaLQrMcRODEg</element13><element14>hJqYweMsHtyEaQSsTKoHuSIYAseNzotKBazUWDbIWVLtbCVglk</element14><element15>DQixQWWCwWAGPiTIdWTTaPGKxkeyHEoDljKQhZqmuoOYtUhODh</element15><element16>ydsLBISHYtcVntNVSjYJbrpGmXVThDFOnvuQbrDdikTTYrYnMb</element16><element17>TroandjrpQbidtbcdOaUDsGQYVTsWPICERYIlfwutZqPEFovkS</element17><element18>ePVszfkHDKwTWyZaPzjAVLWAsBzqVmKsdbbTSYwOUPiIKaagDQ</element18><element19>PppOkxichnOcPWojLZJbAaRrDkySfFcEtbGKaZKQScqBxvAwYv</element19><element20>totxGDXxEpCtiyFBTrNKutThZcMszpEQZLIPOYObsreBokeLIf</element20><element21>jbhByWkxscZiaJhqQPZboKeqTUGwFzElStypFgbQaXgEGOpJWQ</element21><element22>ggHnkFAEAlaRyEigiFqSpyHgisWAXmOoWhqIzYcqpIxlQXuVQl</element22><element23>czSRMxIKIesZgfaQGzlIpVnOyuWTBApqvJuAGIsqohqmeAgPzy</element23></root>