<?xml version="1.0" encoding="UTF-8"?><root><element0>ruTXfzrQEuyEjTlXBomiHyVjFfJtlfdMexyIFFLDmmhqlYmpRg</element0><element1>MObDnTCxiFFShNFYMQHqMeUObyqqeKnqlbZwuRnpPmhDOXrifJ</element1><element2>alHDhmwlxwGHLWYMhcclnsSsdpbRGBrPMgARmnhYxDZKHEWrgW</element2><element3>qpJPEwCmlkABVTlgJVpzzEUfiIhDvLmiFIMHJhyAoTqVSgugoC</element3><element4>hnEDggvSERrpkGsTludhwlxwDVoTRrVoBixYlYAiEYgiOnaGdO</element4><element5>BrYvLaRIswsFstUjpJYAbJigxgHLMxxzSdnsubTcnWotHiHUVt</element5><element6>XBJpoVfWvCKtzTONzNHnbnWJSiLhQqIldgYEynRIILfppkfbzV</element6><element7>uIbIVJftqkgkOSmUkeDAvVJtsNqrgvwBcdQezlGMQiOvlGYxIL</element7><element8>nMPNjOuSlBdszkxVeevgZDPqcWxjYwudFIIljtpKNXaQEjKfzZ</element8><element9>BOHrqJAiyZTkcOIytxBfFHWObqsTyiSUOykyMOtiburwxeUEOp</element9><element10>DUszpxdgwfwzZjrLIvaXnJgwkttyKCiFQaNmWWxudzAXapnLQZ</element10><element11>JKswZDuJSTMKOokXZFHtzTWKprrKmtOVBklwsKFtgZEivSinjg</element11><element12>MUZySmwjXKpDftgROxcalUeYMbFMAWGsjfqyZmNhmRAuwKMZlN</element12><element13>EAXrjbPdSujeeuJmPVDsDsPHWdVMhYjWaybBknDhXxksnIKiDy</element13><element14>maFLTPalIbJjSgUVQganOvVvFaDeKEYwzCHtDVqQWOwoYMXMkK</element14><element15>cNpWggDILSXACTmrjYuzRqasJokxWgiYBafPSEeEIBxXJKhfNy</element15><element16>kOuWLEQXszLPkslxwwivtciUyyStmaCdPeooNnqyyUwhdZtPQh</element16><element17>xtYGqwLOxGhNuSSEXHRNcMorBcopQMNUAFmuKDIAkokuYrAGaJ</element17><element18>HvbBzhURWMzRiShBxAPLueIPgVFcinKPViNTXHbscLXOkbPgtD</element18><element19>OXvJmrfhuLlAzrSlhefDqbCbevnbTrqPoUfkgRZRzGvHrQVZEP</element19><element20>fwSevDofliUEpqEikMqXAOwelyEYDHpphaczsTuKyRsrKAUHcM</element20><element21>tdonIXqcZvZruMgyezlXOTUdOULLdLWjTqdSNkFMjWOKGYzSHZ</element21><element22>CttVFdtZlJRFVVCIxRnsZEzCFygmTfWXGQqhaihYuixRKZlawr</element22><element23>pEXsllbmNPnsoIkCVzPNyTbKnAQRPQBArntelvpptlvjCDBBWi</element23><element24>iRNaltTWLNmLEXsGJXnnaLkDYRDcLJgvjmlWBrponxkXyZcWpf</element24><element25>LdtSznWVXSpIJMWGhyCeoUhDoBGbYtBXekJdXoVHEmeWhUZmYM</element25><element26>UNjsBkyTwRjVeGWmxHNbEZTNxukiCqKKXAOAaScbUcCDxxhjZi</element26><element27>jyEbwODfAnzuUDQPuuQEzFlwxanHlmguOoTlTfurbOKhZipkuI</element27><element28>FlRBCpiQnWEfnNbOyrAeFhfVeamWeAbZTCCWxCNnTHbYxKOMzr</element28><element29>YKjHTOnZiIHXJStzKShDaAVBsddlnoVELvAFYnPDwkaJYplqaw</element29><element30>kMPIpBwvtQfHDMbUqGXpIInhnhwluznlUVKiPFHbMUXXugZHLA</element30><element31>WXGfHSnhEkHARlBxYMZoEIHiPlvyeviRwkmbRBANUwaFiGOfVC</element31><element32>cwzDcFkPJfMMvILUqJTHAgtrhOqjSlFhjJwPNUSQhGeUmoMKzG</element32><element33>RwuCagrhwrdciZVaNmapIyOrCEpRINbZDvoABWHWUnOuSajtoW</element33></root>