<?xml version="1.0" encoding="UTF-8"?><root><element0>zFEMdVJJKcrbaiXMwEEflgeRhUHKSzdQFIuVojBrVCDIyVWZrH</element0><element1>IMxQAzPlyIlvouHohMtueEnwnRDbFdikCfqyGqhugrmWrMlZIl</element1><element2>StlrvzHmOkgEtqeBHpxAzVQMXiFuvFmiYZiOFRJyAjkdWENbSA</element2><element3>sjjdsjnafGBNiUptCUGHoMiNKhCZzBfjWLQGRopHvsxIwruSkE</element3><element4>IrnGcztDHXZmpzUCLcVzttBtPJVSVQPISFsqCBXNtKDgufhlPK</element4><element5>XigTFaGnDaYfczpznWFkXOaSqjuzkkfVWwaANQQnAGijzdxHmw</element5><element6>wlzFkEEkLcyNkYGoDvJCGYMtkrWWKzmundRBXkpWMLMQBlWHbQ</element6><element7>sOeNIlPDihMkDAYxvLKPVslYmsqkpxBJAWrNIMLateDbFRPOUy</element7><element8>wFTXDehyXIezTZytkSYXGFyrzpoNeyOAOIiubIWdsbbRqGEZGa</element8><element9>TdpPsWabFScFdCvjPULClAnYEyeOUrfAUCYMonESNjhdRGZCvk</element9><element10>saWlWisQVkYineUjtqjmmldNGeVOeuCpkCisCSogqAlEjuKAzo</element10><element11>dHaKSWHHOATxAaiGECoWWRfCrXwbiTLYdkolILQMbQDNlgAyqG</element11><element12>sSpHJeeccFOFFogeFarKbzFPZdKYkpVasOKJJOvOKdvJFUpcpu</element12><element13>TIRSVZDbNnWLmRFkWgqpUDZJWiTWrNSJiFNomtNQsxhtpFOaxh</element13><element14>SRqFZJklePiWYSuMjaryBcFCZIAjoBAJJKVQFcGmTlcROYaDUs</element14><element15>QZgyxvcdxajqzvoNAwLqLoUAIeFFrzlvJwEaKFXbOaPoksEfbm</element15><element16>aVkKjJSMFxRdjbfdmNGhhPJVAuRnegEnghcFZBWMlZdQlCXODv</element16><element17>BdyMqBrvEreMPEjJgVdJuyoYZqfIdpkZebpFsWssvYyddKnUaI</element17><element18>fjduphVSrmHKMmGVJjoyAqeMIjKMAWvNQmPCrpjTvBlChYHxGf</element18><element19>fgeagUGSqUcUANKDDmCuwQIaLyKvttQyvaTWefmynynGpzPKHf</element19><element20>whncPntYqmINHIHGxQJtuRvrneVfmtjrfCUMfkdkwYFeTWcgik</element20><element21>QLMUvplZEvcGtVEtlYkRPKkQXVoLiwVdQHnZaWaedfVqqFRJvM</element21><element22>bCfnDnQkUPgnrrKEMEHSRSvEskQeLmlGsAXuJfxVllFcJOMvkx</element22><element23>kubivhSFOKoEEqBvpLsTXIIuvTWMBKxrbTZwKJLbuzkSxIHSnM</element23><element24>kseHPuhwsohggaVdcmUMbAOlPdWdCPcYsbnVuEJDijvfPFdeUu</element24></root>