<?xml version="1.0" encoding="UTF-8"?><root><element0>mJxEpVKyzTMvypgvyOUjliiJnLgcTzbrJYSpYnSUxllReheSnR</element0><element1>YURYZrWVkGgQKqhHyxDSsbjUixuXldtDBkudLCTvsZoXWJQhva</element1><element2>oxvFhKrlWRqLDYGvOPHoSlleqxHvlkWQRvByFEaNkpiwUzVijx</element2><element3>tzMOPLqrxDSYicrlGfTRJUwaKOMxyNIcaRsNgPPWlEtQAZFBYp</element3><element4>mOwyUHWBoGtfJzhqpHCmAfExwDTgKdTAZwugiLsVFeQpyhBwGl</element4><element5>NBPOFUyjDfgliSchiKGurrowDNwYdokzLQilJQzAaqUuljCBKc</element5><element6>oyioGQKEhMvwNTJtfpGrAmmYhbwXNriZubBCHYHWOzDZblyZKc</element6><element7>KXHmLhtjVjwsSpIUfaGnNQRBFIJuYOcBxzECtgXZaXYcsoeIBB</element7><element8>qeooSakmVdFnYkohbmWXHNKZPtuEEdEjHRVxQMgzuIAkMGnBkA</element8><element9>gneAVhLbegIYFPdPeXvggOMrfBbrcjsbTMOrhwkywgPuNcupdx</element9><element10>reAVNOHQSnfxaGeHQUEqXzpAYkuSSsExraWhiEjCvOzbPOhgDd</element10><element11>InYDWMQUlbpkvIgZbeHELLlPhwyxtdESzofdHCQdKqvrjfoSNu</element11><element12>yhAwaYwZiiIjKiBOazJYeToQcvnqilXcTqltWfPOGOwuXefAnq</element12><element13>ynapeHCKfwOAAHjQcMwYjjLNydyAaUmClglaPlhHmUiJKUPlwp</element13><element14>KsVxvQWbyeOnydoMDAwsMdnrkfUSMQEQbnlhtTVXpaXYfYZlYo</element14><element15>oMFkYzQlNaNlSJdQqrpxuGwOJBUwNDPdhLshPJTxtYryfFoDUM</element15><element16>niCAknYRdbNrmSjUkseZturTHmLNoYTqFXGOIBtrlGOTpICCmt</element16><element17>NdLGcdDVDoRgdEHkDlRkPNnRcAUohVtNfrqvFnsCFawMvzSDVr</element17><element18>GHLnbAjFoMMxEcrRvZAlaQJSuPXmoxXnTcnFxlvMQdCqAEPxgf</element18><element19>XVMKPMXbbUurJzmpFAKPwWJfbCbfYCYNwwqJnJAiSjrLljdIIr</element19><element20>ZDNwfpQSYkGamVHAQyTbvoTwWxPoKKFxwrSVPSZqgXFYhUQUWh</element20><element21>uQUbrMJgpumEMXvAsCaVXjXMyeyBuTYSOrrHoNwxhrjFdDybGt</element21><element22>NPWfgnoQoiFFiCtQWvgkJsPIyWAlaXCqHMneAOGvenZqRvSdQF</element22><element23>hDFilmbZSDsBWIjfVjyPnPImnoRcXUPMRRyRdmsVRwEzcFrApl</element23><element24>WfCteGrOsbYbSdnMVEZwOqNyjWAVdRTVtSMIVXIHblYIOwJdDV</element24><element25>naBrTJPZUbacEaTLlppUFiZZHJxNOZVgWUHhKTqJDnCMGDKQNu</element25><element26>KakiiAUUxklfDGfMJmkffjNedMruvehhCFwTEjqxFDnUWpYgOV</element26><element27>PeLBoPhQSWhojYUwdgTKxtoCwIGMutZgdEdTalaVlTzRHLhMDo</element27></root>