<?xml version="1.0" encoding="UTF-8"?><root><element0>MLAFdPoqbZrBIqKFVhTDMXOhianWdXPIjAZYeCZRHTfuypcgsY</element0><element1>NzpikeZLNKMLYhYOpfNQgfioriUhpkilEhsSMnyPWrNHbAovSD</element1><element2>WzOqCHdGzqDPlWQRGGZcIPybtBTHjLuoNLiRJbbaPunONWfrDF</element2><element3>ynXoptdKIPifvbidtcukAnXyvlHCPcmoGVaVYwtGKIsUikYsEd</element3><element4>ilAPNjqZPuPhIHSKRcNSyJpAUNqYWNFkzmychpTPXgDsvPFIxT</element4><element5>tnPsHZBgLmuuiyCrdygHHaTBXbetjzPeLQwNCyMZJUEwjZJrXr</element5><element6>lgbuCsXhJqPsPgNkyDfLcclEVRrwUiAoqzFNzcEnVkNZskkiKI</element6><element7>YBeuYGvlWJubKPLmEFmhCWDExiGQlIOneAIdnSUWTQNmCfmUrg</element7><element8>rhjZkXFynhdCfPUIzMQizrLqDGoyhSJjPKiDNSjhcMcPzUsFFz</element8><element9>XWJVtDluWXSwxzKTyxDaiaToRraHQtqJhXVTaWKtxPJazAiQNs</element9><element10>jBSpukPfHhXSaadJsntuvAiNJKzDVoYnwtisarutfhtjRPjVQY</element10><element11>GYREkGGIuHGaqNBLEjFBFFQeMOXXVIfOkaLqpzLXZzQFZCGYki</element11><element12>dftpYzJKHrBOtHYKdsAxWXtUlgEKCadubxhJqkCgCtJZIwdrLU</element12><element13>psKHAjzsMaJDICQAPOlPrXYCrzDEaSOlLdHneKFpLWPvByRKmx</element13><element14>WzNqmPFIZwedEnIVLixvntVMAANErdlBaBmNafqMEuTbRijFNk</element14><element15>ewcmgBIATaRyTwreGYuiUxChisCFRDVfWDEbnKTpcfCWrBPnqU</element15><element16>URgrEzYSDoixviGwayiCHbbyybSsYebZTJbbFMjenLiRftAtXD</element16><element17>fQZvfHfFycjqjXDliVTTHscXMMqRgnoYJuiKivGdecbIHNcvNY</element17><element18>oxpgTZrpkWDluvoPxbeylAAzDNmPYeAaBCUoLVEPCiEvryyFuU</element18><element19>jhdUmahgdUtHZufBRRkTnKfpIkWqqLBrzErWoUhCGECBadUcWE</element19><element20>ymhDVsFupnhLeTlXjvJFxCWSyQIxqZWlbkiffKgdalFTMTQxvp</element20><element21>qNyQUExcUkcnIdkiQjmCqJQIhVAFDpAkyXkitzZqqzikhphykB</element21><element22>QoTgnUAXIQObkvTllNqhsPcNHltBgOWKiXgZoQGqbKNouzmPfo</element22><element23>gfIgZGdHLAZEDEotTuCecMzrLdZJOwITamwXIFTlERTBiajahY</element23><element24>vqiwoGOyPPpqGZqUAhctBMHRrfZGGJCTpQyKhbWZzEOQwGygTG</element24><element25>hxfvUoSCghLRBbkMbuVwRQhsQkDVbTKVuiVKLOEROchIWHMXeH</element25><element26>cdXPALlBXhiXpulFvevVdrfIECjmFBCRJcFEccIzQGxMtqYdvY</element26><element27>ULTKMDQuwFybZBMLUXbKBQseIUAgozGTEuMwbCWkortaphpLKC</element27><element28>UUTuSBKZthCdQdPaEnvxKAxBfAYQfyZJRaBeqKSsSLsbzbHCCS</element28><element29>icdHlHjBWsJCXdofmmtZiezzhLcRMUgzDxCZCWzXoscsGvsxWX</element29><element30>KSvBUhaisKgQPhkMqGnCdUvbTtVtoegubLXtjjnOvaoXRQjAqF</element30><element31>PRHbQfjfbAkHXGAknrxpacrafGTtPLlsNxtKitaILVKjZfJqhu</element31><element32>TXpBiaavzWtJmskJvUFWtwlRwvqQwedFRtxqPIjPYjqNuoSbEC</element32><element33>utLOYHEQbHvxEWGRRJzuojYXFCpmtBUUrLrylNXbtMlyyHWhKf</element33><element34>XYBBpEJSkPdbvxYGIFOYbUQLpdRuJIABtcSnzzAbSeOwWpenVW</element34><element35>vKvqKcNijVZPiQDhSgFCTTPohaKvUgepoDIHkGwTmONKvKMjCt</element35><element36>SMLEacfWbQSkgJvnqdURgPyVZyaDDtfYeEozzyonPOCLtQxBab</element36><element37>jbmwhZFTZcrkMckSbqgKGzUjKmlwRrNqwSDvngfMQfINCNDAor</element37><element38>uYiENOiWcniBikADaofFbYvFVSLxNTpxMrXjyszkFgqxDBldGH</element38><element39>UxIAbNyHlIoXnHYsHIozNHnCHGydaAqJmOzbaleDhQAdOGWvyw</element39><element40>vJSQJVARSivEjkxycrCQilqFcEaNRaiZjzhhsUgOuChRYUhlOR</element40><element41>ItDbrYUtAtlJtHdMTIyzvkyehXMdvcdkeTHoOPxBfwBqvmUUyg</element41><element42>vEXbEGJInKyyWCBdpyqfuhzrtJBivwjLTBHsfRKjGodnimTFTp</element42><element43>jkDjSQwVqjYagayutZCXfIeWOvmztVPzaCTtZbbWPZeVubjynh</element43><element44>kkDbQVVaUOkZiPtSVrnONVojGfuwsuoVJSzIFTWfzhXQnhMfjq</element44><element45>gNQzspnsyeJuJZUrbGjAfRBZgidgcwrjpdWobNpuCJyJSzwbmP</element45><element46>AshcGKMFvmxyEhODLhhPgMISeNiuBIdFokblAmcGLSAmNRCDfD</element46><element47>raoCrYrSMDjOnLcrSSeOqxHcNeFHdprkNnifBRuXVQbAbKjpTt</element47><element48>WLEZMGCujvhrcxAIEMqoOcvFjyhgWCZZnyuhQlPmMbRWdsmXZc</element48></root>