<?xml version="1.0" encoding="UTF-8"?><root><element0>ihBYbqVEwFRswNwytJLhlwgomCLPDMzbkIwIxHZlWHoYgclRBh</element0><element1>MsOyEVcFsLvUQtXBlZiPlFngdZXpFwVUUKwzWeKAmqNYfgNFRI</element1><element2>RLxHWwpMaboaFFMLTPwWCciHwSCWnACnNAXMsqyjJlooVVCVgO</element2><element3>HiPZmCJFjtMyweAdBfXVslbngJBLOAkNxzMjgDLmYLPKjwAzJL</element3><element4>qtqGxcHfBYEJMEOmMxHhBwvyZcuLGsoOtXYCBnABguAPLPypCU</element4><element5>rkcKgglUtjDQgkxVjddwEGKjRfoBiAaZoZsRLCiUUgeukYCNxF</element5><element6>jVYSKYneTFdjaGnFixOWKwxvjGTQeAgfqWgTfHEBvOAhGCJOMS</element6><element7>HKrbMBxtCYOQgFyZPYLSvgKlJuhEtPgbmZRdWhPMYytGDMtlLt</element7><element8>lOYcJvjJiHulyDSXjJbjoNMAyavzXjVMgtgOBvuTsYCiOapcqQ</element8><element9>smfMEIIvEBBsgtpiViUyFKYVgLdiLRwwnPUFKixGNcjijJLdax</element9><element10>rChEcjqdghAUJSbULFjUbLHAahwsNKvzPtMYnTJewQevFkeMOQ</element10><element11>gWDpGBfZrgZFqFeYlNEAIuFCPnPuXCiVxCXipsmWTbqExFjYFG</element11></root>