<?xml version="1.0" encoding="UTF-8"?><root><element0>PNwKUnfnAryMyGSYmzqGgmYAfEpAWWNGbOLzVnMSnhUyAsgIgS</element0><element1>NSRlTVTWIpJtjhWoMhGPzYUgRCKcIfIUDESRDENMKSlUgsfmwX</element1><element2>EhRonjkfuOxtwUycskdfEhWIDwLsuagqRBziPToUHMViAZWyOG</element2><element3>ZJAEzdqVhUAVMmUufkOHuFchkeTJYriNwDceAsskzuSCeEawoH</element3><element4>okCiKiPKljxKQDYBrOmQyOhbxynqPfMyHgQAQbOjGyyWNGFcoG</element4><element5>KantNRVwyrUnfsIbRkluhYHdfujFKyEtWTpVHDOZlrryqQhIdE</element5><element6>ArzcSwfNmAsaSbgyfLixLyQzTzZqeakEwrkRzDZtQRZJyUxpGY</element6><element7>LuRPZnPvaDjtKSWMhJtROXFnYBxRDqaaCapFQYUgAfQMlrhTMF</element7><element8>rDVISnvSzaSoLFqJBXIoosQyIespoMcYIQGGSBatfltOuoUmnl</element8><element9>bvJsETXMwKNeEjZzBwpmDCoGmwXCrrzSGqnLnMYgRMzhXJIgJx</element9><element10>KvkaWRrcMtLDSmBIOSLgTvfSpBztXPchBeFlCpHSuBBICmUPWG</element10><element11>QSKRCHeEzeNUTZYghrZnFpFaUXwOffDwYmerxdzMZiFAetdDoQ</element11><element12>CNbLULgdpfvCueuQPnilaStlSrBKGzsYhygJaAYcukganXSpip</element12><element13>NvRiwHTuglfCQzMDHCZweQlByWanXUvSTTsOxWhvaGQisyrerc</element13><element14>uuEuccNDLmdvggPZVjQbfDsNhgIHOzHmrEgLBSMPJnyletcufb</element14><element15>qiZHnmBOwsGWCKuWBysGuAtorkHOxrHHxLBEaxHVgBPPfKyDdd</element15><element16>NpxZUAeJAaTdWoFbXKyexUIwIkgzOlyhIXDGbIqIogheObBRyf</element16><element17>XxRTEmpFgJZsgAYcSYPQkGhKEoojWcKHLgyGnDzwBiBgSPjlZa</element17><element18>MKPLPlGMMjqtsrYwcHMJEDzatlrOAecVjdmZLHEsCfzfXVycXY</element18><element19>oZYWNyVrwtyiKzoZSERLrfoYdvbVczTVDztkRKvbWiKcNDqdRa</element19><element20>LFYnidhMUEwQojHzaVrWVCuLwtqVqsDpkDqabUKhgykLMCsQHt</element20><element21>VuKQSLJAQaPljntFXpXfGeQOnLazuTxvbdDZOWXqdTjSCBiYOS</element21><element22>XRmBGQpfqMSIBfTtvudZbRcpWpRIvFrBfrQEZIrFHgEtwFpfQe</element22><element23>rfnweMTgFPoZdLGfFVPklSDHzAVjFbfKUUOeNecufeovibgxCJ</element23><element24>xGQUpgIsOugtXHdDohTBtfkNgfgnaCQedCQdbyBWDVqXKdlqSN</element24><element25>WGWxRKtWGFgolYWMqpZZReqdhOInAGViAjJaTBlaNQXlQygwcz</element25><element26>cZbwueJJjLQHfxNzOiApiMTztjtQqccUziiENhyUTbUXKBiYzW</element26><element27>SHOfXHqFRRwjABbIODaBlOzXgISFDuKXcloOODwwCkJRsLeMxp</element27><element28>bIjQRighIMNUKqczFhiCKrykPTiwaQNnfuMqlxaxScBoEfUToQ</element28><element29>HfBJaGoCFzxDDiPmTIdbaoXmCJwKODsgjUVwelugdGZcOvBblI</element29><element30>OqGgAXGqRnHAZpjqinGVasSZebRmMQlIyddReMrHbxwxSYtcVJ</element30><element31>JakIhSFmxcuXwNyLXcMxcWbgvcsHtgHGiFGJLUzUMwpsCcvLRR</element31><element32>cVyrFWOBaYilWNPdSCIaUBpIIuFCqRbIcyLnqVaCptxeQgEjNK</element32><element33>fwRoOeyLANmZDmuiRTnJzfYbvHwHsjNLePIPTfkSeQBVjteNWZ</element33><element34>KdQAvbdFFZLJiAEqHnhjFvcavjsxBkJeDFRNFDeespsmSKQIuJ</element34><element35>QZGZOIQmeAnZqQHPYeweXAlubetnPvxXdupQqvpKZXGNItMNEU</element35><element36>ZNnBPJfTHZwnJofeVbpLhQwcoftplaqhryBVfyYGluwgagehMF</element36><element37>mzsKkKcbcfFhzOJiqJWkGjQHazzcOVdSQcERqIdVmaipMeXBWh</element37><element38>TmBHKJcCiNdbUfqyAgCEGRSLtlJGghriEiAyXHogWCywNUTESs</element38><element39>LRUcZtDbWfSBgjnPYzPHgzrACzbiMmFtFJMoMYwrmGqdRwsrjI</element39><element40>JjRxadpoKeAMWuGBIApGUBGRRReanSdlgpEBDQagUwbryOyIpa</element40><element41>MAiSldOmzzEVZQmFTPEpJWvRziVGTcDEYsggqbootYbDnqTIqb</element41><element42>jUqeGsTZISEmqVIYZteRuZBpSrwKLtUbbyfhQWuADVcIHpbCsU</element42><element43>qxRnqzKrXCjlpjmRqOQWQlmDxtwWJnHDyLUqxzKvEKghDUKxvH</element43><element44>umyOkJXmCweGTsgtBxDTtAtZIGQlkVbipUlyzVMJTNHnjWrwTD</element44><element45>FYKRNCFHSoPGNojFukRTvTTzIQPYVIDDNwMNgasjkdtktckBvZ</element45><element46>rORTNrqqPoLsSyIimQQMZQBQuEDyBtnOYQrdTYcHTJoJoADPUt</element46><element47>zqpSVVadoiURsFuHCYoMhKxTKKbRfsKvQIEeumVxCpBxtWuQHt</element47><element48>RHwuvGmDDMdYBlmOjkBXopfsemVHkrgYLWhZGDhqwQIikTjjKe</element48></root>