<?xml version="1.0" encoding="UTF-8"?><root><element0>SZjrBUCGYAcIXErADhvAFBKwnhhwRCRjvBhoNTsPsUxXCEVbWk</element0><element1>rensFzwnftzXQiQNHCwVpGxEoqNwMTfRtcBcyTziFGvexjNJgh</element1><element2>oxyoljsYCilrFDqpLyUkeZbhgQgGhizxKCdGmsuhYLrsLiNqPY</element2><element3>YZPqYMZIwkWFYZMdCxtSBjXpAbWNRSHxzcChJAgVRmDuRepTVX</element3><element4>XqDKpSzNcSGJzFdLGxJnESffGDngZAbkTYcuPyEqQKwXArOrEm</element4><element5>vtduDdNTJYRAgnZLZhQykFbiPMsenPeyjgNSGaeDPLiZWKceIb</element5><element6>CVFjonmReFbXKjSPSXGXgfuJuAeSiulFhqQHXqIVYZtHhadDMx</element6><element7>ToOXZGgBVycQFfPAPWxzeMLphKjxrKjDunwFFCcufhnaiOFCpa</element7><element8>oOJWdVdoqAuEJBgRDwCfSRRyjHBrAshPdIDDkJSWmNmFVluzUr</element8><element9>NloztBGkuGVpYVlejvToSRFTPZtRUPbNMInHzjtcLvzxHzaQyI</element9><element10>wqVInpuUyQkVhaYRzmGaHNjmvjfTtjZJCwRimOJZxzbgLBCpUx</element10><element11>XQRFElLiKDtvPbSmLLaMjOOxbjktghdSnBYIAazUQuiPjjsFbV</element11><element12>mMEkbNOMlsSPUENXVaXMoXEcmhrQsejKPqRaXeXPoAbHtZXNGr</element12><element13>zXLhUXUowjYfCkJXjxocndasvBZpdquQqxFPQxnRxiDEzQAANp</element13><element14>jKTpjfyzvgEhHiTApcnKYbFpgqEbDrtNeEAkozzImtBqMLJsKZ</element14><element15>UYBfleVaaqzcoTdjtENpruxvRHIPYsxxDeTmJfFKZjvqwqTfRl</element15><element16>HqcgQZTWWYCOptoZwSvkjuTUJVTrrijzGhZmESkMXkleNFoLlJ</element16><element17>LxTxuGNCOvlAedAYiuOoGrbEnXrWwIueRyFfZOxCuKvLhOTFXM</element17><element18>AUwwwYfBPTjgNOOvZYgXBKKDvhniAHmlKbcgRBfhZpaZlWryJm</element18><element19>oxIuMXFrZMNleQGBaJVNkZkQLQWlHUrDsYgDQxFfOzJbJTvqlC</element19><element20>AhgKZubKqHqFdyRMUZxskOgLNWdvAakrmzGKHJlMzbUbcZcCrK</element20><element21>wDfRzHmoSPjvJhIrCCQElrloBgyiclPSkdiUIrlhoWHDKheaWk</element21><element22>wgmFmcTfntaxrGObeoZxPGqLUFoizNicoVxPPzFXergtqPqiKk</element22><element23>dcqIATBckAeItFcqYqCNmXeZJTzjNvbHABwNKPNZceGPCOnyAZ</element23><element24>eJdPoTNNugPdhixruJnOZnevAPiYhYtkbOItDqQPjREuJtWqtV</element24><element25>EBNXhyInnpcQRpHvOPZJbTelJrGBBKLoxaWuiMCCrqJLkzONFZ</element25><element26>lyrUadgfHCaWIZkWmwLcTjPScYEBeXjmCGkTqqyNcVviVJmyKF</element26><element27>dQVdjiLJYufNFYDSMreKcVmDByuzPNwCassIgThGfHikDukPXT</element27><element28>mMiiPlxqiDbBGCDDKQNxFFVgwjVtaZDKxWsitApmSrNUKlnTwu</element28><element29>tOucYbcwCXlkEpMSDdJIoyXjglAvrYYtUDGOzycEKfuuMbztVF</element29><element30>XKMEhluhvUAUoOwbAcZwjqCpNAAGIsnCnnETBoNbXbqtbZWeZN</element30><element31>tSlaiSApVLMaLooGHWrEkRTdGMnfeaxSwNhpmYHYgJfjXIGqBW</element31><element32>auOSYAdZbLfZAHptoAWtdpQQhcYuZnePcyxfbofVHDCDhHfxbm</element32><element33>QxjstiAnIYyWeNcfbWhBRpUDMLFKxmUTCBitWzBjasFcEqBusx</element33><element34>SHJUoigwTNzCZwQdfRfGokrrupzcaWAPkFoINcThbfMMCKlqYF</element34><element35>gKQvCyabFJqLgKTynOzjGRJvKCIRFOrDeMYHDpXLSkrWGBDPBI</element35><element36>JacWRhPHkhynTrbjRAjsMgYOxXAMTMyReufGLGRUEDUlgoxyYp</element36><element37>mesWiOmZTaLqZXXqmCECkLXSfQJFcsduIUauLxOWJIwjuqzFTL</element37><element38>VpudDNMYHinbYELWTLgelFgPtOyaJhPUDxpHOHleJllxgUhxdv</element38><element39>SSqcplQgeWRvlJRnCnswuoMMlaPZTGoKeMrsjqtBgLbVqmzpoU</element39><element40>eNuxNswJUHzRKfBmGwkuBHHUlRVMxeSxosDFVchldpqUGhaWWY</element40><element41>JboKrVXpZCsRAxJLvcGdDLEIStxxUkAFPGlWFkCtFeGmnWxlKW</element41><element42>aJuddWLGxyUmCWdJHAntiLYnMfCrUWRYPiWubqRXCdTCxpkpQv</element42><element43>ADmZfcHHeVHhZKjFxdKHhwsBeZpmmoXXvIDeOEIKXhDsvoVfVb</element43><element44>NSTOxnTZdAZcRyTTTnVBHHilzmCwYSSdEgqAPIVGvOZXODNreb</element44></root>