<?xml version="1.0" encoding="UTF-8"?><root><element0>vditjxaBjwIUJywBFKfsWODJzVhWAakKicUGwJsLHZJpuKRrPO</element0><element1>FoyfAlqAxIYQgPuHhIkOifnXhNkxISqvgZBnRQjaFnqEPelwXz</element1><element2>kdRtjPsHZJHqrMtuXnPCddloYXuOScGgeovJrlobafMsPZKrjd</element2><element3>SdEpjexGkBTxuKgdCwVZhJarCpycNTFNGnnVCPCouIulfftXaw</element3><element4>UxESeuZIFEIUfzcSAKkPABJMCnubpBiCpBeqtwCtoMTYvgeLfv</element4><element5>YCuorQbvVDNUzewrkNeESxfTmrVUvoiaQNTxjbZdcxohGWYlJc</element5><element6>WHLNYtSYZapNpajUBHaSWueCOFPNAwMoJYnNwdCHtwEEZkAtbb</element6><element7>vBvcrhKsZnMgktUXUPjDkPkAjDzitlEboKVdZlqyjbJTJVLvwp</element7><element8>xrebekhuXndDtCJSOOqZKhSmywUsnLsaqLiwySNnMLeoeSGrYM</element8><element9>vPxupOCrTYWrAOcIXJyWoYMCJbJlqmqNSZhUQZOfoFMYMOWbbj</element9><element10>IDsRBjFVsEGZAikOgnllQHVPcdNgNDZleyxDZEATxnyXrboYjv</element10><element11>NqUAIHfFFjTocESrQsYDvJIGQtPYaTCbolBARhxCYeDzbjhwrw</element11><element12>LJqvtLrjhaVMGJwSVmxRFJOBfPOSXgyaFUjAbHlnmKsItivJhs</element12></root>