<?xml version="1.0" encoding="UTF-8"?><root><element0>OQDdoSLqiXhZWvqNOZJxyoelXrJGJcvxSQMEVQKQWmEsxjhcwF</element0><element1>TkqtoSEyAXmIMxYTrKjRPoVdodMozfRuwFyIIBPJngQKjbrVEh</element1><element2>UppGCjpXqTCNrUppyRMvBIkxCFJRZeiflOJPgGmEOOSIhCwxCS</element2><element3>FmirFNbsCaknPouXmTDyVLLgRzwjmFBxQlqxUVUXEbRWoPDCMr</element3><element4>GzeGEKOAPwzDpkmGhAMwdLuodqAxHVbDNeTVMAFZZsMUxhQKsP</element4><element5>wZxLmNJCeBgptJxqFFiyzwNlbshmUMrDBupDeamqFBnWGZNODv</element5><element6>YsjbETxlcqqPMcBDTjAFWJJzJPtvDqkAmcOqiotEddfIagGxyN</element6><element7>FYryPJRqouPDHLnurwaSbcZTzdpAxPLglfGnHieUsCRrfASCbR</element7><element8>rdWFkSmwKAdOoCkegpaLDPUDDPlGooRNWLfvTHLWgCzhhUAbjC</element8><element9>zpiunnxShZdxhMXDQEcJzPeGvdhpLbqiFyhlFpoQMhbzTQjtZL</element9><element10>XRMUSxnAUEokXmrBsxaUZjdWrdVDfOvNPmCoDWUpcsvUcnXXgi</element10><element11>scUSvywksZFVKtNucEWtcyAmNgshkZGvXzibSlJFaRNXpzJOJM</element11><element12>WSMqdoVgGwbFarbNmApwGgYLuyMtXhBsnFTUMJBHWvpwANDKNO</element12><element13>QMmbAZjlYXnzrSsteNxFMcFuIvbiforQWRYShoImUZdKAZwbyt</element13><element14>MinqywUfYWeJWArEPHfSHRazzjOhNWLIxkkvJicPyiOotLaFVC</element14><element15>aMJZKZyjILAMyyJeEiWWqobPFYjGhcaignEhpwhxRlwdpeVTdl</element15><element16>XXNNRpMgDvZcxEFmluMRHhTaGIhjIkfIcSUORvXkOEEphEhbAw</element16><element17>MzpebuURffFKlacIDxcleqoNObZXguCHQIcHQrhDEmUOaRfGKn</element17><element18>THCScSBbHePmQcmdDDJmgUsPNlemQoSvweBdJTphhAgjRAtHjS</element18><element19>IeYNofxWkDEUzKXVtPKIDAtQKxumycrsuRbxcYejKXRoTLJqoO</element19><element20>yNHIMBEaGNxHCvVLziWZwjMUQsIOYrGflFlmfWQQpYuZHHyCPC</element20><element21>JepLDPHjdAaERhhATcRSpbqPRyZQIBjsaWBQZjDXRGfzxLihwH</element21><element22>bnVsnOGIBoHTnstIhDAsFWMOgnFitdvrlbWAysKifdcZIcyUFF</element22><element23>bmpntUnGuSkYYwTLerGnzMOsNKIKnOfgumHxwNrXeDcffAgxBV</element23><element24>JsQWuPpsSsTgCOtrVNHmzdyBurPlMrnVVLsQVqacmnRFycvuWG</element24><element25>TkerzynKfvMXGLpoQtFXGLYaFxhGtUHhXilMmVbKBothfjshLW</element25><element26>iiXctLYDdlYscsNOMOaMJqsqzNFGEntRAcANxoicgNJpRWmzVj</element26><element27>gARgZzwaPbTDHwsgusgToISMyngvusStMEMESJeUgIsIaFOqzQ</element27><element28>rgPaWeMiolpskBYadEHFgOxHKArrfBGlHcAChExhPsLNzwPsmX</element28><element29>UBfElLKXBPxLiUsxAAuAIJssYFWaWBlyNoFRaOBzgqFSBwxFPW</element29><element30>JksLzIihREsVfLXdrHkQhnhkVYBScGfRGxJvNaFMlUSxJNHKyL</element30><element31>wLxgnFTvraxzUHqnCBPCrVFWrQtMqLigWBPwYHRKwHbQJlzZrI</element31><element32>cyrkAErMxFiWEgnLVxxKFpJenQYxXmcticsXUgJXWhbVaAwFsm</element32><element33>NCHqQVxZEVwNPEjwkSHbSulyFduaFUCaqesblFDxYwWFtpxRMM</element33><element34>hisdbrhZAYvpbNGNbwOBFDxNDbuKMqdiFEWkZjXAEoLVaVqrxM</element34><element35>akbueZMklqMOQIcWmeCjdQyYgsPPhnhvcivYTbeopiJHHhRJAO</element35><element36>xnLNLSODEYBVIdgInDgScklteRVDxTKXOTTEwQCtnOnWglHxur</element36><element37>iUtyLrJmXWcMqqKmlMDmGEvXxXRnObnVBYnJsDCEYdalAMirXs</element37><element38>EPekODrkiDLNyhMdXpoQckYHaDOpZFrDLUuJJgxaazxLNkRXgv</element38><element39>aMMaHmqoHKgoikERtwiotSCIhTDFtejcrwZsifhKOfCymomQvX</element39><element40>ZyXLQaUmjNxOvjXNOOvldfGABmXlqVKTpVJFrCnZbnSFeuYlEe</element40><element41>HfYgOWITRLPxesKePdKvUCvdvcBYlYSLztkoPBDaFITUWxugWz</element41><element42>biMTWOWAFBWxIftlefHPMUlRiKLTfhdGaYDFcQEJbteJTxYHHj</element42><element43>LfQzMzTrXbcqhVYvnHdEFNnJOsPhPtqxHmBVvAQAlRWpWTrkMw</element43><element44>SBrwDXLAQdCYpOXudkJsKUROsdluOeGqltrjAmyMrpKszgAHtJ</element44><element45>aBDNjbVYkcsXyzJPbyCGdylbZcJlylunGRaqjXAIzODyEBHXgB</element45><element46>oUACZIqosQxwYQiJWebsBcApVfQSRYGbfBFPyycsJxClJmSmJi</element46><element47>tfNirvaBWGhLTBCNdGpRkrGDxGjWmcSPxeGvgNJcMwFVdXwklQ</element47></root>