<?xml version="1.0" encoding="UTF-8"?><root><element0>mKgKWrbZMxFMiLNgeWcGgCLDQdNIavAQNFHULNAtYtyoeOCutV</element0><element1>YZyYhQooijjHDCocnsqMSDiaOvaonaHeHbWCdGEnhabVIcsUVO</element1><element2>LQtRFrZNRwwdxKMEuGUxdZBCjxZQeCUyFXuHXPkJskqJNKivmJ</element2><element3>ofixgsXaCfXCrFjwKfyZmUHlPxDFVFAcdNbKOMzXFgFQxXLXhm</element3><element4>KAoYXktDDkWeqTegbqSmtJMXjKHehpRKgifxOnxetApYFtSJbf</element4><element5>hLZCCgkWdEVINsqkmaWPDeMFBZbYZEQrbVrMARmXEssdiRGPzt</element5><element6>MVWHcirlPYempBTnqiSzpsskAThlskVJPUUuPsWMqoPqPUrExU</element6><element7>tfbxrOOqgKjocdRDHdTrZFLUqGncMfyLXyogVglVsrUZMxBjBc</element7><element8>QNftytwAXJciNKonQnIRHSHQNKkvrbprjzkaWgjlJeJhOReoHn</element8><element9>EyziDrCSqajdlzIHBDCBQByQapXgiEKsKeDElcaKnMQwqOLCpv</element9><element10>nVdzGOLDbipHzXstrKZyeqKLqZqFtxEtEeTyLJROvEKQNIYNAg</element10><element11>rBBbaqVeJSLSvoWexsQfcGccTWAdxoNKXlVBVnsiWQwKEynIwv</element11><element12>AJgnwBYIajERVhARKIGuhrxxgSCXVcCLYGUknxsyHmUSATpxMQ</element12><element13>dhiTAnkhXApaHiOtgaIfRFUtzERHuAUyDMqOmcrUOFqGsMdyFP</element13><element14>grDnAInFJuhENAzjOqzCcDvetJGlAHhydMDIHscBEbUbNbPGhk</element14><element15>jFoPhopTwYSaGkUjNZXAecxExMwGeUsuHnFGLPVlKYtHkZruRY</element15><element16>iNHsGsVjNzLjXRaKzxUUvERKhSFpvBhotxzJRsFSSaiuiqQvTX</element16><element17>ZodcdkpbszUaqxtvnPpOzYuXupUQpNalrXYLgyLEsqPJCPVKbL</element17><element18>lVgNyXiHaKRDJeYMAAPlpnEaThwdRKpRSLQJbehQszgTKNlQVB</element18><element19>GPRgKIFOQUWMxtljlPrszFJPFfMUeBhXbNexDGnftgUKftbamz</element19><element20>MmDeQdBMrWdFrJDyXAYGbJXdvGzcmOfXglsXiEovOUNAvZruoX</element20><element21>avOIYFihFnYnElCfroFGZjkNCDSYnZHySqlvKKLPiKorSTQCoE</element21><element22>mXgXpkpgaNgLeeoVuBuOeizBCZvsLqDUZmXaEDprjbYAkFKPbG</element22><element23>QcBQFbxgVCJKBaixJtXXMqDeIJolxVJQOgZiNRchzIxfBluaEL</element23><element24>dEUQahMwfEAerXDuilWxtXoWhHlNWGytKvtiUfAvWqdoAjzkEU</element24><element25>BccoOUhXoesqPFNaQhTxvFcluobDHGkdVrGXnaZDJMFSQgUtev</element25><element26>ndPhTKVrmXDYEKVzTtshdqwpylKZGEsHMNaGpekzkWwwCONxIW</element26><element27>pQFpsFGbuVlAvRpOynMsBXeqYWotqBTBUQZtRCIYwmHmwxEOsZ</element27><element28>RyWywegnhfXzMStwjyARQJfoNikMGsgVpGKogWHJrvOdJdpOch</element28><element29>lARToZlZGKRWepJBqEbBIOqDSrxNwSavXqUnkznTCSimNOtvSI</element29><element30>wgKhjuuwqGBxyDTYFgrDmuvJFjsYQprwAntFLblnzWnmFHmcHB</element30><element31>fbMaTiuqzMnGuIuAfvJFNfcMNJdSKvKXSTcfSNFzjbhQflPCQi</element31><element32>onsDKGbsNyiwoYpDNzWszTuPIvlzZYWoZcykNGxZQhlOnRtaun</element32><element33>NjphnUPTVxZUwUDEmwkyPbTCZqgIHKfEGBsfXPzGRtNXQORPbl</element33><element34>lXxZcXSSjFQwtGjPjRyJqorIANiyjvNrlwCQlpVTFOOALgyCut</element34><element35>onqpbOcSypzgpweVpkGsESwVdIhvoRfRryRYOvkfOoQkJWnSRe</element35><element36>sdUVUjEisjhwMTWBRJkpgTwOLRAOctjtFZSDlOUoFHFsEoywBV</element36><element37>vPCzOAvollGDCINTVGuThNhAMjPNKHvQNBlFkwPxqhGOtJYvAG</element37><element38>uKZqUkcgLexVMsjSPLXkfwSbVWimNTKtIoUgXNEmMNmewYkgyX</element38></root>