<?xml version="1.0" encoding="UTF-8"?><root><element0>YCQJMsmKvuoiHoPkvPfrnKShNauiNftPsSsJzGnLATPKSnhIDY</element0><element1>bkuFygFYNPjYDLyDRbMGkZKBlNPwOdRZliuLwkjIBuwcFXZpYV</element1><element2>hrFWIWqLFLUzMYEMdwcctoCiARWyeNgVnOMcKALhqQByIKTxYO</element2><element3>BRvPJYpZLdeIhxgTnZIGewqOPgzsbvwRMfnawqNzwHKTDhVuGl</element3><element4>mSsmxjHpanlGjWaHEUlOscnhxcZVBXyzghskOJBMdWSPURSTGa</element4><element5>FWjxPCFiqXztRRRCEBnKDQiPsaHGahIsArHTsKiUQfFRtzNFtu</element5><element6>ypGYPURvRXNxhrOPUjFxFUMJnGsELxiTilOjDZXtAwsfEgkPMc</element6><element7>YqKoCETsEjLwxxRnVIScffKdrxrEOSLIaNKXlOTuRZPIUaUFIY</element7><element8>SwccbksHNllaQEIIfGDfeHtdpTdaEQWloVFUWrggQDDGKgBbcb</element8><element9>hHhSsbwlqxOZgWXbuYwnCUoxIHcgeoKyGJbVhygRZfTZtKJoWE</element9><element10>XEqTGUzuuTUooOuOgkENbJpfgRhPjwYGQpznsreTNDoCEWVegg</element10><element11>BfxBGRYAqQZKlBRSpvGXhCSrfGoJCWlLcRMgXjOfLfCXeZcbgu</element11><element12>gDKiQFYrmauJiGqgnwynioMcNkHdXiTvcZaNtCCvFUmerJEwqd</element12><element13>vjyXjGQorrFmNVFpjfkoZulsivftosvLIySJFvqYmrUatJfGcY</element13><element14>CdpmFEXjoHHpbvYenRJjFtYnGDFhOQvyoYoeBaEbSRrdvwDQKk</element14><element15>iUCOpujxDywKMpWodFrmsLIMvfyxeFOTHMRjNXvNtWTPgajTad</element15><element16>vFKLiPhXJZAeIuhUNPFsOxgWLwrzMTtwXcjKYXLkmJIoXxVCpH</element16><element17>FsZGwDFhOOsPYwrwVKclakURpZwRcZzDYjvFGcFuKUAkZDBQOl</element17><element18>LJlconbPpWBLoUWeMosFpHCzeMQJEyAJrtaNrxyYSrEgAZaKqK</element18><element19>LjkXlFBjARRohGEQulblgsPmpoKgEWDlnavRspayflEmjslMef</element19><element20>lODklqicrlJBosqxnTIGeBsjGVSCMjZEUyqwmocoHOQAnTWwTG</element20><element21>xZIFMMwQUNgLmAGJTCyLGnmxrdvRCaGhgMHsiGwUGjuLRiAYRO</element21><element22>SgcLTWryzFBlUUexfRYofiCeqUXBJCherXapElHnonQBrANgxW</element22><element23>HLPrIPeGhjSchzkKBwJaKIsvSIcGXeGjthEoRIxWcCALlXWUWU</element23><element24>oGYwdlBMRzrkYoXqpHcFbehZEFAuHXtSFpgqEYQndRvoNDcbrT</element24><element25>enOZUMVjNAQnOyMVfKUrvkhSwNFTPnqjwFwQZrgObwGhwKfBnt</element25><element26>omuBKGWZAnMEKAvCjEsJfXLFRpzLuNZtWNbkMTonglNVaWYcrB</element26><element27>cvGuBiflqXhXzobqeOxCSEBIQZTaGnZgXYoejAQqwtGcrCHVoQ</element27><element28>XtbvmQorrrffylEWSIhOalUHLriqQDtOvIulmZyltupQCAKUVd</element28><element29>WrEmrYrOAydcsSUMrTrtkPqaxkXkGuResgZGQfjOpOSgKCHaya</element29><element30>veEBleTdfSAMmcuvyAZmOlaOTdWkRMzbRgySsfpwPrGgpEdoQn</element30><element31>wajfkUILwAQizdxavtZEMCnpPtENzSLddpDdJONqLTOaurPqxN</element31><element32>zPXxDFNoFTNhPsgrEzsNrMqkTxJHKeXNTMaTJZzxTVomerDByy</element32><element33>BXzXJyqUKCxmDpxDruKYhtoSyHceTrLFadPqCinBxGAXVdSaHd</element33><element34>wetRgYwUDBaYzjdfpqvSywplWVjBZmlJWpvXhltwAQcriGzmtl</element34><element35>XVhphkzYPBdmWzFyflgNkLHqkXIkBTgzTjdaxDLImqCEjxSgzc</element35><element36>lZSfHOUZNhjbiaQoixXZemGKxJNAvrsFxDnNcppMJltpdLhBDP</element36><element37>FVFdCmLvddhVxxNASgprnYRSVxCPwYvEZChyiBjwHIePcuIkVw</element37><element38>NMqXxUGajwjqaYdkqxpFzMRsCqCeXpBxeqHXmYYPTgFeHivjCq</element38><element39>KtiAyzgvZNyUFZjJWdcUZBuAkAtFJEXqtCWlUifMQdLohLRtYR</element39><element40>FHRLIJJdjTcqCtYQTJRsznySxXZQSwUKZgijSnFeeHaeotcOkv</element40><element41>jtRmRlMbYQWtaggYpqmQmYOhNpRIiDoJcDZXIzEyEajLVxThqt</element41><element42>fMUOJtYSIObwhwatvEhXRzEVzIXBSkjtQdqxXKlzlvFxrfpkiw</element42><element43>dzLKnolGndlhzKENKzTfkXxkMZlFwHxaoHloKrDWidyHyuBpmN</element43><element44>bqPOpjMwgVjBhpgrpySBBzWgGSULGnGcAVsEPFkEtLTwoFnCYn</element44><element45>PAjBirybinAMXHCLBJsaBuGShJctTHaMEZipURWmEClUzpcZFB</element45><element46>WtxYILXyKPomcLlvhQVuolQODXxQSWHryJhbwbaucXwdjoiipt</element46><element47>vnxnqWSGhXOKcorBMComdrdwCuswtGOfmyHYtokePhhKGLpsMs</element47><element48>RTfTdtIFqmWZWxAsQNXAiskETRnwrqCfwVPFVnEpKYKoSqEsgW</element48></root>