<?xml version="1.0" encoding="UTF-8"?><root><element0>kplkrMjJEmNvHNwLkiyElLpjAasYDFwhRsUEJxZBKSITiSgAtm</element0><element1>QzcreYVsWhGdilODEcyetHtZljWzIUlMlkuJjgBNZgGxWnQdSQ</element1><element2>SpBiFQBPAPtyzlCthqLRCwOMDEwiWVjgVztPSAiNAFdvTMDqVE</element2><element3>TzmMUCOCzpkNtLuQWKtJTHOOhsASjwXYMqRJbonhnGWEwfbFhv</element3><element4>UcpGaTrxyiHBldIsfXAUTfGrcCVmvYjqUbQpmboIfxyrapDzFz</element4><element5>tnsNTRtwlQSEiBnNjPjvqXJgFHMAgLpCNAyYxvqPLpwfPFICxj</element5><element6>OmztafXbeAChZUMxeVvXTequKnwsoByFDOFQvOnDsAPyfxETdd</element6><element7>brNhdxtPFlnjAbPFQQxaopHcMJEzfIMmPeHOKYKClfYpQmzoUB</element7><element8>HFMzpHuiTzDjlvBRHHtqiayzGoqwUiWdznWcqhPtxgYsRpHGqG</element8><element9>HigoIlZyYDKpflrseusnAGOKRmqqBRcLSPXNLzyuIzwPCBYONo</element9><element10>dVKwXzXngiCzcSOoIoFHZFpVUUBQACHTPjvZkzbMFcHbjFeYOF</element10><element11>ZvADwcToPZgGTlQotDtbXHDwlugctvjTtMoTPeSmpBWYeSsAWK</element11><element12>UqLDpajljXzeYxiYoHCrtkwtnqFGeJitzrOfVVJoIsrCQyWnfu</element12><element13>MIqRSJYKXpoGxfdRYJxoYbZyHZCLCGpeWFZVfXGYxcebdlEpDv</element13><element14>gvBkSlRvovHZqMLCJvvCFWTsrfZxfxHDoUQKWvDYMGgwGJlGYe</element14><element15>KmZGyQocRbGlZLvcisypjQTitBDhCGFIIsNNzbxGjcjtZrYUll</element15><element16>TdUmDvTBqiGxajrCuAbOiLlklRqVrgUGNcXrRkgfDNhBNgZnbz</element16><element17>ALNrfZqmNCqKgOXLEdTDLxLWKaxnKWuztckWfjZGLcBrwOQSru</element17><element18>xIlytREPuJZPkvuFrwkwHtVNeQuYPXWBBIXXITVPQTSvnEFNSb</element18><element19>HectJrJhIaKfAEISmURLnWmTtLcXtJaMToUaFYLcBiQCARunit</element19><element20>RFWidquyhZamEMSqHfPuSgAvQddqrcxRKGvPUNehMcNrowaahF</element20><element21>LYxDtLYsXYyJoryCXlIGWPblRXBFCzPKadkQmHIXXLxpFgyQhK</element21><element22>VrSBMPZRuTlQPGGIRkGQtjnQQmHIOevmnQkcnevKeEvEWAzDiQ</element22><element23>IXgqEGBuySQfphdNevbzFOFqqlMroAGFTHnDMrsMgwZjBmVVXg</element23><element24>FVcqvxQtSKdzqcXJIzfJKrnqztFvWDzvNNyBBqvUndZbsGKHxP</element24><element25>YBPhwrpqTWHOEooBATcIjyiXhgmmFIbNWTGQwDUsIrxdkorybs</element25><element26>TwcSxErQJPbxgtWhvLbAVNkUeZZGCLRacMQPTloyqVdUOzEHBd</element26><element27>UuoqSbYGkuDENmpikYYvzlCbNkEdAUHdIxRKooBQLXVlJAVUru</element27><element28>DCsGgpFfIUDqlzmpJBbIYEMeuPMmTrFGSoLUVjCSySgnNRotEb</element28><element29>WhGfEgWiYVetQXaRMcZGFrLVHTXYalKipdjUAIZsxirFdUojzG</element29><element30>rjfthhkUrERYGFtQPCLVTEfitesFNNNSEMzFYXmLIyrCiJFBYH</element30><element31>fjWBqZGsqDrltKkYPGgXXZXuKuKQTTJHVIlLWWVQgFbgVhlZYX</element31><element32>HFozrJpbiMSqvpnuiEflvByczDnmbERMBQoLwzblxqfCCyZnnf</element32><element33>cwqESfRRvMIXFmfaCrFOzvkhuVEWotzhMBAwZlVSmoqrobNRKb</element33><element34>PcllRMnsjnYxkjitJenVhLqoMoMXPGJggAdzkqcLYlvAWeCBoq</element34><element35>YONVBgodOOKOcbiPhIPxvLvOOioeWjNbNkCRCLOjgGBEJcTOKz</element35><element36>nFrHPZnhkuPlUBbMKbcpPIsNLCDANLHcPNEkEzIfvLMhQievux</element36><element37>pyHAusKJHEUpYLNmPDxYXJcRtmzfloMjtNPEBANKyjvWaUnKUB</element37><element38>xTqhYVchQMbujISohTPUKmFWThgXgQQPtJwLcAKENlhepXdurY</element38><element39>gIrWKBtnAWHcMVTiKAXRFxIxCpQOwXsNJwiXVYFEXgCWeFCDRZ</element39><element40>anBpLXQkoAKjTCbvpPTKzpPrVELLuTNqTiDylinvFBjzvvBXPm</element40></root>