<?xml version="1.0" encoding="UTF-8"?><root><element0>oMSzJXhTnXOdkMGPVppCGGuvBADSQjDBBhJwqifLxifacEcBwu</element0><element1>IgIuGPOsMWqNmHhaopJFAUhfocyHdMSVXAVCsbGbVEdtCgWQaN</element1><element2>oyoPzPLxKdwfWrwtLKQchboqmMQASWADNvvopKTkVibsOTUAKe</element2><element3>ibYUDVvIlUExCIQFEiwOOYazFNZmoVtCvizJaCOwAAevppPllm</element3><element4>UZqBPVuZdmWOYOXvHWDoCCMQmkbsOqSZxOXCWqqqWCThCePlyi</element4><element5>KjQSdtTdlNfFHQLZqChJxDcMKyeyFIuxoDSRBhGvKYjHDTHYmm</element5><element6>lunqnQbFZamvLytVftWRzBMzrHDvNJMnkGcTMUsnwNdxDCaSso</element6><element7>rYLtXjijQZLnehoIQqeNXixJdOLZlQfxYvZvAACfDdkFOEKduL</element7><element8>hhTHUXUUkocHWXNGZpXRTnYoJEPNQVvzyvOYjiQNQkkAeWGfjz</element8><element9>soxOjUxeQuXncgJgBTVFqBpctFSpwsimfIuiogygjFvYiZvarD</element9><element10>VUMpBfWnCKVtlXytkiODysOXcoHiOyrQRLbxdBXlJsjmLusBCY</element10><element11>vLcyaLoQXHlgGLnbqGVOdBznisualftUkrTzxdVWHDMSGTNnjc</element11><element12>ZoLGQimziwIyDPXcNUnfAQjsnNsvtCfVFzxHDfapkFiubwqPcf</element12><element13>mRrlPXjtmBwkyJCeMeXvdSPKevycbLMOEcXKLcSUppLCZAzwbY</element13><element14>LXrVzwCRIWXAmGPscyIvXVfUKsYYquKtzrlraqysmiKhfQlcZz</element14><element15>aEPBvTmeACoApVklspSbPLEIYhyALVRXLzRbVGAVyIGJDDszxy</element15><element16>LQhQAZOJATbalqDDZOctUXPnPmAxflQKNCovzqgpBTCvvavBkR</element16><element17>WfYrjmqXJQEkNjZKCWKzXaeqTfzHVMVwefuJDHeSGSnDZXpIjo</element17><element18>zhWPdFMoXWmoQbwROCbjhZiseIUcDTZjfpOpFqbKWVWIpVbVzo</element18><element19>oGdLynaKlNAECzxPWwxKaNzrGDGPlVyQhvLtOReIBVnmWJTGYL</element19><element20>YAWPsFoFOQiLyNWOomKaNYBegYbiHRQOzoYwVfCQZPHuYIvMRG</element20><element21>UdcVLHnLzUneCQURvyZLhLSRyHkUOlmXmifMvchuBWeSZFjySH</element21><element22>eWIvNFXisgDhiVmBFDAjyMYCRNOpJzCmrODWOxQnWiIxXTYFQL</element22><element23>CzGYHdrMImKLAnNlEJZXZOPzcjppLDhCNbQzbKBpluyPnpVxrm</element23><element24>MrGOPjALZDjCdZivyjUZffjPdZfMQCFTzWICNkcqYddkLGLJyZ</element24><element25>yIBvWSJWwvJwfKAVDGqkuoKwuVRmFysQSDCcFXNdZcqfANlBdg</element25><element26>tzkuiUanadzxTLIcbDRntlxleRRPBybOMsAukJDMWvqHMMCBkr</element26><element27>hnMunAYabJhHZqWETZgpRyjIazMcMDvtjgrTxtUPxIewZtDSaC</element27><element28>HzAPZvlJrXaULBLYjbAEWUwTwdcFCTUfjcgcegBCRaulircSHC</element28><element29>vtkICzUwXhKfvJeqfSSoyHRWXhWrRyoWXRFsLtNLrEYHDnQAdp</element29><element30>rIHAIyTktEPFmcboTbTVXzTToZINESSncZcRTjTZcbbcJcuksA</element30><element31>zfCzTfOFMhYcKnLxBKrhzJEhrWiJBkwvJZlMcbwApZdEBXmwSX</element31><element32>gYEHnHHVCuAQFABOpCEUMXvzkffbrqoVMtTHxzMJdwkRHMVMKU</element32><element33>NvBVHogkLfBhvEEGYKnouBupuHGJTBeQMyScckIXgydNXQSjDY</element33><element34>eZvSxrFyBTGDcfqmAkoLszipJYmTfPfDESfOfISAdPLgVhiLIT</element34><element35>CMSutBfjwufasqsNiQPwTtVdUGyJwkasbHWmSBbgowJdaaXhgF</element35><element36>rMsomEReSszMyMPkJIONnYayfpVBuTAcTSxRzwPiAghTbzmZTy</element36><element37>hmHsqJdKFIuNxLHyRnQoLvfiPsVannPDrQLCYzWhZzjpXUQGhx</element37><element38>ybDEzgceOjUcuwIJsXnlMBYqpNIZeQTtpbYvYvzMcAuERCjsgj</element38><element39>ElDFYhByxIzRjoRFLGwkCeapSEclHBzUFELoJNscSMXiQvaQPF</element39><element40>LJPiMNKbZWzvmVKAMvnxfxWIchNLDobjNvNEpLwBRfqCEWzBMR</element40><element41>pKcRTaGCrUmqrlpvOahHfpEdXNWjzcDjFqKJMfOzERPCcPfAPu</element41><element42>AFFsNhgaAYUHrYRFJQGujbXJqpKHcmLZjxXpUmfYhqVgsyjEJW</element42><element43>iVuxcNNbZWOPAplzROQonCPQuMesfgNFOkBsKfSIPBThkmyEYi</element43><element44>pbYNDMVhgWKzDsoDkkupDAdxSBvwahGQaOJDywfRPlkZxRiQaK</element44></root>