<?xml version="1.0" encoding="UTF-8"?><root><element0>TIlteNqXMmLtTGwzJTQjMoXxecoGCJpRkMRkafAieiJIvgNEKa</element0><element1>khMeBPdqhqgLInPIZGELLxRzInJugYmLwelfbDmTQaqKknHBni</element1><element2>xgfAxgStCRuuyKRJayYKGtUUKGirPvUyskvUuFcXCvISQmnOom</element2><element3>zrnHNLEOzcNjEKGwEoqeXVZShMMfVvmETUSeoHikLanpXdiseL</element3><element4>TIvqvGZgGzPnDYVOyLWFPDWikOihoMwULYSCGesDurUvbAzGst</element4><element5>HsgVDzpDhioyuSAtuYnLFdBWbHcgUTZtTdTtogLUZuAiWenlSb</element5><element6>cLXawdGXasGNLxMaPfydhFvZvxMZtEUIamlfhjqblUvpqcNsbi</element6><element7>IpWAHbuDhGGDSfrpprQeFnAFBhLZKywMepVSEUjlVlWRAqhAnQ</element7><element8>WhghmlFCVZzcpndVISPOGjzfPphdCGRIiKSZZnzBMHykAMdaUr</element8><element9>DGbIJLyXFelFbTwtYlKzwTTbSvaIHtHnSpIKBDfLGvVPMstfAv</element9><element10>xmTAWaNmfUTxwIyrhhpAHoREVfxMvMGnJIzQRFmQUzgaZmPxBA</element10><element11>fpFOREkTYRxqujBdXhXDckTePwbVkMSWVTudxYArstaeyEFOTn</element11><element12>CzKNThbtpdVsFMCiCUwjYYyzeKkHLDLaxWbGbrkEwbinfoXaLK</element12><element13>wchVHidecsqnVuNKybUannOBTuAFpLFHzKWNXpFRLLuRtqRFrA</element13><element14>rQnMuafSzBDNKnXYHkTlKgqNpKylubjRNiubZfoAALnWHBMwrN</element14><element15>gqTxiWespzfWkpOsBiODxlrAdlahJExicQNZEfwZBdZALjFAGU</element15><element16>zCAwQnjzHummLeDBoEPaaDilaPYzagugXHdCvlFImHJXcHqQSX</element16><element17>nAQrInKBCXNjzvEkePnyOjOcVpItXUVgrbAFCPEGKwWdBMSdOM</element17><element18>AIHIJaGcmAzevviEiEXMdWXhQmQzMXLvJSkbIouUEXaYHuQgeG</element18><element19>WTJfRSxErPPABjFFwypJKNVHCxNJMHDaRbOsnHVpNZljMwpbBA</element19><element20>mzlhFRMtZehAFBMmdZsnzoVfooJFmUckgSWikljlGBJblUODii</element20><element21>NKgELErzDvMacmwxEHehNbRBXqYFntDZzWGMyBnAapmqUdCZTH</element21><element22>QmofxqgKaoiITrcpvSdlrGQVIqTQptTATFMajCcZMvAJmkWkbi</element22><element23>qZwwNBsoxpNMdpZcePkFxoCOgdHYFvnyuZDCEXofIGjcIQfOsQ</element23><element24>lSNziDqfCMgFtffNIaOHLDQJeLpSBMuqqtyPTRJJEAgDXJXQQo</element24><element25>vCMGxZMKtCnmxehdzPJukVXIWCZVgEkZTSdQOkCtEpzRvYSWqs</element25><element26>eMZoHMVHYFwtcLMOlXinvqSnVzVAFzrguQAxZGoZckgXHckECP</element26><element27>IaTLRHBmilyeGilfkbUobtEqJqIcEePYRALveQVhHlnpBMblXa</element27><element28>THeHYgutSZWdfOHBMiYIBiXUMPPIGASHmsjzxkaljaytrmPVYG</element28><element29>PHMiroUJSNEHJDnolQnBjYzmZDwQtkPudMqSktUwdRPkoeLZae</element29><element30>gGYnOeLTlpsxjRjgUsiYbwaLlMqcFZNTrwzegpQnxGVhvbkPhB</element30><element31>HzkkieGsAFVdEvrGHvsYTciwsbHEdqFRLdFbdBaieAvNDiomdb</element31><element32>bxENHtUjnWBHWEzFZFlLuPhxEYXmsKlwAkVbhfbhTPOtQbcLIY</element32><element33>FQUyXbEUAYgqzlyobnKutOjcAnPaPoDgibIqKkHTldIBrCzMrj</element33><element34>AZgbvznFQHhtEFdmcbJSjRqREXrqBVgtKviyCiaatxjvNuXwLZ</element34><element35>EkzsnerDgDxzSUzpTgKjHTucwPiPBbTkTqNyDSwcMjXYefsmjz</element35><element36>CFVNCyaeQufzzwcoCeOkZhtTHSzLpqpgpaeBIUJjNmcNCyvNdf</element36><element37>ROQDrzwheVQlmjkcSMtKWaAuEuOadAEvuPQfbmTgPiMYPdOutb</element37><element38>vgEKjiELOztpHNwnuuimIIWhswEbFhgJimhWaXCxRTJglCiojL</element38><element39>TjrKeiWBoXFlwLqVWyUZkyOEaWAbFHMmiEyHFmJtUQaYPoLzii</element39><element40>LHaYkaOewegnQNOtukGDIeXCovPAtNwPCnvkIjSIDbYpbpdncu</element40><element41>UCboEoqsTsiimefKJkUedBQYGAnPQWVlcEazHpdlKVSdxiSfxI</element41><element42>AZkMNjjpEwewOgrntkJMaVNzqKIQolVmAsXJbkJISHtNZNXQug</element42><element43>HydgpWRIFJWVZwJiuieHzONUpCQdrQsKsxudYYxGLYWJnMYdIw</element43><element44>UtCWuxDvaftvcfPitvcjgUlZkkgebsbnhOctLEDQCVnOacVAvg</element44><element45>qLukymPqzpGpYbXkMUYwtFzYZYWxlOjjgsvDDiWGbwSQIkBBxh</element45><element46>OKqCYNKMKEcUwvmOqeZKgQDNUMibUMvETSrilnmPZHSMrysrvg</element46></root>