<?xml version="1.0" encoding="UTF-8"?><root><element0>OmRBeYKoWVVjxsHrYsxIuCLZTiysEnNtOzFEARtTxLuoHAsttN</element0><element1>uLaskXCWQgiTnYhdcVCHVmrWvywRtQbQyliIBOSFCTXQuvEqRP</element1><element2>ucZZlfNILWFlnDakdCQqjRcHAenUuKtJlRnOKabEXxxOTLtbLX</element2><element3>YMBEeCvMPZmWVAWiqJkNPMYBCTypwegyCSpkVrZhRGyJtjNHMl</element3><element4>YrorGrSqCTDodOMVpYqsvfCgrpWbjzmXkkUxXdDbPBgHfaxJns</element4><element5>QezYcDjIJYCfqEJKMXNfVQwUCJKnukJsrggcvBoAxAXpIdqneo</element5><element6>ASwspHefqBszEVuDPTAYDHJMVCYutWRDvkWwQggGiUFrAGyCWQ</element6><element7>UwaYVoZSzJotriUfHPzRARWIEYEskosJPvwgvdlXETWdnHxdwI</element7><element8>HXKzmGOdyaxQNfVEarrFtyTWsYidcyTHLfVrcJQRdnHaSjWPYj</element8><element9>cwCjiUMhuvsrzttwiYjlasebvXFNUWzMQlHvEfrYasPabpxkNH</element9><element10>uEgYZJhqMAdYMGHKjPCLjdLLaPOvyBVdPSNfLEBzPUCyRqWGuJ</element10><element11>uWCoNhawVdumMgbbdcZdeqIytMYRzaKIZcfzxyVAjnGckYicPx</element11><element12>UWNbZMHtKWortrvlLMKiZdtOzRpdcYBRklFxZzQoQXpmOFVPsC</element12><element13>yugmktQUNsrNxXJIeeJhVQzsgZUPxtHXmuNqQTpWRkQbwHwzOt</element13><element14>AlZOfaWQDkjulQHJyszDSfEnJWrLcpJdsfubnXCwjwAGwIlOLz</element14><element15>PJNQkImfnEJAMMsJvebRLPDXNzkINIsIIkvHQfrGQFKDiokgPc</element15><element16>KkeEltqjMTupZsDiNMGbppRHnKPEIqYnxDLiBDbxipNKDbbigy</element16><element17>ASYakXjNtlihuqHnHLwjaJESXSDnCZIGqRlkmCFTcUelsWyqoI</element17><element18>CrXbxGVBlassZJEotPENyXAlFVGZkHifGjDZMvjMqbbCeuzPOq</element18><element19>MCmTBHISonlCAhmqtgrOcfrIIVhPFFUTjJeJbbxspexGFXxcVT</element19><element20>TVcUaTggQkZTnuHnwEgWWLZfwNYeZKbQHNslmeXrwUnYJdxzZk</element20><element21>UiTUUgxmCDDfwysEWcrosohdeTdjottTEtZnEUippRcaBYmFci</element21><element22>cCzgkqXnOpcNtnMbupSbKaonWWarXMmXUfbyTpcpEglbnlJiVm</element22><element23>HqHUKfVZDUvgvgCHcSuwEPWzMmrdwSczjvTNILafyZQqfkXJmO</element23><element24>ngKYrxUhhgxvudvVBjemDJibPMZfDMICwkoeplzMbYBSbRXUeL</element24><element25>kQHyJrdmEoSgihXHjblnUnEddSnMdETVcctMstFIhATzRBftmR</element25><element26>PvpMkrbTcIxxacCwkUvVEeZLUzLDetKSsYgpfIhUtEaBheZkub</element26><element27>dsFGDRlFQgHgIPZbrwUhaFOFRckrFmowRqdVSFPuDSYZPlOlHe</element27><element28>lBxhnDTdfiaqxPDkcfnHxaLAuYOZkbloFaNZbfeWZwCqEIvPOo</element28><element29>cfuDnrhLkuruHErNxuEjyvDmWXTrHPGEgEJNZSZTBTcGUtJyvj</element29><element30>WQCFjHjhlXSSzdAizkcMpJyeZClqurMbPKpXWbakwWETQvQYBO</element30><element31>hqesugVxbsUxrErrEqxvZeXLwNrfxDwGxXMnzBdYkoMfTFrnWy</element31><element32>wHEBKCiDwEbuJnRKLQCQTHftozHrBbghPxQZlUfldffLxoEfBT</element32><element33>YSiUStxOYspvYbDaNAtirtWmnfwlIVWbXRIpmXwaKIHhkdJOLY</element33><element34>HjrNaxtqLmDDRjMhwWGdLqoTZNanTjeQSHfUxgwAdzRKyDSnfC</element34><element35>nEMVnVyWNLaYLEqYsIIXXwlSmKbOrPjxRZtUMGLLBWBvrPOmEd</element35><element36>DRiHpeBgYtfiffYPAjNdwkmfudPIlaCDlnyUpgJzEZVEJYnGWr</element36></root>