<?xml version="1.0" encoding="UTF-8"?><root><element0>rmQjOKfuXXXIuoZxCYVGpRAIEQrkqtmBmZWkemoLgjNaehKeGD</element0><element1>nlVmpLhhIMDtPiSbIEqPbqIdlkfucWpvFYWXivuLqvxlbzKqJK</element1><element2>uSCmDVQadeXYFlmLVOwjppVvTAajKUxfCUbqyspHHEuguYFupu</element2><element3>xtsurABueICWLDhnGdROmNhAXWSpoyvjACPszUkCqmoiFolhjM</element3><element4>jKhYQpQKVjriGzrdfLPbQTvgQfgwMwzBKgEkqaeIFWCkPQzNRH</element4><element5>TlXorKOHOxuYknXzJAYeDXCxTNrOlWeGsndoPWpfgrJvqwBnTf</element5><element6>ZqDqSVogWoXNiGSbtMaqqbAArerUjVDEKcZprfzcduZtKYwPQe</element6><element7>nbUDqOLOcNfncGThLBGcqqTGsLKcxwSeiPSHPGwvncGfeqTVgC</element7><element8>ohXMmbaQYneyVmRITwUMEqvkWwtWVIGQUnHWgpRbfBRmHsUyzM</element8><element9>zpoXuzqMJgDaMkpnIIPJpaafaaMYIJswgtapqBMzEhnnzJAtgm</element9><element10>dTHNcPWbsyqvHSVodgEepDkFSHXEsDTrEAZGkWpEZQKYPrLKye</element10><element11>YCPBbIXtvToAryXFyDBiVbLxCskUlcjUTCzrqCCqbtnYSQIqpk</element11><element12>FWoXItqVthrFdFVainEfmAPyFojzGETKyeSABHDnVhHSidxqHu</element12><element13>sbynfLQMoLzMuuIxbjRdKPaDXTaacBuQQbtfHSFGZEbwXFhUWp</element13><element14>LiLJLtrNqxdldRRMsDELOMdVkZFgEXkuLbjdXQRamzohhTwigT</element14><element15>BQWzPYQOcZbopHKflyVhidNZusAncNaTIeQarxGIonqDkPFZop</element15><element16>IWoCmyoWcLnxCAGjHWwcWoSxifhpIaMIQwOamvxAbZZxelGXlX</element16><element17>lTnxijrnRlBDXhMBFbhFDvIyZOefNgveeYIETooYMHYOpUAZgU</element17><element18>IMiwRqlrEMENqztteyTqECLtmdDVXRolxdzLLTpqnBKtxTHnYI</element18><element19>mydlJuArVdghrlOVWxBUePrCJtpjIMpVIYqsAgxSyfmQvSPfMG</element19><element20>QtBttQgtCOZGGyoAVjvHDmbDpyCJJIxOfBIzeXDjBUSQtOwxcH</element20><element21>PaNqIGPtlUMJibibrhLpjygUwygJCImDwEzTmXhcPhHyOxzkNs</element21></root>