<?xml version="1.0" encoding="UTF-8"?><root><element0>xeTeWPYdDPwDKNuhPXPkCgNhCwezZxCimolUKcKxMuPNGNksza</element0><element1>MkjOxKTaZFwtsZKaHBPZLfykKQzRuXQtMYoPfosreXDEtvkUmH</element1><element2>jdIWEUiONvVCXpECsGpBefRzuXsAEbPKnkqnTotRCwnaJftIhE</element2><element3>otzTLbKjWboTGrcCfjjRZRNlZzWvvRdzEtxtlLoItKsPQReECY</element3><element4>IkJteaqaDPxJjqImcCPXqFUwRhGvBaDdOeGsCTqsWJavHEzwOz</element4><element5>tQfXrOxXDdPBnSMMVfJfQeyQujZVHStAeafEGYzRhFfaWSeWFL</element5><element6>FBpUAoBlKgjEXekasGkEhMIbyVKZagVsxQVhkGHIzxgEzJNjIt</element6><element7>RSfpLgySBfDkSmazrLSUcwYDUMkcYtassVVfrRNlgHpyXwrdDF</element7><element8>rUDqhSiUlxagLldCeccSdVTMkLLDCTgYdGIBJMRjAPJNwTCUHA</element8><element9>QBudRmSLdoRqakevGfoqSoOmUAROxzgbETWXvqLiCIHIyCxbnV</element9><element10>UBaSWbxYxCKzCjnAgMuGRHTGvFqlMBKxqVRESZFolRJaHJCybu</element10><element11>gfPUxmgBbXRzJaCdwTtTQDJGhWeiHMkFQPMZYcoIEwjYNEYDQh</element11><element12>JamqzqBeBXXrEmouTikhqKPXcnFZBnGFOLWtWGIEeuNlPvKLnX</element12><element13>ZkSYqleZjpqDOKzglsFXazduxAvnrsBKUSLohkgmYBntOqVwYJ</element13><element14>gGMOCoJAUJvCPNIMgcyVGkzPrzwhBDLqkjMwLKyTGFlQYxbUdE</element14><element15>BZRHopkKrKySMfXUayrXEPbYxIMNNoONumqGCFBHNptzPHpXoW</element15><element16>oZNNYeVBKCJbbMmdYdVxpgHIbRFOkxIHeVBHXwMufspCIpxcZU</element16><element17>DtASbgcNzLwUWcCFWysBkbsFcbhQiETXfvVTPdJUWKyUAVlXlW</element17><element18>PkrQbzuvMKkIPkuhInjwVysMqFIijnpTcfAlXriBDfMDcmBTgQ</element18><element19>FQVVzSlzWUxIWFIUJNUjjErVKURkGFYqdyBzqYejioJhBRDYpJ</element19><element20>eJNmABNkIXIpzKZoAQXTFzXRRKxorindfshXuFoLgUpDjaptVY</element20><element21>jLlkMORZFeedVFvYpiMdeObPGaLgocmOMscYAomJGqdbmuqFnn</element21><element22>VaLrlpUwCFgPYXizciDReneRSSfvakjxTPacTZXZOVhEuwgUJm</element22><element23>IEMsIoHUdxWLFUjMEEeZGTlBZtncfUdBgIhyPQTFtAEniyLAks</element23><element24>YURwBInnTOiWtlvjhCGSjItncgWqhzHoefMUqFZxPmLEZiwiAH</element24><element25>kLpYNnecQGuhYvYNZdSlzpPbUfyBpmKFmErvLsbcKPFMmzAzRP</element25><element26>VnIoJavYirCpTDesWvpuncKOVvNPjoSngKNZxjsSTFNlVryihF</element26><element27>GuYppxebwUHZbXIAMhpDKCuVmUcwKflRsDjrCwjYCOdNfOVpnW</element27><element28>fqCsownlbXWcIGTJKevhWSdpORkyzmGlgWLlpqMbpsbclHNrsE</element28><element29>UlHrZipNBpVeNPutEwSejiUSTuApFLlcESzwsBiEjWvvINgLWG</element29><element30>BLHOpLNaetkjBlkayUwRDLBgyjHknAfrtRLtgElpKmdLGQLvXE</element30><element31>wNtrVCTmgHUxRDcZdrDGokrkLqhRuBSWCadMTmxBUIYLxsPREn</element31></root>