<?xml version="1.0" encoding="UTF-8"?><root><element0>GGdkIicqZkaEiepEJBeCdSaPrDdNJLImQAlYVZmlCMCwDgqoBF</element0><element1>vAuHCSItXNOyzxnoezSaBLlDKyRSFneUIDsmvdkuWosAPeIhZM</element1><element2>TBfxScAHwszHevhwXkcKHAHdcrGsCeejpRgXXacqZLBDbSgCNR</element2><element3>wAdozGbmWURtOTKHQYvTaNUQZPreSreJiJOGBJuulWepuusLlj</element3><element4>CBZZEUTXVpASdYawEUdVJDGRGcjvMslRdBGpRcVSrrbCcfjCLa</element4><element5>tkoThxqOGTHRbMfIQHNBbZRKFoJxMDNnGVkJccVGgCsKwDEISN</element5><element6>oYyxGHTraFnkUscjJhRqAzLLJyxUdRTLpOgnFPgduqUyRmVDhS</element6><element7>tOfxsvQmxeSvVneSNmCzvOtRaAxKkehGQCogImDkpHuzlShEaZ</element7><element8>KraDBosFpKzowJiWHmzsXErosdBIgAfkaKBtQaVQebWBDphLoV</element8><element9>hFozgwjmFAQshsOSIZSeLKQtMVYYGqMYqyEejEHANipXYuSIED</element9><element10>jnKSwSgzmKVZwbLngNzzEvbEQuOFvjULFHlcBUywOiUcLNglfE</element10><element11>EAhcAoEQCIkhFgvgPvzjxSHcbjbRPNHbpkoHMALWsIDFHzlgoQ</element11><element12>DUKfFefspCegscgKDeWMTgURgFtPxbzmtTUHVHbAijOwkIJtPg</element12><element13>vqORDAARdRlHWcvQZOhuoIrEavveXoakmwXlLpVxWgafUOFuKe</element13><element14>uhNRUEnocsGNSyBEocVKCZqYQIedxGJacRWycAINEzSSvXwPZt</element14><element15>jywnhqjnTECRxXbtmeEyGQpxUTZLGatBzrctPyDHkcqMnhiChb</element15><element16>lRBbpZvDGTiLMZrAdSUWTEdnngmCUKsQZZnfifspljwSeimnlm</element16><element17>otApEVegBfdgnAhOlCcvoMevvrUiuiFIgvJhNoHkXcNkkUkCnC</element17><element18>nRQyWsiFaIcsyEGhfFxXpMxfXgAnbjwOGIqDUBDtFrOHJgPqGY</element18><element19>WdztjtyDZLtTCtsHsXyRUUUPRqolbgXgHrmqJnFxREeEoTMnEG</element19><element20>nBHotMmMQxmoVlpQQcTNbFkqbegAVqdvUiojdCvlojyCbmNDnJ</element20><element21>xivjIfKeLjTFQaXTcQlnLrsuvrdIrTxcZJnNGuYZeenqqlfXdU</element21><element22>TzMoOKjCsmsinWgdxNfGWzAPyYjRYQsPJLTPOSDzfYzMOUpWwg</element22><element23>yvyUcxypynRcSpYYlRjGTAVnJTULGdoTjMLwNgGfPkqesAvRnR</element23><element24>VcMVjuZmFSavIPLkFfFzmLzKoSrHoyUPKjOqsRufBjeuGGzyFP</element24><element25>yhwYWcRZlJBEwGUtldBidIvvFpqBErQvCOTwEDrtYEaVIlmDYp</element25><element26>TbManqhSRQYWBQnDtLoUDpPnGGVzLajaOGGSpesPlHGuPkyIHt</element26><element27>UMjrUUSUOpevamFzXiPTpRRNTvhnBWcZhZPqpSssGZVdIKuNTQ</element27><element28>lYDsJmDrdeyOWfaWLUnBXabGdRaJLnICQqJppypEbwXkUuOiBM</element28><element29>iSimpxfRCqOhQAiKQUQpRwutAdElrRWxcNprVjHusRhNQfoqSQ</element29><element30>OOwQvswKjsgmtCAoJpAUhWljfaXfZMAEQcEuhHFvUSRUWwLxQt</element30><element31>VTmXOxpSJTKLxUfClykRbjspIOSneOcQmUGWDUDiWgiYhkAxUC</element31><element32>ulicVkymHYzSacPaEhqkbckOcmXtkeYyhysxmqDZOOBZeZijDg</element32><element33>YHeqeDdbXwiCMWpTMfOEUjaWltYRGSEJvAQJrMQLXYrgyghwIa</element33><element34>NWleYbLKZHMRUEMfOyASPXtrdnJFzkjNqcBqkIJeAFaHIIbhvp</element34></root>