<?xml version="1.0" encoding="UTF-8"?><root><element0>qYIDLTHDtmSzWcJAGdDMYaayeSyPPIVnxOznBbCmHIsqnpQobD</element0><element1>PLyXNahWUjJMqxSpikStzZPIoTEhYSfRbEXPwFZwQiSLanxcsq</element1><element2>WhNBKBLFoKylsTHGtUBAWcLSrHtBKPmSUROdpqLhlFvBxCsERA</element2><element3>PFNieJyAckUHQknJzBahpSwqMqvOEHmcpJbAWNZUHrIPzraxEb</element3><element4>StxDvtYCbxbXRtEMaPQjLclHHabsTAQIvJVeKxAMniNWHQkKXY</element4><element5>CUvulUsVtecVHmdTikneYukZgvdSgCuLeNljZjigYtEmaEzXEZ</element5><element6>lNtPVEWjuZadrzBssbUNeNRgPyarDxSqecrxTyZqwzbXMPADbI</element6><element7>NLuFtpEUGHXJwIxiVJCHAqQBVOUJWNgpAMXmYevLgbcxDrtDNR</element7><element8>PvJhfrIuqlRrrRFWmngmuwFixfTRagUAnQaieVldirfPeZLYou</element8><element9>tkrLScYDJMJnOkbDjbXUjAyXkgliSRVCiHdIeejlDDRneXcRpQ</element9><element10>pfsdgwNzTCfHEPzvtgcicKsTeqJlXfeRINxODyDlSPqTvHkAzQ</element10><element11>XjLYUXBZLbomSwlRnfLGnPNLdqPUksxaLrzYRrPminMxwQHgcq</element11><element12>NYYQXiHyGPzGIsULHjYtxGcpQdYWHrSwJKuXGlABxJbVIPjXQl</element12><element13>ZcMdXJIJNHWXKmByrMlvGSrQWBvVvSWSHwruooOoPXElmxEfFg</element13><element14>mSyRenXjppigbEjEeinuWbMfQobElexSpOlHqjtFULBCLYKBqb</element14><element15>UEuHckCCuUJufUeqGHICEbVIkdnqzgTrqLFhkpNSVSryllsCaq</element15><element16>XwbLyzFvIIrSFcLcQVfTnAHlWlTOwbeVRyeScSGeDuNnGSwEMX</element16><element17>drQOQPyrKIaIRrBmYQVCvMaTbVjQMSLVVrKYGfrLrRRdKjojlU</element17></root>