<?xml version="1.0" encoding="UTF-8"?><root><element0>JJmlpEdWoQPDfoIyIThqKFAHQKCUlygbhrVlohiQxIXVgJfWaL</element0><element1>bSZkIkaBhZsoMnLUKgRapkOzseWMYugdkartznVIekxLWKwNdq</element1><element2>lCFqBhtYLuHrnrtVQUrfrjCccFfJkoBmvzUBFxuscuxvVtSHiu</element2><element3>QWumVShYGAgXcRYxBUGGJsruuPZsiHLVpFWDOIOovHDHpYDSHO</element3><element4>EXdPaWJoXiXlHBtVJLHoBYHCyOFzZrZReWGBfkTKZyVAarWDoG</element4><element5>xnfVtwkktdqGUfVXxTbFvssBVZGnetAiMTkasrjdPzFOkoKqmQ</element5><element6>MkHiBnBATkkpNUBVhphxCEFqJqrEVtWMWVlcaGmAKeZHzWgzLi</element6><element7>clSYDVxpwndOfkfgGsYwKzbdKRwosrWdcZgoRPOKYMPuUdHykW</element7><element8>hCbrMCvNrEYGuUtpUkzMXPflUCHeObXtnXtKTNIMKLqbGcSIvR</element8><element9>yjHPZwuRmVmWATVRwkKgwZvqrVpLufZNoHusygKekpCRBirClZ</element9><element10>IDEchJWBqbZPBepMbyhQymvHmFBqjnpzMIGESBHcAJaruQGTjU</element10><element11>qRPfekEKkgJKHxOBdOmaFwGdqDOJApfcZqexyVlPSJONxQOEKs</element11><element12>zMllOHtobTkwIqSPIixSAJgjPGYizarSIUggACIuiueAGsrqMf</element12><element13>CneOidxREBULTwLZIAIMBeZnCsWSCAzTukoVrgIWzQYyihjOiG</element13><element14>iXBpRcVOhcooRpgwNQwddRrcXlOEBLUKPlsaKdgyMzRnnLaJSc</element14><element15>KwNELRgOUoEQpCIMfJYOwTUQWgJdlGwEsFvxBECThqIdNsmPcp</element15><element16>WJGXIUyRjJQJEUGfVlkBnuZGMkRPPFYKSlxtmEiBfXqOWfpVdO</element16><element17>grFAdADShjkhNuOFsyaElODfpaLdGuLxDVQLUJWIIKBZrsRuNE</element17><element18>qbrrOYYbDqNemsidVzELqGThHwZjtLzqCTfTKrEScWAyWzsEpS</element18><element19>FVvypdJpxcjiDBooOxVqJdNYNkZiOshPyjDEzAtQtoNaiuaIry</element19><element20>OSovrrbClDwUQUMhuBcGbbqSNsMyqAFuROULedjqPQYuqCOkxR</element20><element21>wJCbebgwiIxaEgEyVldfxeCwSrzlLNKQnhiZwaRSLIrVgWXxTt</element21><element22>dQkipbuLrhvLdpJNdFuBYwYWsKdDvKAHXEBxRcAbnZmVGeJQhP</element22><element23>kfMyxElqgyrYjuuqCMVZkvVVEztWEGZTBpTyQvTjHamBEmOgfA</element23><element24>OMVSyqkDnRuJfdjtdZopBtTuChQVnUEzdsgtfTckfesICgTRka</element24><element25>WkAuGUdmVylJxGpDajYJTbYjANJmJyxUstbwgOiqEvFkokHHuf</element25><element26>xXoWWWfsGrmzxFkfpLKSFKzzoyNpDYaXqSFAwfReSIDULpnqJQ</element26><element27>KOssDBAiIJSHbrZlIauJvmDladWJXBQYRXmmjqtqHbzRvpNeAD</element27><element28>BQbrOrnHYEEWTtGmmqVVKhiHIgEePLYsKezbnSJLZmLgMdsbgb</element28><element29>IbTTMtjJrrHYfyQYGpJyJMypgEjRnjfYTTqnmgUeTJHrhNLhmo</element29><element30>WgfSkvXkUSfLhhxcnxXwUctNSXkIbzGWpZmsGthFsLDApbyOoq</element30><element31>lhSNEotnPcWgLHGzOWGNBKXwvftikzpXlyDXuHEXttjWWHASPJ</element31><element32>LvbLwIBEhENhnNNoCjKPRGjPfezgQIgYJorpoukmLtbFkXeeqW</element32><element33>IVqaTWzsACGfvHGECsVashRuDIACzOvAJbONBTUBfjINckLbmo</element33><element34>NtrfVLwynkWiYRiWivdmjmVKHtLJkjuxExeCvzpWadNuYQmEHj</element34><element35>sOlQmOPwclxESIoRzyHdUdYQmkukxqeUmRxSyUyqpwiznOaTds</element35><element36>rCAGSUKnvGLLWPrWXcUvpUKnKcabKFwDjrCqVwhwNaxXrgbmIj</element36><element37>fZDUGXOlzsHoHoGGAMEJhbzkJKmhjlCAhsqCeANiSGnfGPnaIe</element37><element38>NSpsQMqKfsIjEVvMOIOScLkmezEqWsIJqLvHLZfmxqumqswfFk</element38><element39>mMcRRSrOMixLyPtHxXQpywLBGMvWWAUrVMWSxVklLKYTonkLoD</element39><element40>GRxImUSNWlcmKRAeSfwaKFktfRtFiCrtMhnNZvUVSUSwYTcIIO</element40><element41>NltrEkIMMhazpawLpTuAngzSNGtQHsGKUOdUPoYWjQgXovWLVg</element41><element42>MhjpnmaTmTvvlokpYeetsxMrFmiGOTamzEtGDfRFRxCkIergMM</element42><element43>dVvtBSbjXEUzxYJvHFUGWiJlLnmoOkgqizeSleLBvyoDEbSeTL</element43><element44>GMfodclVVfQrkxpsLhFBJRikVsicEXomDzcYWcztqouqnSkAhX</element44></root>