<?xml version="1.0" encoding="UTF-8"?><root><element0>WNqsporbmsqBYERaCQdhPudfzvquuoxJkRQOHNpWBCzysazZhw</element0><element1>uHLSoFzEHPYZtHSYPGEoZmwPCtebltAOTEkfwyMdmxfrfatRsm</element1><element2>XHfrkpJfXbUqikFPmVBbPTDWVFSHsnUduhIRJThDsQpdawtsYi</element2><element3>HJDHnRQzUNJLeTzJErWKglKXuSMeaSgdjhGFDbBQdLKzmHDFGu</element3><element4>xXhATpuXWIBtWKqMjKFWTmdwBrBnPjTpxXLnsZxKhUQlEjApKD</element4><element5>uBbeOMDwRzMaXZipUpUpPDffPohjOfmfiDbAyuYXYQtfarZgsB</element5><element6>KsYWlfvawIpADebtHGRVdWsWoHSOCsocEOWylxUZPHrLVthIGa</element6><element7>YxzkqBOlrvWXRRrGCmztAjJHbzQhnHzLWXItZrzgxtOXKvQYXD</element7><element8>TLeHHNBljuCvNdyIQvjfPtSxxzWcboUQCHhfMgVCOERMWcFnrq</element8><element9>cojdkDKMIPMCzMquAjwdZxsoEzbDeZOSjvMgZIDYDJdxKGoujv</element9><element10>eIVLKfbOjiSlJEJiglKdKDpIdweqkMbniYppitJEmgAmUGptgl</element10><element11>EuYIaCyjIuPPqlEtpcxhImRiLTnfFpcrqwGlMDtJaQlLMHGAUC</element11><element12>WEeOFUBCvOcTOkpBcjdQHLfobmwpwlrzjcKrkiiqgHmjTmYJkf</element12><element13>DZynVVccmtnJBatGyDcYNusEaHSYizYxvayaUtIovhZVfxXEDw</element13></root>