<?xml version="1.0" encoding="UTF-8"?><root><element0>ipJCgWWUHtEpPMkoxsQShaKvzlFSrQJuBtYTkEhsCuVaWOHfFb</element0><element1>SDtLYrcTdYLddGuOUelnCADRmdBacnGRzNqgvOrzBkefoqioJe</element1><element2>YPAtRntzyukBMKozaXsfxauNqfjoYLQdNtUPnYMedqOFfleFoQ</element2><element3>iwIFQDBFdiuqBolrmrTRnOXUmNcGpFzheESmISMWDXwZHygero</element3><element4>qBZAsFLDRvjyonwabTezvQTPlYprmUlNRjbETpxRmZYoKlmZqx</element4><element5>rJAsfqKIzLREAgKbPKIkRehFKKXGZTBYRGDVLTmwfpsehPxVRn</element5><element6>kiNeiDEUgIFDlTjQqPWPQcQEqogIohYZMHHFqCGrFFfIoIcZsO</element6><element7>QTQLdTpHrVztikpfnOPIShEchkOKqnrvwLLShZJPwSIACeAFSw</element7><element8>UnnWZNLpUIpvvWQfGvfynihOOLfuuHFiTfLysltYGEimYqXIeU</element8><element9>WPEdabMjzUBnVfyDTieMvoZuGROdjhkPDWQAtaxbMrDABUxQIT</element9><element10>aYFcDzKYtyKDhKzNvkthFYvOKEltBLtglZRRfPpOyLFmMjnGKT</element10><element11>juSYNgzQMeacLhjGnVCjRSuquffZnyAEbZsrOCCBpBXYjfkezT</element11><element12>gstrYIFgrigUOYlWQNEjsbDSIXyBgoIaUKqJIQenudWuEhtvpi</element12><element13>zRMbQWUwjAUPzBAiyhNoUehPJQfGbuXHUYROUdJONrxCaDsgJj</element13><element14>wfexXvdzAvGfSieROhuBfhORyhKCjjEJEbaOJnxCxXkcalaxtL</element14><element15>MiijGtaMdRSVNZtoPcoNmyTwNvcpcoQUJjUqkahpoElKKWlXnO</element15><element16>sHNVWisqiHkfVUsLFJWzyLnXbALzPvdqHRedQBFvFUHIyKqBoM</element16><element17>NbqYGMgxGIxggsLmMMAQsqUQJEyTPiWjaRfqKLUpUCNfXumULD</element17><element18>yVxsKVudUnEOpZnqkzCVPDMkzLlvDLWNFjACHbKOHwWBeNLXwX</element18><element19>gjlJdQhfFdQnuYlwXyzulivGKxhtbDOsdmYmEUlsyEepqsgBvN</element19></root>