<?xml version="1.0" encoding="UTF-8"?><root><element0>UeLNGFiSCTjNKmdBCzZkjtLCbkdyRENiISnqQYWEbwvpebYdCj</element0><element1>NNfvqYwAlrcjxvfSQMjTvwavdRsVxrdtbMQwosbGZaFIWVXcDL</element1><element2>xbBQsJSjaoKPRrdzaChMuOOZBRLPYMrIfojroUfvdLwxmZhVCq</element2><element3>VEDGfDIEbNMpqtQgPdxocMgBmSCxnlUJlRxJctCKFutYrgeOSt</element3><element4>dBrlbJPIlZWtylfJzJYjteuovKeibHaURdNeySlLWYoVpSaLUl</element4><element5>PxdvJxZByOBolVZVHGnAJRHxuzbZRuAINUdoUwAsURHxkjkXiZ</element5><element6>IyUJcYXszJMnZIIciktDuCNaarFNNZYUgwjlZMHnzdrCsREaGQ</element6><element7>RlaKyouDeRLmyRSuJQHgcSrSmgLwURwHvZklSFarLVfOvsgucc</element7><element8>iKKLqjdbMOqvTZcYRuDvIEKcLzOsfeiaJoWAcVQzRsbbhNjUwN</element8><element9>YEitbaRtGxASPLKGZgKphWEMVuoSUKTqeSELyNEoIOWabVkhgw</element9><element10>GKuHfGneUUcpOBrhbIhcRhdQrDhxGjBCRtucGPewfRsoArVUOF</element10><element11>jKuVYTPlIYZCVWLMsyHJJAYvvfYezDoNgARWYxDocFhvAkbDEd</element11><element12>UQZAIWLTpWxiOimxFqBtIZrFHPITRZJAruwyBwNcvgLANGMBUg</element12><element13>vDUXuLIHiqFiKdjAZXWDEnNRvrsWMHYfPnbvUkjoYxDfzZShlZ</element13><element14>dilUdpkWBFPzNwHtFFEpcsnXQwCZKDqkjvFnGxWDBccgbaXhQf</element14><element15>LMBeWUspIGLnpFGEVAlTRiXnvuWUUjmWSWkbOPKDmQHuTAIOmB</element15><element16>KaWKAXSzgqbKmWdQyCoVStllaqoDNfRTMopvEYPfkyLTfLBsQz</element16><element17>FvLotgoBCQbddKDSqWwbUjXmMNLzZJsuaFVNyKbyhJFiayxIzX</element17><element18>BbInPZFjTJPhjkFqAtBFaaOzdVqMmXiNBPFhkhscccavOOBmKx</element18><element19>jikIZGrCBYaJXePngwjTVnlPvydOlPwFONbXvoqHOfIpISEFWE</element19><element20>UVgitpfREGwxejqaJKKzHWekborZxsPgLIOyOSnvCoGPnXGSRu</element20><element21>txklDCRSxrewezyigwwytYkvamLzMuJoqCPuQnUhflCFEobiWq</element21><element22>SYSdVPEfdXYolnbCYhjVPjETEbEsOJqdufQMLEoJEZEahYBLkD</element22><element23>dvHfzMeVnEODuOvbaddzJhjureUUityymovnvbcobnZynjkDHF</element23><element24>kJavYjGibeIoMAiCoCICHFcPdnoBfrUlXuUakCxvpJVHxTyTjJ</element24><element25>PdOUwWhNcbyzNpPQMAoMkmeiMmkKeEyAsDiMKJNItQOQBcIvKW</element25><element26>DrxyhhcMMgfIktjMtMNKrhEakFApgzbAOzMajbjqsBTubIbqQp</element26><element27>OJPnGjEuPvqwwjaPJEcAbLfdEpPHCPpMOfiQxKkHdVrjXNBlMV</element27></root>