<?xml version="1.0" encoding="UTF-8"?><root><element0>OAAhNFopytxtelTAovqAPpfdQxlQhNHzOIfAbZjxpKvcEEGFDK</element0><element1>ZbYwLsbiCiueCfQuxJyuSVFltczMmKVhNIRhRRCVgOtZsWgWVS</element1><element2>HexKcaLQzHlyBwOGtfEpJDhkbmGAoIoUHBCjzxWtIwdkMZrtAr</element2><element3>uoIPPtnKcfjHPRHyEdYWmMQRZOYFUhnUhbnqCBBcuudiyadbbX</element3><element4>AmWkCVpcPaECEuCNAIGXWIEkWLTbmrJimmLHOJFJwSIhfLOwJL</element4><element5>InoCPjIqOcBPtlpxPeaJgIHRrttNKktJqVTmSoWAjuDhkuilrk</element5><element6>FciZowZaVaKIHVghePpQtxiHgaibdlCLdCnRHdaiPwUUgqqqcd</element6><element7>mjCmyGmdNiKRRwTHIiXNRHrvXhJsxZnkuMCdogroSqbQHykYBf</element7><element8>aWuCrsuMBvrLplgkDOLWRMRnUkCZXBwakmVKubpjxRQfWeDQqd</element8><element9>apEyQDWFkdiKeCKROmuMCptIysHnAFdAkgBCYjuLeTZCmnpfsy</element9><element10>AQwEPPMJtDtQCuflsUUYcWKvKQNGlnxxcjxLpLUPFGMlAsCZIy</element10><element11>ovFdVXldOAhcOhrKXeLtOfeRTYSeWSravKbEBkSQXiZSbsrUuZ</element11><element12>QWUYBwjlQovBlPKMFCpPujcOvbWngleaCcdLwiySaQTICGrWFg</element12><element13>NSEcTgNvshSauEOtTWjSjsWOLeIndslQtQpdiwbGGKpWqrrGIh</element13><element14>xeSSAeCrwOKRjlmpuhAiRsXBxYkGYOovlgVUQFGJyfAyFzUIxA</element14><element15>zlCtTTksNZTbUktNFjdeCGzAMgedhIAqsdiBpqNadtUhlMYPtL</element15><element16>QGnKrcrWqZKqrrydBGLiIRwxxCqUHRptDsmsJpcbObbQkdzPhm</element16><element17>MPazCvuAapMiWMECBRrjuobMFhgQHuCcgszNNwdFZNGMODQavr</element17><element18>vYylMhBYrRnDGUJohCywakgoWrJzsubEimcVjRnAkoObNBEvkc</element18><element19>yDYySIIGgINsOlcDLXKcqoKYqeoPiQQHwjxcjmVjjmkQUJMygy</element19><element20>wFJTfMSNBCeckKQUzwZcYmefRLKdRuivlMFsqDCoRjaGpTrhuN</element20><element21>bHkXmPZdilvHGPnFFcAxYyjzqBXbFUXBDqEDYuOQUvuBHPcjVB</element21><element22>uIpLMctAKiyDVqZxwJoZACWfRmWnBoWlaebrYSALdsCevMVeEA</element22><element23>MecFplYWJgGtWEQHmXNvJMvezlgWJAoIZEUqkkeRoeIzetTDsV</element23><element24>YvaTgPJkkPppfmgjrGMwbMhDyHBMZLhzJUuboLAUxvMiQWyIKo</element24><element25>lszNwVmAVckPzSniduUBuPeKSjaOcbcYVqGRRFjttFKrpLymnq</element25><element26>LJxNkYfvKnMXkZXuGrQHuVlLcBFAMFblqaaKvLhluxLeiwGjUZ</element26><element27>GAmMtQucQtvioSgTFrhrWszWboDzJOGnJsQkGGLbvaXUbsynRZ</element27><element28>RGFUPomhFgGABBYUGkBTOOKgqLCRRdgiYwnamLpCNkVFGMdCpK</element28><element29>KRlNtWwJJlWOkAEqWbNamvCNrCllGNdNSjgWneRjOErXcYleCg</element29><element30>NskPCtMumJxuMQqfMyLhTAhqZmWtvXpxtdBbBZWkZjJIhoDTWd</element30><element31>ZJIpEdypylMQIKFRcGUJUuwTFUfTkxFkhhHsaEFQPTURHZbVGw</element31><element32>LrcJWWZRUXmfbqwhhGQjfaQVTYxFuCADtNGFrNpsYhEDZMNDxa</element32><element33>ZjYWCVBIIpLmSgTQESXRlNTwKsQuscYChzbDRrqYxQRoPzViWl</element33><element34>rTxJjSXBJadqdAdBTgHAUmaOYfIVvoDOByflxLQijdmgUONfyT</element34><element35>qakeqhBnNcOwYArswUmCAyzdSBAmaYcOeBBhnzkPvvTZoBnQwz</element35><element36>BHMxpzfwsThPuDFfwGMRNiEAtcXDUDpjQSTQeOEXhnMZbntGKN</element36><element37>vAmQxgpFpqFnJIYbbKPYhpQgYHlxKrTXoBfbTwbpLAeMIxUlpj</element37><element38>evfDxwBEotRainXABRrmwWetFVnqdSWqLggWXiqUnlRnoHnIuj</element38><element39>ApMGPRkFfThRbIBNmmnSVVieTecxoIzumtYWtENCZSepvrUBFS</element39><element40>fBtErpqkMSJUoKFJBRbrMvzismtsfwRpKVUwIGfeWcTLrWKloj</element40><element41>OnVxBsJPWaplQjgMpWbEfQdoYieSyleULkXeTxRMSahtONfqdo</element41><element42>jmlSHqoKvJErGWsAnsUZNmeRZLmaKcHzewACMytPHQTgajCIHE</element42><element43>UAWyqujpeEKzuogUZptKOiiuOZPZIVBRuSLWevASZHqeaaeuBg</element43><element44>ZFlKwttXaaDNjXLbYxkxBymlithDPhlEQXGyzIWdQZBJXWWurn</element44><element45>KnPrTrmcYAxnakaBSDfWaGYUwosELoSnRKQZjyqPFqiTIXiUZE</element45><element46>nUcsoXjGbdTDxdVDVYlOJASaSEftxaPYjwhxalBuNkbRccvHCy</element46><element47>MlqCHWGmirrkKEaUJgCaKGnXJOkHFnjRbjWDqKJMQzGTKMklbX</element47><element48>ZDzfnkjYwFnxYLHBtkcBQMLYiVtUnjoDbUWTxOxmyPQjGTnibR</element48><element49>VhXyEpZBOBJazrZClXONogYevGQwLoFdOUioSOAwlXxlxsEkVp</element49></root>