<?xml version="1.0" encoding="UTF-8"?><root><element0>fDTiusglQEGUPErFjOrEHpiKrqjfoTXEvzBeVZkjSOSDmwTvqz</element0><element1>RVnVLgYNpiFdCXbUFJSOPGhyvBzcJoNKvrbrgOlfaimIJbYTCh</element1><element2>PmXQVuLiUzbdagXocdaBvreZAsrndvAzMGxQHTHhHXCSBioEKH</element2><element3>eGWPUtqRvpNoSIloRBnlzpPSdywvOJiSOIdMbgUWxKLayaflGI</element3><element4>hbXGrEhSdSpDEahDALejbDDIGxuQrWHxCBlmsxdpzrHybESmlJ</element4><element5>ZDToUzzMquttTjXYsmqFYKEkpeajvJvQhETNlYDDONqAXtEJsc</element5><element6>yOPuPGUDMvXQtEmjZynZbqynOvaxQEHSRLECqHrjfusJAqdvMQ</element6><element7>HDiOuuAFCASvZwFWUsXepSmiIuRreBFbZfTeinBTMVvwAeJziR</element7><element8>zamrCzhOBHUhOQFgbprxnFaelKxxHfhFrybwelXJRQJJWIvOBl</element8><element9>dcviUJcivgkYVElsXBtvuxbmHWUkpKTpOryVmdktATLLkldeNs</element9><element10>nhlJUjoXuXYNnmTdODRcMcAwRMkOIqekWcZyLiMnhQvLJHFbMU</element10><element11>jCxAQsTjENiMraaEfmCdDzMBHWagpRiZamKLzcmwcsipXJbEwG</element11><element12>LAKVJRnssnWbpaupCnRUzlBHDNqbWzzibCmbABMYXMkumKyNHF</element12><element13>pHukhQcycKbHrMfZOFGZDpukcxWsOrpzbLhjVZobGBJKyjbaAV</element13><element14>etnvzPktQnrNDhDuZzVYuZirAiOHvjLUdPvrSCmROmIUVDdUXm</element14><element15>SiylGpaQRgxrRfDhVKZtHigXfTCdAXVNaGTOGaJuhuGygxpjHv</element15><element16>FAfOCrFhnFgSRvWgUskJVRzMgObYibUzTIwXgMytfQyIDiGTgF</element16><element17>mYueZdsfgWrkKbEXfHRtUZuHJLeDWXcgYoKHPwPROVFityxhtH</element17><element18>ddgUHKpyyCQBVtXBPMZXkvgWpKbmQbZEZnIMPhpubdIcnILoBz</element18><element19>xbJPdSkOtAKHSnoDNDZqYicwCdjNYtMVlwcrawvvuWwVZRmbCi</element19><element20>UtGQUGkKUWfPgiOTcVhkweAmESKqjxrwuihxcVNdmMmtSQhdIM</element20><element21>uFnLUTtpcZKcjNbGLsFYKCCrUdBFjxkkMTTMgISQQFOrpqJuHU</element21><element22>mpQUwEJYTLLPIihMwPUHLVJJmVcGmzEUrKqGzZjCuowtpRZcYE</element22><element23>XaDFgoEHzlOqZyOLSRaLSSUPNLyPtGXSISQAwYHgALfUwLYWUr</element23><element24>abezzZFBezEeweRlwfhhsJalxZwSPtltFeFUkhOKcXbymuZlgS</element24><element25>tLevgCxecsquNUczHtBamNLlGgHTiukzPVgELfWnrpeiCYmaGG</element25><element26>vaKNvDhNOwoJLFxibzMAfqTbmyNXVOIpjuKjnsswckACPrITxY</element26></root>