<?xml version="1.0" encoding="UTF-8"?><root><element0>xsqdOPBASKQbCILWncpNANLLBtbfmwbTfkJdncvdTwFuTIPdUw</element0><element1>jwTywYBHIwuWTbIbEhHmpOmVmoqxahcykGQBPIpKNdsPffhzym</element1><element2>GhHBeKZECHfQBsogbQQDTzqjKFFLSWkHPDTpivRyiXahehYXiE</element2><element3>eCWRehgMVMkgKUrrOsbTCouwPrrVwCWVEERSzzOJkuHrptdAbt</element3><element4>LponbAvIPmkOqMajxavlrdpPJUhaIsTkubhOwVVtklwdWFhQFF</element4><element5>aOVXcqZMSqQNOIRNFDOCDlobpzESamqrTFkrwyuadkbirjAVzu</element5><element6>mBMKJRqKEflBTzdTpogoBByYCNGdQXXIKqQCPokcCFEPLWgJpT</element6><element7>gkiOOLmzysPFthaARMjleMeyeZPAwHBLqdUyqGCaBktcyIMWRi</element7><element8>UhDdIPgJLNBgaBjxamWUtDHjmEiBRZeOYjsnVDQZIKXZGOtUIi</element8><element9>pDwFmZZfDaRvjOYhutEDtqEeMMguMzcbsWTCRZLRWtuyEYBFrp</element9><element10>OOAqNkjZICJRkNXglfdEgcssdtwGfBNHRDMAQmUeGqDcnoCGat</element10><element11>bcEpJztivtYwTWhKqJknaAaqfJCinRZxUCAmcsCzOQgSPEStvy</element11><element12>YumdVgjUDdSzfrRJSXQXcnDxQpNyPBXZGiVTgzHlzNEVUKOjlr</element12><element13>zNojpzuvCxsKisLVSMSvBoMihQDYKvFnpEuAUdAsnzfpmQgUae</element13><element14>LIlnWviBtyLDVpytjWZHrNEQbFsyXznKiCuMXlvCMZPBluBlcd</element14><element15>wfStWNzanywslozVRcALYmJtWlcVomtEQfmsiZHxDVdNSPAxFk</element15><element16>KbAehRYlHHRIDqtZkIHoRRzJeugCHlywzTPXcIqQNCWZXWdsXm</element16><element17>nPQEEPvjYtGEDwmseyUYCcTFXJqkujNSeOKTjIoEMgCCmHiHPo</element17><element18>FIxSqoSIluzkDbmjqrrbUxfgqGykOjpMzbawRUqvuSDOkRFUxo</element18><element19>UmzFnCTxrCGENVvYzMbsWCwLTxllEBNEYjjCztBYPVbTlgIfZD</element19><element20>GPPkeFTHLFBEcZsrluAuSUhefbjqxrrrEQqLCRIWjiBdCRfKNq</element20><element21>wFjWKfhXLZFivfcMzWUQbEsWCRiCiZTCdNeNJuqdXMADaRQSTr</element21><element22>yVqShDFFiRMVQBOxdIOfBVOwWTEuFFmQANGXXldvKaTWdksjPq</element22><element23>SrPTcGAZdopZqTcfZxbCZfdCvOGIBQmbGPAUDoHoJDMyZNEZSB</element23><element24>akLkOPyTOodMlYAkGKmHxaiBscywbFFavoNwOEjQcYyhRKAmQy</element24><element25>TtQNlnvLSxkXRcOaOVMSmofvCxCGFXmGGQgeJrOofLjRpDVhGZ</element25><element26>tTwkaxessdiwvNfQudGrlalDjQYxhuusBkjjTTXCeSjrAxUuXw</element26><element27>WwAkebfVybRJWpTCZPCShJHXykyFmiCcfDYcjJeWyewwvaTNvx</element27><element28>agtiXJWFCcbsiHrPXkAtsdJbVttSaStaSaIHSnWjLLVKFKDrwP</element28><element29>ISatHQhxFOKypEqbNSwjEIOvjuoJxumOyGfcZcbjnYPZdoFPGh</element29><element30>twYYlMPPBoVETdoOCJqfoXaEuzNXhlGBBsBFVrDRcCNVwLunbF</element30><element31>srXlRSDCwOieKSzcGqiMALaAteQBXPeacuuQMZSVOSnLMoicss</element31><element32>rFzPqrRCzowAPsNMJmtPxYqIEubCpgAuqaxnjTCVakfnyrfClI</element32><element33>xMOYXCrLGMDFFXbNMdQAqxTMRtcBRsZiPNbRhLggkVsjYRknsM</element33><element34>lsXSfLePmYhixaDSpFDDzPiDdUPdHwoKnxQwHORpEaihtMHTsd</element34><element35>asczwMXnoWCLwzoCQJJUmmYFVyHpAvogjwPnQGEGJZeAFQuEBe</element35><element36>BXXjSrnxAkTgNczpTLNLNeSGZlTyOPHWCERAuuZmWIEjMClaHP</element36><element37>TWuaFEWdBlyTBFkXEsBkTRcKoOEUUuDVzmihdtmjSbhSJUVnVn</element37><element38>RTnbXgePsuGhWKQRkVgyqSvlQKieQvLeLAjISlZjWDLXdyKCbU</element38><element39>KXWCjJadAXivzkzFhWzWXvDysYcZjbgpbQvwZyyCMZIayUuUgw</element39><element40>VFcCCLDZVcLFlabHcOTyrtaxgyJEEUOZphtvwvMcastBKUEaOC</element40><element41>DcRSmHQwybUtYvEtmcwcsRLsGNNdzQxyCxyQDojeghQCdQRxpr</element41></root>