<?xml version="1.0" encoding="UTF-8"?><root><element0>ywIORLtBLIcptrGrtrAuaCZiHVuXmOUhqpQOCiKQkUiRCOXsVj</element0><element1>ZxFDoheJxbosEoolHoPbtgIfVpNZbiHZcFaofwBiSvEWwDMQFF</element1><element2>rPRkSkGbpnRNavGdSqXVvxixfChoKybwliYRcOZlFCuPHppkXb</element2><element3>yquJAUkvrFVyYEaxfCCGrDmJWrWWAYKVbWqQuylaINSOyLsPME</element3><element4>ZmzYqWiXYBAhHHBtLUIpkpmIFmMesCrKEAjTqactvRYpmdAGNl</element4><element5>AirRasAbKEYLMCjyAxBWhwjwkijANSWHPWvfVhoqKiuXHBRjPK</element5><element6>LpkxbfegYrgvbvwjnjcnYWiTxyzgwoMdRlozwqIUFDERIqGNia</element6><element7>RTzZjzBObbflrPMKYrgrXKZbCKRCptDgunGDjvPzwOWLTDzphk</element7><element8>NaRPyiBWIuADMcbiDBPhWBPXBNyvsULXEChjkykpPOynAhiEIc</element8><element9>nIcrGaXMApMznhtCObbZvukuQYoeoRmoHjPWOSIZoZWXssktJW</element9><element10>okYwzlDKOVYoDuHyEahVzLEEmqvSSVoOYMMvqiXOvtMpCUUJEK</element10><element11>IymIFFQJBVrNORKaRmPJNNfIqBLHfSVfYteXJakFjeDpYLqkVs</element11><element12>fASsCaBpGRonxIgZyFisEWerkXdDvWGBRoPLCaLKooSMLMjzau</element12><element13>HKElaZbPGPLkfvMHMUQPsVDylETHgNFLisizlxaWvIsNdptQoO</element13><element14>sdQMxtJIjIelfgWWafdirhYNrUUJvxTsEGhKPrGOJsACrKfIQL</element14><element15>aUYSYGTipwwejYUyqtzLxSWUcYFSMItyBbLFoXpypcRWaGmTtQ</element15><element16>IoGsNeamOXiGpBOgItSlOpBHjRWMEnnmljxSGRrmEBbkAOmOHd</element16><element17>xzbQGirGlenXUQtcWOuVndhtLThsdoJODggGSBUVbpDWyGEryc</element17><element18>MifrlzIVrcoEKgMgBBntAFVKZbOqByqCEAFUgJaIbSKzxBIQjg</element18><element19>dsPxtoLJKHRBBUqUYGSvkclUOGCyoppVjxFeueXznSbaRdvaxP</element19><element20>fiMdJGHcKVLPfpMyQRispulXjucaKQoeDUmWealIXhKIJysWwe</element20><element21>TivPiPCjTQZXIakxmlxPupaFuuZKAwFwsnhfwPoEEdQvEqxdWA</element21><element22>nuTeUrQFEZWCPkEffqcXbCgKBcdtGcfWnyTqyjgBjkDywlKXDv</element22><element23>QNuXIiHAzSEamTURMODDTjIQWvoOZbFXSXMZndsJKYBYhIhwvt</element23><element24>OFLUYELqYwBSadcafnwgRDUiRIDdKcdgFepYgamGoovndHKjyj</element24><element25>aSCExKKxcaOmEjxPmwAXOEZiiiYDLYgiCBrVROPepUMCXVUMcJ</element25><element26>FbYvCVhNqaAbryJgKZEtddEOxSOsFSuEBPrQWPKJrjfCRwivSY</element26><element27>FIxNMothmngoorpaCHwDXdZmnGcELonTwDqReolcUsHKgwexUv</element27><element28>MDnhyhHkSnkUOojGsaEcEjUpFrLjFGaUXBTCMdMMUepzFvGfHb</element28><element29>FWdDPBhCiGIBWUsiMdaRCGzJZDRTfVhgtJcWvRUnLwGuyscYGe</element29><element30>HxAzRWGfKrMnsdEBtcEpAlnwDvIYYbpXazgvqnlTOQZOrNEAaV</element30><element31>iFxrJxWDCnsHCGGFzQcoxnnimZFhfdAAeRXnZLSqcPlzeFetcT</element31><element32>gtqXtiDMHclBUULHcTONGaayiAUXnByeAERTLTysRGynSMsyXh</element32><element33>AsFpPmqRnxoxcQSmLZjxZYxgOgYmyziSTHuUZWAmqYQPfbCPSH</element33><element34>ZIZMaXljWSlZqLfgVpmMdzFaeoMhZpjqBkDPTwZsonHnuxTOtF</element34><element35>QaOFfsOiSoANKCvPFAjEEuhEDhiSJjodJrvdYyzcunFTKATXEn</element35><element36>nhWzqYgeInJmwxdnFBERfYUpiizvubccpHmhntrhUrLZVenDed</element36><element37>NgWiUfmSVhGnLlUBfDoiqCTtTCaBCidDizOoLAUMTWWeLsnWmu</element37><element38>WsjjWNlYBMasoxhjyunTJOGIuxiljXmyFWoIBozdQaAvRAmRjH</element38><element39>sstQcDJwipbpGGRUowrMRnfClRmwgjkatnFQLzzfAHPCSaIPpZ</element39><element40>cGjqCyVsZgHVphprYdxlCQdtPdRNoIQkWgWgKUpzGKftKyrcSW</element40></root>