<?xml version="1.0" encoding="UTF-8"?><root><element0>oIfuKsatOFKIwExARYDcgLaWGwxxMQktnVuNQvNesnJgBAOMKe</element0><element1>DaCLQFWLbCvlbgvqYNLyfQukdmnHNpCbCkeUauOxtvIulvRmKj</element1><element2>rcEnnkNvPffwcbpyCvQopttmvFenMfIlKzktINRedWXUhvipGr</element2><element3>qXwXrmlWhGihfqlzWGWXeEeZUAsGzxumfDZfxwojoCKJpsLbXe</element3><element4>KdxnWDMSwcSThGcvVnlAvEADLqqBQCxvXbdFpWkvsLMnxsYAtU</element4><element5>bHmSiPAPqlTVnrvEQUotVkNEHdCyURSykLxsCYRwkPKCkejGsU</element5><element6>lDykDyARQXFaFXQTJUrgqWLKYIrhfXilxFEQefwntnNDSVOFZL</element6><element7>YmVgXvBsFmGfCSXaWRVRytRPqqNmusDzHZofUtBrTFiAJHYHpW</element7><element8>DuzjSPsXLXnSTxttkUpInUBwOYhNqdxGHXgXHjecSYmZtOOiTl</element8><element9>fOOEEoetIFAumlZYFMGySDpeFRCPOamxoZqtmTapPauwgzxqEB</element9><element10>aYozEeJHobqRCNAmVpiZMWhCRorjbPOJNfhRXBnBFQUBInKnPQ</element10><element11>jyLFOtpnsBGykLrvSTxQskzmnuoxZZYNkNQuCAcBQmTsRhXTvA</element11><element12>TNQrTRnFIKXdvemhPVycDyqlZWVuXdciGbOhSJVKADxjjmdteW</element12><element13>QlyFypckHJmADSHxQWuiuAROYnLdclaWbcyWeUDwpQyjaExwtZ</element13><element14>WRKtUOaWNVgfKjPLEZUFUYuorrwoWPreJtRqYDVEvEhxcLmSir</element14><element15>AIXsTHCIcmNFluhvQKWehIJsHhtrebyGUFfKZzyCXqyPhyDXKC</element15><element16>qdFnYdcMnfswuGTCDGIxOegZreEiIycSOCOBjQTPNXnxPpRrLn</element16><element17>dqrxuelWueFOVEwntbXljgVtXsBymstxVoMXTAtWKTXSnRVMDr</element17><element18>QfAEcmVFEjqBrxdrzVCXTNJzCAqBUiupetMwICBEXpndUzFSaY</element18><element19>lkDQqjKNvrWUxGWOBfjcNCuoQwbCuXatZTNETzDpYltriHmMht</element19><element20>TIVMRtLWfcwytGOsaduLQoSRSqNDroIsIjPvwyYahUtvkMdzcz</element20><element21>pNVmKPcARngLIjLSmFHNVUGmgzBSJfmpxfmIPsehjvSabeqHAa</element21><element22>wkrEegzJtwmhgbDYFUjJMFYjmZlVLczzaIhiFlbJKwxfhhXMQe</element22><element23>iZezhrEMeTyfKdSNBZstalCZxugmmSiZcreIebdEUItCeqyWzz</element23><element24>MFQSyeyGuxTOFoBbDJvhgEfWoqHafqKjRAJBQgPepzTAXpsTwF</element24><element25>ZjxvtTfKyRPZwmZlLYNEGywmysNGQbrMbVpCbGMOaPQeDbRcxL</element25><element26>xtjGNTcGPbWGgviFCxcdRWYbqJrYSFVOLDVgShceHGhrwCGcWN</element26><element27>WvBthhHVsPFbJbzaKcBLyPnqWMIFAtPfESliiSRRDbtATXOapf</element27><element28>VBKJYbZUSxxkUNYGvhofmIAbrJEUIwQqYOJiArmssUUUNmncjL</element28><element29>oAswzlUPXggfysgxQSDTgDCNPlVvHunPVcIhjyjDoufjKNDeTa</element29><element30>eeWNZDPHZbAYSSeAkkqkRlqRZWJbTfdnYxnhjPmjVHgEckCcEX</element30><element31>HpZFexIvXCAEmhrCMWacoGWQNkZxAYJWGezACPJendGeuDfoyq</element31><element32>ijyyNBZGuNytPsyHUXgkIENINfaCVtugTarGMkRXrfBxaRVeGQ</element32><element33>cLwVEEUJGLDqSNwwaKlZAeZeMrBkHGUConMblGkJaACLSXIFNu</element33><element34>KqaioaTXXkYxustfrkvGJRJHyFzSsUpslcODFuffKZjkRWlWFf</element34><element35>VzpIIutnwqajSKIEUkYlDYpGlPPzdMnhGRwzbQcrmbiWnHnahU</element35><element36>ChhFnNgncIIyDbMXwqbeNabfgEJCsRJnyHqFGJLubTMFEnzSho</element36><element37>EfYnwwCdOxRMMDaLxGzjVtkTbkICXZRTBipnuBvFoOaOrFxUHV</element37><element38>EmRJMapDeKQFSEMgHHglygaGhXuxzZgPzikQPfAaiaHpGtmgYa</element38></root>