<?xml version="1.0" encoding="UTF-8"?><root><element0>PfuLggaglskYWmaCgnHXkPstijkYekLSMJerJTEggeBoHGEhGH</element0><element1>ydJzBcAOiKHcBpHWLTshweRKSEsiRXhIJFDJBumCKbOtHZKYkv</element1><element2>PjklJmHnrfDpbIjLsNxXagCqDaWjllYmSPmNIZebwwoAEYBoDu</element2><element3>UGfNsRfjqsTbzFUtlwwWBArXxRrGyicPWsIynnqNsmtyGPffiV</element3><element4>OlmTsYYagFhGepBkkacielgnExiAyaeRUJRDCzbHKBkrqriOcI</element4><element5>zOfNHXSLvyAeBEiBdHnLWhoVZfpGqKwVddurCNOtxdbRhkOkqG</element5><element6>NOAkzPvbdpkMWszrWOQXvEBwyCHhuTllAIyiwVtiLzeTUlbXRE</element6><element7>IURVYaPmArxqqzHRaFHlidTgpMGOCSCGoBSyZMJVSMeQLuobkd</element7><element8>UTVXBDHNoVYLDGOjyjFERxzebHedagBGHSJWTwUPfYlLzkiwbr</element8><element9>KPvGzZUiOFsGDHnAqRDQtoTnhVISnjKscgVDRZzikXnlAFzZzy</element9><element10>pgoQhEbbXQDGQvXQxgGRvVNZnhmuMicQGbEQOWMyAsWxSBvFQy</element10><element11>yaCrEDbXAztkTnUMQBKndQClauKoQWTOjPtBJHloPIZngeneIN</element11><element12>ygWQnhpUekXbjSmRWYrmPyFGeRSEpibWbsULskDRyuZLBkxxHa</element12><element13>sQOpraSCHByVgVpSNjsOYthUQQjtYZKNqMDlagipoWfaJxaTJl</element13><element14>IMKZOIiJxzdLCILHykPvFyaldFkMvgMGgcgLVbjrjwcomdTfJG</element14><element15>tvNDLHQtiKvLIaTbNnOIxUDddmCbKWfXuBGcJgpZjbQAhaIgAx</element15><element16>JvrVPibwUiHLQeBNrQElPcVEbFvFuXghHRdVgCQDtnVTKiYYYV</element16><element17>POGVoIgsBGoxewVegFhSLrWtGsfsCovyhGWKEgOFULbsfpNLhQ</element17></root>