<?xml version="1.0" encoding="UTF-8"?><root><element0>bARwUAHJVWYdjCERHqodkJqvbgYowZSpRybPqzGmUzpENoALuB</element0><element1>tlwnysvTdBuFSMIWRxuWtMeTJjksOAhYEArCovUBdcDFxRXBff</element1><element2>LbIdtoiiARxPelsXBkBeRlPwgrTrAQqlAwPSvPxazJXRCUFfIT</element2><element3>YLJcaSHRqEMHcrzJlsUkKaWnrRPMzCZBKuxGMWALTbffyyXEZU</element3><element4>AImKZpjijshqOviyouQhEhXKDVclbNXYcwYwSYIgiSDUFbbqam</element4><element5>NMFkBBYrXeSiWhgKowTyEuHaWcenYoAyrGQdrGVNqjwmvgGRKY</element5><element6>nnsgRCoErAiOCYTlEqdLMkiMUSmWKOJGlzJdDSkyJrkaiBNtSW</element6><element7>ZugiPCfvRDzjCfeFSZYptmXxHgGJHeOHIbGdEbYZeYAaOGyILI</element7><element8>WMeaDUMmJkluHIhsEqNlkALPdBlFYAYcoKrSHkOEWOpNuRbNZt</element8><element9>CXpZPjczXFKaPAGJPoNFcffmlGeQThQxAkbzvMNknnRsjWxYIz</element9><element10>gSQJezJxHNaoYVSftPxMCJYzWPURRsOrsZruOwAjXvpTaiwrYr</element10><element11>tLxYwWFjGSpuofmMuUxbAIxmZvJkBYbtiuaPBcxGNiuxEPpJmA</element11><element12>OdWJNuLKcKXJVnmwoEtcsrQFHLhZOrVpYxvTtjeYBRSTiYGqDk</element12><element13>zPYURBthBWcttyVWJksiXBsOJHqQqOgkZHCjzJnybkMeeZvuNm</element13><element14>btSGvlWICCamKnpznJvMlnwEdVnLBKqiARkmGQYnVwZSDJoABt</element14><element15>QZDDowbwhHsJBfyWHhvQEOWzrFVfMjywzKNFDsRuPdIzLyToHe</element15><element16>UhpFMltHpCOECEMpoVxAxOLBhbHqAnGbllAEyYhUaJQjsLokzX</element16></root>