<?xml version="1.0" encoding="UTF-8"?><root><element0>arJJkVmigqyADbpgDEzOlCVbCBXrNkEHWkQNPbAKkkRfRvHnpT</element0><element1>GhHTHDGXWfgXrpHCXRXKQKctWEivAnCJQNmVFwVkEmniynmKaZ</element1><element2>WMrwuhHzKAItPSDoThHMRMvlBZljNWftIsttDZvsaKKINhKscw</element2><element3>LxbyVTurQXGcpyafMYQHgiNkdNXUOYOdXqUefCdRNrPPUXTdei</element3><element4>HkkUmMtlYUlHtlCcbNaMTojcTExYyAThVwHLfzavYKXmfSefjL</element4><element5>ErWhCiniIvhUdzCWZzbQzROQmSTxcfPfBEnFiOFrfjvhOPknao</element5><element6>oytHUaUsWheXAWwtqZwuqoFEwSXZzUhiRBVWHzvFkYWClHfkFD</element6><element7>owqEYmKczriUukTvAxJVUlZolLOHewDOlSybETrwPQeyTVVgNk</element7><element8>qDNxrQTLGEaggaChdcUwxTgTrjRIIqGiIUHOldcxWjIrXKFFSS</element8><element9>baWCerUhWRvKPazuxtMZMdSoWwPnJJuBEjewrflfYktwornsGF</element9><element10>xLyLgWEkOIaoFYzgKwhQRPCfWtLuTTFwKMjxKKRyTdcuUHZFHh</element10><element11>KyIAFYgfxpNBRxZsEAiKkQZljGpmeVgJZAwumJXYaduLmxfarK</element11><element12>ztCSeBHRiKhxpbvUkWaCsFVgWGtHhbLtrntJPrPxLfwRZXmXmh</element12><element13>WpdnBadxGsaHrpAsiYgsPQQglxGwIjtcmCRgaFgIinQLlWCwde</element13></root>