<?xml version="1.0" encoding="UTF-8"?><root><element0>MTrigtgSqyocbWXbbOvwEZxqzFegCKCPvZPLZvfElXLZFyHrAc</element0><element1>zurxkIeIUkYnTombwFGvZawNUDYCnvDIBUHcVPewLraEdhxpfp</element1><element2>gptXEEnaAqUegHKJzTJEtWKZjUaOELoFlQTCLhQDrALUKjKyOy</element2><element3>saMNevIoUfGNijtFYhQXrjhBVyNVPHVvmQRahUdjoFuzOZbefs</element3><element4>BjVaWctDQJSHFOVTLzdmNNNFpCeGKWCoKskrXACiQfcisoTene</element4><element5>eCuWxXzyowYTfGnYztgzjJpPBcBnVATSYtusFINQUkjeouLBEk</element5><element6>DrDxdMIdUIJAJHfojTkbbWblTxeoNfYFWhBDryPfEoiuYncBJX</element6><element7>NICqRjZpZXaUYDVNdUxtUZeQHoFdaTsttrUTPUeUQAQZsaFYLz</element7><element8>OgRFbxxJMXYiPnDGJFpYvIjFAQyXCMucBfELKLffxnvmsHgaTY</element8><element9>CXLiYSWWPrYZXbxYtbhqrqrkSPtiMqvMRCOrecWjiEEXrtfttj</element9><element10>UusYkHoGifFdRtpfqaniobArfTzMqqnMYbxeSeBJwXLwCxoXCA</element10><element11>NkrKjSCfVXfctrUHunMBatyEYucnUZoaqCLCwarqbmAMIhmUpD</element11><element12>beWfWuJJigXKgNIyXZSzIbWrDrTEKaaZEKESScjHCviZhVbwZC</element12><element13>rKwPmwjkoQBzaROrmZlZSWjjgjAgkhcJgRokNzwsyydCqvHzeD</element13><element14>DawNXYiOkehBCwdTlnZpAJRmwZLfccButCoptRUewRJPfsHyAI</element14><element15>rPhhnmCWQFCdCcHcMpjiVipNcrzbrETIvcGOvlkyCEiozAKIbW</element15><element16>JVOwvJAucOILLtidJNiaaPTPpUqKYqmnWHhUfUUpbQKyUcEIfs</element16><element17>XKjVphDwuhnWWmMSassJYZabQrFixlNUtPYDJtHnpyqxlEFdHG</element17><element18>aHWFOJrtbZgAjLFpqMUduILxVeRRjVIOVubuiqkPEgnOvGpfxu</element18><element19>EJvCavIkylXePIfJxRgGnaxyNwwcqkoNMdlPAhSmEkgOcyuOjU</element19><element20>lxAdxKSocUyUMUhUFzunkhFrzGbInVgMUOezMwVavUqrEYLgEe</element20><element21>HPAhVtfZEuCNdooHKaiepqTRJNoHifvqGDoyOZxihPekOdsmWw</element21><element22>IbxQkIUJIzCcRQPxgZktrTZxXKuenWiLTDnDaXCiEJGVVaVDvC</element22><element23>mWbOIALtrborwIzaIpehSpkGcrMTOiIWKQrrvXDFlNkujyUwxz</element23><element24>xzmVnpgdBkSfCuBTBilZtaYiLvBFbjTFLDyUwOoctJKvIfwCJN</element24><element25>GEqebToIXEaDjHXOpHAUDrihDaOTYcWkaigbFwassZvEtjFWGo</element25><element26>DkMyUPwVUhHPikcXfPlNTcquXIzmyJMnfKTAyeCAZdeHnNLpcb</element26><element27>kRzzqITyLFVIrTOhbbTnnSDmdQsnbSyZCYUzyrdgGKZYOrSiPe</element27><element28>NIqLdvSDfnqvMGBRAKKDLrukUIXylbfrXKGZKQkEArIztvvxkb</element28><element29>FbBiyTfqofZZGwodjYlMqPbgvBnzHRDeGWJCpjIibvRUIifGZd</element29></root>