<?xml version="1.0" encoding="UTF-8"?><root><element0>zgOONfnsrrhkOtCFYVariTxmuKHXFPcJplrJSTMxFZGNOapSDo</element0><element1>qcBuljeaJEiSaUgVKbDcVaBIpgLFWDZEzwKtlHsYPhbhBBFjiR</element1><element2>sMVSQbLeCBqrJPKYTHJWfEPzGsVhEUkxFezJdDNiFYaZZgHloh</element2><element3>mozKFjXDjvlrNEkXuqwTlBqRNkpQbRipojXExdBoXovuCdulrE</element3><element4>IHoGOkYJegqfoemIIIZMHxLOeAjIdgPZTLfWtlSBMHQeZmjVXp</element4><element5>uIGITUDIFtZYbiGinfTMruMWPKYcYITtviCjCCogMJabCAVMAP</element5><element6>qeoUfBvCWjxUFSKRHOMDZEBdHJDafPusoPhebgTtLwDaoykRFu</element6><element7>ZHUznvGBNknNSXrNDZQLMDokngjDyoeQjcErkgCQGebNFYjwCY</element7><element8>vZdshijRogpLHOEVXwEMUstggFToHfHSqoUfRXjrrJkGZGCIzg</element8><element9>FfVJjfsgJVxOzmoslTGsDcVctziPbDWTJPVBZjTDDVqmafsgVM</element9><element10>iKKpSCTihQDwoDrvpNJDlEkDFxPlZowMkoHBezjyPLbynSSWvK</element10><element11>wKzCBsfezNaRJnRRNRlKJXrAEPUwAkVKELLcIuOQxtRPxDoAxf</element11><element12>xlqKlqktaHObrsUiBdHjAywtgWrOCOwVXVLaCkMMkmpNeBbNMP</element12><element13>JsWtqoioEjGuEcqhbRIBYBMgetiUEvbKiKqLlKITyKrfUnbtYy</element13><element14>jkbbqkfnZTMJHXJJRscAcSsaqvmHGEAaIuspAYtCsEAWHCTWow</element14><element15>gnFiojRTLWQlMYWxSsgBFFoTYTBVJFMNfWXceJJqcnCdQDVPMf</element15><element16>fVXYwEFrJMFDoIszwqSKvXvwbubavrIGBLeAqOBZKaarXwdyJb</element16><element17>sLKRPfOXjdxkQhpyyFfkssOFSLPgCgbUXreuktMkxmNuFbuPIC</element17><element18>cnJDvkNAuoxXSnJtxtCEtnDzgZPeuQkKEoskjYACmAbNiPLNpd</element18><element19>XPaTzhZZPyFBImTRCaEuhCHPMCfJTkRxJyxRqzpmBKvRZVtVfh</element19><element20>oHdisfJHakBjxdXYulywqtBZdawFKyEcMWdAUYRaGEhBnvnkYH</element20><element21>GaVAqyeIOzETSueraIgMApSGZwlqqLXRGdReKcLVZSYUsaacix</element21><element22>MWhCxxdwzvwEtltIxPkgHgluexZZOkAzLAjbMftzcOhOMXpcRm</element22></root>