<?xml version="1.0" encoding="UTF-8"?><root><element0>gOmDfEmgFmoREKmLSMRHrxWIbnufYwZbnPcIEhnIifsVzRcNwg</element0><element1>IhdHoVYjADfyKfHaKhfUCEirLLygLDBKOgsyDsnFpqmaEDjZQq</element1><element2>YjxjbBqfmPJVLBpvXzOyqFUSefGweuBYWXgXyiEXbMPgKXZeTM</element2><element3>kXBYIGpQiqqMClNkhVFKmPkuSBdbQHoEJCHMGCyXtCYPXvtABG</element3><element4>KYUOxFbycgzGCFQtmgkEcaVCdymajswfKMmGhaiwBJCODpvjGq</element4><element5>HnMCYlJRuZeTOpMfBIKHfuBVGbfGTejGiwrLPKBzfdOVBrZyMi</element5><element6>uhscSkpfPmIDwaklroYcCHnDWLYFXnyuTwjDVONZBNCwRgkGfP</element6><element7>MdHjbpBuLZEeajoEKesBxoCmXVmFwVtdeIgXKYHyWjWItEMcoX</element7><element8>oBNNNsqICQvCHQCdEkxYaCdNQznGYADNDlpFLvwJmkWvGJffup</element8><element9>DydLBhAFqTXUDhtGzxwnDljZfYDXjsQgCfArGNMrkwqiAOaQrX</element9><element10>yuHbPRjUGxBQfVKmDSpBaivARsQuJxrfQIqFJmqbfawwEZknCY</element10></root>