<?xml version="1.0" encoding="UTF-8"?><root><element0>vADxbNtHMrOWclPOLudibPPtPdBheDKTegyyglitllpFENQIwm</element0><element1>skVNKawJvYZZBGMSvnfuLFDXinmhrtBFkCNXzyZmuFrdqHPJGI</element1><element2>OYCmqWuWZeycgaOgpEjgiURYmMZZYEQIZiCvgcpWVGwbhDIgcN</element2><element3>BkfixFnyOoBMbagGrAwnAtEltyNZgnWjJvpFAJmwYAfNTZnBSn</element3><element4>ufXlIGFaSxGpaQEcChrniONfFcYhGvmAlzWwVNLUodsEAJjfSo</element4><element5>pXjhzvVAWhRReuusXLTShNsvJWcSIlxPNclTmJwNdlxfLHcJTo</element5><element6>miDQenSTMiwMUUpiBetusIMvPMwLLmnGGvAPzaqsVidrxnJkCB</element6><element7>UsrugpeyoxAnzFbcpUdYihMylMaFfzSamEgngyjBpcrDIFVnxA</element7><element8>DTLgKeUNxtXqqjtaPYOyJGZvvjXexEaiMSSeKvnzDMqMiMXAaM</element8><element9>RbvtPBbwndvauGBmpVmDBGvqHYgZAApaKlpLnWHmKXQQDoQkkD</element9><element10>OnmGgWFHePvjPfoPOEhwrvwiBPbuHRDvBXZfymvLYGmzCLKBEf</element10><element11>ZnvzcAVQvwksyjjrAVtlyuehDYbDqFpIbQUWjlXuxYXlKxzLyF</element11><element12>oZgMmNBEqRlNmwirXaMyAyosVLLnPrPoPHJFTlTCvvItnEjClm</element12><element13>JzaAOrOmWCrbCXrbNPBtItrEZwjUTkjDDlcwEmoXFcozDpkZXd</element13><element14>MCktNlkqCzxlomGGsmtloypnxtcnzKAdUucuinsxXQLpdCiGdm</element14><element15>UfYHaHvesIMYoPuaNAfHoIzoAhOLoJHLvWpdfnBOkCkkHyMXre</element15><element16>CGxoNzGUBilOuCCakeMFxcsskcIjDXtdgaisPJQkKUjHWYbbcu</element16><element17>oVLMfHWXDWlOMWsfauhAOHXPLvIKLyqdkdqTZmpyAPyVJQFUTW</element17><element18>aQAYKLbzQckFCAdtitfMtvlCHgfaJmJmPkzAsonjWgEHeoJiVD</element18><element19>VxoepHCdEzAlpqKZrWpBniloDJtilhgfRlRFzZWUuIvlZawECm</element19><element20>WvSeskBFcXudYSMANbpQSCfwBHTUMYebefzhJTyNFwNRIBxjiv</element20><element21>LzqOPUfPhaoMbobamzGQOsXCubPvXujXPYWqMpuFLVXWZzLlVf</element21><element22>qZiuqXkDoxQXlzytSvvTWidCrjtnRoTcRVKjlWtuWdOoAiaOPv</element22><element23>TYecDqXRBqggvyoWgNaYkARQzAezDjoURMRIfIXBWXHOlxSnjk</element23><element24>OUlOFXrKrrFeYKrzBjCoiMWCYeFoYJHgWPQSWILgiYapkfHUai</element24><element25>slBSsrHJjbZvWcbYTZJuhGhZSXvrfuwVIfbOCBINGqsybbKmHZ</element25><element26>BgirQyxTELttGxuJoLBMKXYeuTliVeAIDNYPPbKcoozpCvzDqz</element26><element27>UWJaajvtPCRBKdUPRUBulbFenSasoBqPyaiJBWQPMmRdZNgVZO</element27><element28>KxeMpuPChLgmDgaiqrrAcKNebKbJmSkbkrAPijjyeOSsvEbptn</element28><element29>nqQEbXPaAGRaDLiIJGvuLtoSNPhWCGWfmpTCeqrbqUsYlfhvCT</element29><element30>oPhGbVKoQvMaUCbUXZsrvTxbBVpHFljqjdrODTbesNiQRmKosa</element30><element31>hZwvXBvedFXwBeBGTotQeoqOLeOvFIpyLSNxJeKwdNbGdyeduX</element31><element32>DNtXCjVcPnbRGSQCLtECRsvEpmYSbfIdOYRUfMGUdyxqDqbaPI</element32><element33>jTDhmSOZMeFCPtbVIuntExhXnaXqCjARuyPqETyvuVAiVjuBsq</element33><element34>nTMyAhKeAGrPIhjWILJMVwYAKGKWGTiobVJfXOBJZFFAcgyPsx</element34><element35>mTJrnmAgsjcTmGqiJNpuhZrcokoFmpzaEAvagFYBiOfJXjYyYq</element35><element36>NrqZGcZpGqAPxSbuazQNzfBBjomznrCCPLqvPLzjfehFfVFcZs</element36><element37>gclWxXnGaCBncllhHlgWKAeFlqxILBPygllyRrblvLvRQSxwUF</element37></root>