<?xml version="1.0" encoding="UTF-8"?><root><element0>SFUftRKgvwxUttZmBMEaztgDSwpjmoOQbFtPwhvPgGUgqFCjlh</element0><element1>dIkYdJacaUcsFVtXpMqEDwfgvtkXgUsVJrpFsowbpLpTRrJKvj</element1><element2>sZTGIoisWggVbouLiKmjeiJiPapnrtarZOvQYNogMutODCHYkC</element2><element3>GxQEfneksEsYYxEvYitSBjzlOIjtmvcFUibbFgpzsWbYMWlpHN</element3><element4>DTRUeehkWQTvBSkwjHNJHemsXWVfMWnKDMuBKqNdnvobVPjSjb</element4><element5>hVfknTaszKCczBjZQqKmlBRCPxLnqvVlwdvZSSAmUGewHdEQNC</element5><element6>aKaFNvDyukWCADhgTylUCuXuCnlNjHLTPuaKRRsfozUKRqoLzl</element6><element7>uWKiQeOPamtwGYWnQadZUicbUPwprEesTfTfQdKmULlPLdKDUF</element7><element8>patRwnnsJUyjHrZgEGSXVVkWZgCVNOHLXXpgcsfLErSmglblGS</element8><element9>vQKwHetyZfbEIxliuQDoBdVOLkfmTiUDrzfUaxWATEPkrNrQmh</element9><element10>wDzQUxrmVRCFeJtqqmuBFROVUHRduZhelGHxEJbLAxZRtdEYSs</element10><element11>hqgrYGlIiNmYQrbtamkGtZhXIGWEOCVEJyJeDukgBVZIRDTPXE</element11><element12>qmKPbYETdUSLfMMlUdVtQWIvVKRySlkTJCdCbLXlGtvarjMBxa</element12><element13>IyEaqZZOBCdChrnIIeOIgBZPQlLiCtjSakvcRLgrbmgVomIdsJ</element13><element14>IfhWOdpctZInovDrxzBOuHkHgtsYSNBxbaiKeANiDCoHyJUxqc</element14><element15>WvxUgrObScJygTvyAvEthMGehVjGZAEJRCkBvVRKXtQWaCSmWm</element15><element16>JzIQtMhfsmavwXlnxVWSbTUCWeIotMZeFECnTJpvFTJqWNliSl</element16><element17>ylsIhzZhkfFrIiyhnjvQsONdovRmCmDgxWeiCcqVeTRFHhgHNM</element17><element18>yBtdvTfrutymNYiaLEAPMtlreoiHJBVdelyrzQkFDXqWUofflp</element18><element19>eENuwjSpiYrLCqmdRUuurbKvryDcIjcoHBiWQxDGiUOdaRQJHL</element19><element20>gEQjLfMnWqxHzHSezfoRlZJnTEGFPlDGJwopJWJvsSxrvTublt</element20><element21>bExITUETGzNoeGIrUKSfqhELZJkKvpDnpFgyPmVHYjzWgHvhYi</element21><element22>ywvgpUTUvDcDOJwubEjpmVyxxdJquBaOJKxhdkSEdHDSZoifwX</element22><element23>OaVqwgNGuqMwNHhSkkubybRarsSXMeesJoeZoANZobmsJJPmwb</element23><element24>tGOVulouRnSRgyuhrWaMImvVoNAPWvEzdCiieLdAoMjkjiJOyd</element24><element25>eTkglUdVIGbhaAOClRBmTSRMMhkAvdStwzMPvpdXWVhLuszjsH</element25><element26>sNRXqoBJyGfpZbwAYwFEnTbuonKexyUdyAEQlmrABrDVceyIxu</element26><element27>wDXwFfwhsQYyhBlEKzjPPnsQTwLLVqDLiUYbCTkpGvqeFQEoaZ</element27><element28>uwNSPbWrWaBSZhsnaRIBVUSAdxiqDYVPYTIvfNOGhwlsAhHjMG</element28><element29>LmafXKLAFnpPFIESAzoXRLxnoExYXCtoMrOXAAPVjCWmKgRCKV</element29><element30>FZoaIQnPxFVZPPaYYEZyOOoyTfYEgThaQHmqiPkKeuUcTkUfDU</element30><element31>RzEHxemXeCEPvbMwdplsGCGEjpigfTwwaxCZRTqjhxjRVkeYhK</element31><element32>tIhmojTEDUSrJcsjaiBVpndAlSkzRsdTgtQWRdZFGlOGFpiRVm</element32><element33>ebjFUKjTAXPEpdNQVbzMIXvhhJXbsSnfYyVwEuyjfBMgAPpGJr</element33><element34>HvzUxpHueICNduKGXkPAIQMqRWXGIlfSDCoYHRPawLVZggIYYE</element34><element35>efVYlSrYbSjkXHSrfdfUIrwOizKKgMGJUsqNDHGFiTIsrBPqFS</element35><element36>UBkXOaRUvCtKRIzLlsQujJUVHbcikWCWUFhscZKXDYApUrAaIP</element36><element37>dfEdCgKxYFzohwapWYxrTwUVWYbGNVgyANmNTaOKvIEwzzYPmF</element37><element38>zNoWbmgyVqEOFDrzxihUXyIyBKOgluKxxtgYEDcBjshFQJOPBE</element38><element39>qGUNMSDqcGQJVKukztugSRrMRQBdiyIFuTTcDHGiNdgaPeHUPk</element39><element40>bFYIpMYviUIlczqRDaoLyJCfbamvWLCGSOhLeBUZFHqfsTEKQY</element40><element41>ONWpffsmxRmWnfbveYWncftvuedPaKaOUOeEUXmQlvymVJxvtl</element41><element42>miNHgvEeGjVEstYTLDSLRHdIboUtLmcbHNYtJzDmyMtJpxYupl</element42><element43>cyTicaAABJbibkwnLVfIFjuTOgjsWkglbeWXQUZseYPcfmhJZE</element43><element44>HSGNTwAGpyizHKjxKhwaEozDzYFtiMfuhzafJwgsjZCCHVHbrg</element44><element45>XitSFXKJuevjrijqEiUouqEBnZUJJSnMgSNPWaIVyGQpyWByLu</element45><element46>oryUXPTwsVUvspRauEhVmzzfQDANXINJrSEhPCOVkDlgJnJABq</element46><element47>ZPHWmDtnVMRKVTWGqOibXvAagmLzXwlCbZMWCrHwaElvskEuVN</element47></root>