<?xml version="1.0" encoding="UTF-8"?><root><element0>pUbkPiDnxfAWMKrcKtBgJydRrWbttRbaSRtvBHiUQpmpviAodL</element0><element1>nzlqQzJXQokzfNUzdXOTqpnazObBDdnERNGxzUXyUglNxZtJCy</element1><element2>pCahtKexGtBpLAGDsnBsuBYFOSULWuoaTpDSXKSMrqCbJXkGPj</element2><element3>TeLoFNkALdPbFLTJdvelJGrfSLUcwcgcejFGgMVqrVZqenkHbC</element3><element4>iAbSGykqCptavowxNZgYbAmUpDaWwsDSABmZAvdnaDicsnCKdY</element4><element5>hgIGGibhZwutUqfJyyzRlCLVSWLEQYFCGPaCKgvfTebfydkjas</element5><element6>ALYFJEWPuotRqORuNDsxxMxgIemzyfzhsGXgXMUBXufrcOuqwH</element6><element7>vaQJoFFZbBqGQMvMMeMPbbJzeDhbqaTTqVJBDUzTzgMocjIeRV</element7><element8>vbNrLLzcgSAttPwCEqtEcjQTfYiRCqABgmbtYpMPQXxNfOalfm</element8><element9>NsBHgaqdYgMdBkJTYTJvQQXONvSznWVIiWeAVFulBsfmPSOMHM</element9><element10>gLdXBCTybaMTbxVgLBXoIiQpEALhlsaIwPJlLTjmugMGqDyOmH</element10><element11>zFVKrpJMkAUIXZgPhJOpryBZaWuKTUJUjwDnpuPhRzRgBsomyQ</element11></root>