<?xml version="1.0" encoding="UTF-8"?><root><element0>TpMTtMQJikdYqfBkRLaBDTuXGhqgkYiBngiSYBBwgNVMnPtjhF</element0><element1>koLBicckaPzzqBZawPbbKAaZkmLIJNfsaOJuoDMyaOawtdCwbo</element1><element2>IvFujhWjXNJyCidjbrGCSLDuHpdIdpOLBJAGwvTuJssctzzMJq</element2><element3>VIeUQCVSMJOCnXCaoldYLhMJYQpoeaoPqXcpTdfmnRWnQUwcNs</element3><element4>eoRAKrMIcYGZwuGCDynkTeQuMIDxeWzTUlsUZKIHDtqmPzkYNN</element4><element5>oLOQMsWSWFjLUnrFwFJzoCzqAKcWFGSEuHiNHTSVUrwGImYbIR</element5><element6>QZzsCBMDZeRcnqkoYhgqfUzNNATUAtththAMoGYuBoXHWWlcJt</element6><element7>ltBqdWTgbAHSuCfCTydTKhGOGYMwMDruigxycHFzqMhikyFbab</element7><element8>AfOCayCxnDxlQyiAoPtBSXyEkKVvihubzIKHQGuUhTjFbRkeuw</element8><element9>hzaygykgvZyiCvAnVjUmQqnUVvoUqAwsKZPcqnTHRdTLgLnWvk</element9><element10>qYywVugVNhOIaTdsxFOJjVEScjUqMcsCmTiKPxBYbJimJlLbuk</element10><element11>RjREkORdpotrBwZsVdzmvWGfsyHWDHnLEyRHXgDpmgqLTaqLiF</element11></root>