<?xml version="1.0" encoding="UTF-8"?><root><element0>MGEcWvLTUHpDYcEVlAIWiRayjZaIxlgaSKjRPihemeNAyXkjKp</element0><element1>axsIiEQNBIzYGylHSmvAKmeJXzJzbsvBbbKIrPVMAKFHzNBcby</element1><element2>mdogHcHbitVuYXRJlsdiGjhQPpqPNtOWIUcFeNntBLdkxTybNL</element2><element3>bwHUICVeONpIJrEfFDGWOPOFNvnktkuEwiQvkWuDhkYgkJzsVf</element3><element4>TKSWfBrlKjHUmORKPDbmqDDFzUmxqhEXCxJPfIKvICoPGMNsyK</element4><element5>MZeVqZGOomQqIBmccnBproZLmlGKOKZFsAkmCvQjgMqEuMEqaj</element5><element6>SnKOSCfmYpkiRuuAupBqCZDKQgCACqDXYWGWyixVAnzXhFoDii</element6><element7>hDZrZRsdGoHvitrbmjNkxfaGomGSiXgeaJHyJirBqgHRsMIifB</element7><element8>FgefwWQzGeKSivUXIuclLJmlLJnqrxoCpFdspGlKeHCKxmwMQh</element8><element9>PogwbWrqhGhDSdZjKdHolQTMVPDJcjrLxjbOaXDPiaUgdwTjir</element9><element10>dRiEtcRTOeJzSBAuoBTPsWSbRmXvyeQlhyypUkCGQuVrOhULLa</element10><element11>SQLcLArUsSYbqIOPgDrsOxLRgRnzVYIoDwSdVcpsaKCUMPZXcR</element11></root>