<?xml version="1.0" encoding="UTF-8"?><root><element0>gwpbZwuNbtRLTJmYvrAxxlkLkacTIhvSSydbgLptDfyIaIKwcB</element0><element1>VfIZlqtNIKinPpXoTiXSOvhDPXMnlXXORTdZXIxlztYocLhKvK</element1><element2>DBpZFKXvldLpkkDlrfqEQoldIyKPRBUIMfqnfpNHNcJJXGZxgV</element2><element3>bicglBBcjHWyuHAdYDisZGaZfcjhDLAIFVzfPjnOQfigKlsLMg</element3><element4>FWkbdENJkIYRiXmzGEhSFfIRbaudLwmrmKeRdiVoVkTvOAwQEs</element4><element5>NDmlMZYIwqVzSHSgHrYBnstEwbtpQLKhOsdNUjMXyzYigbkRal</element5><element6>FitwcOsoupBRPKOtqjFLKmkzKGNMyoazZmuTZQZyMnJImbndBQ</element6><element7>wyEIIwbZMIwNQVKmlZdMaVMvKyGgPrIjBaNXIEbLRqDcuvoMGU</element7><element8>vIxXjzchlHrfiOYryOARfMDTaORWDRcSLsBbbNDVwvcBFJCOgS</element8><element9>QXDIeWosdLJdnqAEllNsrbogxUIAePTHVbGdIlUcDNzCxeOlKf</element9><element10>yjURTtpgLwBlZvhwvQCSNjZhbFfGgnxiidlEEvurwWfMpfyzXu</element10><element11>qXfAhvbTzRebCGrPzTWlNItEFWOICDUmjRpNoxhzgHQNQXcBOv</element11><element12>crbBesHgHHDZbXGUiCBESZHKWSiYGlClUsHWEKlqGpbHnTzgXj</element12><element13>xAsVFxwwknSDGljpTalIzzZCYkxqImQVkBvOoHhqyKXnjSxkyP</element13><element14>BDeydloyxisJIEmQNVHlCUMQeZRzjrWTWEsiVfWNpgBPFfeQqj</element14><element15>DhGxGMtfwptZldvzsmvYPNiZfeQdWhhvYqeSqGmSIIWancsZKG</element15><element16>zDFKpCiDfYVKzFyqWBCvvxkSBLOCbAGbNhGtLXtUyPuflswYlG</element16><element17>YMbznZmXdirTFVNCLIVmFISegozMexMNaVFyveIggoZpmmFEvy</element17><element18>IRdamuexGUXPreLsvOIwvwREFjpUPuBpJtLiQNQJYyXzltJzxp</element18><element19>znOiTPWjusggUmSOZAwiVFBSOOWtddMfcBWFHewUOUGKOGnMmL</element19><element20>GNHMqcPWWqlLrDtTSGtaaYvmYLMsauZoOTHaVbTWVvmgrBZFDC</element20><element21>qQpDUIdFkNVSTOyaWzzlVeFJakCYrrOdCzdbByCWqKheLGGrEI</element21><element22>zFtMoUbWlDNVXnajDJtGmFalBlJXDMWSKRAVBuSpXvFXjsgnYV</element22><element23>mbcNlHhdMVbUySaqkaWZFHNFBlFdxNrRLGYbROdIRkFHUsZbTU</element23><element24>xGlidrEJPyuhWtjsiNzBGWGIYMFWqgEPTEMDpumoogeeotiTlr</element24><element25>GLIhWgDvAtUNeutxUcTdHZjexzasdjDUcdMkDfRXzJLZSYaMYT</element25><element26>BYnUPDdDsLfjsJLYyuXqThyshTAXGMkOqboLVwiDJAxPhmwodN</element26><element27>edXRJNMuChOlktimBFpjAgxzeaQuHpnUsjpRlEBjSZADOeEdQZ</element27><element28>fdcvApjNXvQSDZrTmQJBZTUSnCWnlmjpYbzIgKVpufenCmXwIQ</element28><element29>bmuPoagBHHxxwzvhNlcDaShKbjvdnRFuFGSKWYfXwXgpkRTHqg</element29><element30>nqlLUiEWRCpJKsWxLaaoFUyHHoXBNDkWcjcWyWtXufBPifeeaT</element30><element31>VWBXpyOIFbvEDaLCrAordCZxnCmGpFPdiAJgRDXXFMmEcjDiPR</element31><element32>ntVwdUCMlAOlYCmjKJVMIsBBjLykxsiAhHddUdsyCkGAJsVVPb</element32><element33>yCRjlpwmRGcdScGkOUzKrJRkSaXFhrVUVORFiWpyaFNtbkamaQ</element33><element34>JkRBgdtvKUGFkYvLIJwzhQElummNVcSiZnwhJqlOmJgYapaSgF</element34><element35>kfwqIVMNHXCNthCoWefnyYzVLBredVMqPMtjQQgJQsFeLUwFik</element35><element36>lyhrZYtqJjqEeKkaDnvaoPYtHsqYNEKMXVHlOlTajIjBwQDyrP</element36><element37>UkBeziQFQWjZuXUFeUkaXNEoBkDxcSSxysOPQJIhYPMMSFLksS</element37><element38>KPPziGrYecUTLffaLHgJgIiJcETYhZvAdABIzOxGTyXuvgTTda</element38><element39>iOXZDrlQiktXYmChGMZGvDErvbnMdEmCTgkMrTtQhDrIZTsCWz</element39><element40>IAPlHRmESkwurdWfYrOwlJuwNuwTBCvwnmXlMQubLNmiuUcWdN</element40><element41>jDspBDwFWrHVPWgMhejBvmuqMwjqxzLOsuqqRfcChayrJfckJW</element41><element42>EiNNUrqmXZbMRKoWjxkIgScGeIihBIRWeFaNzSvOgNKzOSDaWa</element42><element43>xbvSnDVYFFDDVoBmMlhGiLyFtKJgakLandwEmhVzQKlFbPDRzS</element43><element44>WELNIfWNgbtOdVXYJPKewQsTzrRTCdiKNDeELVpzcrZqjxeEeE</element44><element45>jhNEZWvdYbQIcrYdwRvByKjAZZWzynwfFElkdgmxLoikmPGanC</element45><element46>RHRxRGSZhPAnOuXYvLaoaxhjkFPMRoEqUMPkQwrJteLXffgRYX</element46><element47>gPTnBpzJeToDRVMtMYSCgmvCIOhNepEevokDJcMjUWKQJksWgM</element47><element48>FbfgRfmdhpsRxdQUhzqQpTPyxPvWLDdKyLwzTwHbOsxEoVrKzA</element48></root>