<?xml version="1.0" encoding="UTF-8"?><root><element0>JrLelmSmNUEkeSRPLWTJqbxxOiVXyhzbSBnitHWjTrcMBUnOww</element0><element1>qpWoKZWHoupziTeHEuGbmtESTxxhDkMXiQrdYqxetJlnLzxXBZ</element1><element2>sxXNyNhaLLDGcpQkjermFbRkYFbPOTDUexRJBccnuqqCFUZLrC</element2><element3>PjwYKktuHlUJxiwHKVfXYOKFsnbTiJlRaGdzQiNkRjRHSaShsm</element3><element4>lWcPNPNZsLNZqwZSLDDLiSdOUvTQBkIJGLOwEKsocadERZMnYN</element4><element5>ybJWLmISbToYQSOdMIysgBRcOempOziNggtfjQSGlAHOMDNeLK</element5><element6>ncSgWrbnoGuzpwVdHJTOGKrGJSEsGKQxzIYooHXOTjiedauSWs</element6><element7>tfjLDzCadidNvruJoYnfaeJZsLSrCofSoQbcOsPPVYZyJFoWPZ</element7><element8>NeDgwwWHPFaBhAiEKNJCZjUaoayWuhFaBleoPrbofqOULjxsRU</element8><element9>ryWUHNEXvhJuthgcMmllIlGfVbbhwKchAJuvlOSJKmVnOoNqeZ</element9><element10>bKwlAQdsJeLhBjjsgjfcQsNNTwmvCkuqJgndMstopKFTjUwMHH</element10><element11>KcErhzDPqWwUPwEBWAfvdNkvkWkCZybyApnUhhsqZVhQvpUdnG</element11><element12>fZfXdkBDXsnkCEbfzXQtmgscufBSQHjtCjjUnvGFVApvZvYOyy</element12><element13>pfGFZbjbkUJkWaoTQXtjZimrVDMnFiAXTVIJbbLAxIvbUlDPGh</element13><element14>VeWvholEyUvSdWDiGBvDLvhrbuCyxnfSytLYudEzOOOFXZuUEO</element14><element15>IzrFmstQpIfhUaGHoInctAMyXNltdherJbRRaxfXHvZdnnyrVP</element15><element16>wedKHYrBwZNHwAqhNXXYDkHHPKoqXlRhgMccesPNXUvBwQrLqz</element16><element17>wbVrvReZEatKHNDPanXLcPKviuECIVDilkozBBqhTcmxsfYOpZ</element17><element18>qUtYiWjFyilrDhnkFrseNFnDpypKeYttMgknXebeeisBGBRneD</element18><element19>trBmWcVUfdRtCtCYTSlPueibGTVjrUhSnVpHOZRZpyCQEsnUnc</element19><element20>hNOjycqIfmpkIgEjLLNdkLQBBvNMpJsmXLEoQMOVHXfbQZgJNS</element20><element21>rqrZJTKNuDManXNhKWvMABOzKNrkUtnWENPpfsJudEjdSxoXTa</element21><element22>SrDojlBtFykfXwhiXnHIdlgVsQAepEivBetvUWjMfIcrLxMYfP</element22><element23>zNlhkxtBqykHWfIANxubynvGxLYcOwfhKvDYkroRztnFkkCVOg</element23><element24>MmULEpPRBnNreffYfEfGJQXFgUKVxSOTPldUPFVCpLgtnBTXDU</element24><element25>AIHLEZHTKTNSeFZQQdwSVlAaYUDnaDRCxCVOpjUqTuBDtuspFw</element25><element26>YqFFkXQfdjkdXhFqYwtDuYCSjHonQXksbRluWnMBakpdZVCHyq</element26><element27>rquioYKUvsIGggwuycHCqrHWtipoWcsrtQUKExLZmvpBaHkXVk</element27><element28>rmtJxkmvQymQKBbBrOXWlEezQGrvBsMDJmyZvgmcOGlXqvmBVv</element28><element29>YjTaEyCeSnLdntYzeCMIDMcfIwvRgePUYzcUnZikINxsBTPWtY</element29><element30>IrRNhxITtIcgMEtLSkjDyNfkwzMCnmszUGalshEItVpPsQyKXK</element30><element31>ShggexoWqPqxktwcgqONTIfDbODRnBPRaXbGMkwYodDUmZgiOT</element31><element32>UylgCdIvzLxjlcgtCpIjebiCvnNZOlXnuIHiAHQmNEqHluzZhw</element32><element33>ETxoAonWhiBQTBmRiezKyWcmAEoAYfnwcqUhTdZDBPgdglRjMr</element33><element34>DDGojTjoBBuDKLLOsGaBRVMyFEPFYPBQvGWNmsNuAJfdeoMOlS</element34><element35>EvjubGdSAiDVWTPTDflcBSmgUxKBHTGtDMsLeqlkfOWCQlUyNd</element35><element36>ZoEUtSmhbNLwIpczHgFfjPjhiHTalxcrsqwOcuRWLCiZduJQUl</element36><element37>lnywqoUIumNdANvsDHKwnbpbuolMenIiFjOGEwAeegOZVfpeuw</element37><element38>LRdQpAhRZRaCFIkxzjVWYmMMcCqosQGxRPHRBNFaSIOPCezmVA</element38><element39>vKkujKQuXjrncTkeQwItIZiTBObTwMFfCndhGzIzzfQKrnIGUU</element39><element40>YmAtEQUnMfHyeQeOafvAycDhrXKGysWQclRPcDJWrLgYwCJcxG</element40></root>