<?xml version="1.0" encoding="UTF-8"?><root><element0>wRQFBcBcKMuNEcCEZLPYlPLVHjDJwSQqtdKMnQaGCQzosoBTPT</element0><element1>xBVUDoYqozHDbrTOIbVOKYpuAodVKGDUAzTBgxweheIAzlUmyM</element1><element2>mkgMCjYVcpIsvvfhHKffYKWLOFyIIuGlokcKVmkKanYkeKrmam</element2><element3>UAeJmHcqSJiLiWnXBkjuJzBUuCzOxFwyQZvUlghyvMLlDOYQNu</element3><element4>yuJDuAoIOyvAVaCuwKUueVQLbxiUVqtzmpBWOBLZufulKbIqmE</element4><element5>SIZUpArMHjDzuvrcOWlzqrpDKVyZlZTuQdgMLXTGRnIsesQeZx</element5><element6>nXrhmONRHswddYKyTdbenfPuAkAzVEqqVrFpFYtAhgCMAneJXV</element6><element7>ySYFpXrDltGNDaXacpaRTSrCFefFajYOKQNYEVnQiJznCEgYpd</element7><element8>cyLGpIBXvmdHdDuxQWpyZiQcoEXeMzuGUIrVtnAARDxKNKzEgp</element8><element9>WSIEmbDGAtfteMdFtFMIzxqMQdlgggpBfPukdAhmSpghKsseyC</element9><element10>KwsOyZOHCmMPMqWLMZsSZhlocgatZQBTMaWQEXSyhohPSUQkVC</element10><element11>YiAhkJsXwVRjEuxDGUkkStGVXlfaIzEHdzCZgwgocJfzhaHonG</element11><element12>mwtkeLmemZGcZROlsmoLyPlcppCsDKPCQnAshzcDhnnAPvZrNV</element12><element13>rdalxGBlnRnIRcNEIopGPtEORnLoDfhfHIaMQukjBxAKQUIfTD</element13><element14>uybdEBWwUDTqsgLvswBcYogFMuzSytsEPbtHMeRshIuiyHtpsU</element14><element15>ggORCUMcgzlTudivBwCWKQQthvTHtkYlNjXhzXflRnSikUXGfI</element15><element16>yNaGeaBRjDlIkWLLywnAjpqnErynEhAbBQxFmraDBFxHhPqTCJ</element16><element17>mvKJeVElTlmRWDpEqTHvVuCEVfPUfgExoPmwzXEcrglVWBtQBS</element17><element18>JhvhKLBjltQxDDkGRuUalFuopUpEkDgzNShOtTNXuZScUeUIFL</element18><element19>PxzsqMPLmHkpgGiiyDMbExfeoUIlvqNoeFKcTZdWzBMhaumcHz</element19><element20>eObtfYZfyovuGsqVrOlWFDLJGhvpoCVAcqxxPTCoeWgrkNLUIF</element20><element21>sitxwYJPGHjkdQLYFwAWKeGgQGDPkOyAkOKJEDCADbBwaZCfOF</element21><element22>GmUiLteqvWlJfQdGprCZlgKFCBFBJgJqjHcuvxBvzsGTqesZsp</element22><element23>oYEuTGsZNjSQQYSqeeAbIDuTZzjECYyyfhWIqfVmmQQGcVsnMv</element23><element24>zDUahLeInRwjNLvZVNkGzBuanruaAsVDATVzkaGNpNnDRUXrEg</element24><element25>YzDBkLxzpIaeaqPhzMOrzIHChMbznGiMoxzZtOQjlVicNXdLfi</element25><element26>XMDwXtgrSoKUBtqHecmEkIYsTUGHrESZjxyRJxftYNGlZUnCuj</element26><element27>eZlrhmHYsxjMZFzAWyCVkxkDTVuNZKjuarNjQtZWkgmwreAyBz</element27><element28>WFjbfJrAIoCgUcbBZsCMNCpPCulzhsFKHyUpdReRHOVOuTPtMJ</element28><element29>xtXCjNaTtADpCPyCKOunnlVtgEPdxpIoFVLojkHpyPoUacRriS</element29><element30>SglpozkOHxKHLGEhltAdzvFBoJtSGuntGZXRWTysYbaeCvhdhY</element30><element31>aVPNvqnSgxNkKdUdsZFnEJZsAPDDTbqqByZiuBvzezhQlIxBaN</element31><element32>ylnpbgQyYrgGOdhDcZwndFiASpzhfgdamlvBDdkTHgZnsWgeWW</element32><element33>vTcjulfJVVelhyZwPAQgOjoFuqScvFlXbYGnaQkJmFxqIhpqai</element33><element34>rqpRASHWhIVjpgEGTviXRjJqHduIWjrRHcyeemNoVuiNldGRUp</element34><element35>uqLuTVkPqONdZnbEzGpyUpBHXjRlrLXedARxEHwIAYAIUQAwfR</element35><element36>BRBaidInyfDBHQFplLtCNintinzLSbXOJhDuyzysDqInzYkFlZ</element36><element37>CidvqbXwwaUzhjEYQqyQlaYVkcQRdJrXkXEwZrJWRMnZijnnZB</element37><element38>sEthUkSnmJUsuDMaZljqbYBdKyljyoShuORIolHrXxwRYQQKgk</element38><element39>lAuRmNyJXEehAxXrHRUPmINUQXmLpcFvQgOGJadWSeoXeizWQm</element39></root>