<?xml version="1.0" encoding="UTF-8"?><root><element0>DrpIChaiOOMsGtIBxauzYhEgUsFGnxlprEJgeOkVLFLMpsNQTF</element0><element1>PqUJnLJJIboqPkkoSmUsDfIkBlXBabKLemMDfccJQYNVchQKQJ</element1><element2>kPrjMigpPmATnmKtIwBmALgjgLnnbdecZkvHtjUpcNFojaPWwX</element2><element3>kJhhISDuvHrILlZJadIjcCmvNfkFuRRmgtHWQrskywytRjPLgE</element3><element4>WWYHwiKYVVMUgphddeNiMxfeltfmeWiWYVwpghTwHpKoxCtIZW</element4><element5>eKQpKyzsCflFpuyXDsjkytdbFfRgMTYUTgsjQteVynGKxVNwHC</element5><element6>gvWJZVnddXrAMApgeUlGeZuPKfesInBVYLdtuAzeeQnqqeTpDf</element6><element7>zeEpXXfTXHMjnNfvnsTLbKUgOKifQieNKrSWDpukpnXsxkCSBW</element7><element8>woUGqeIWblYcDMZVDsjiHzArUzTarenqUNbnfbevwhiQFSmaxo</element8><element9>XMnWjiMddauHEQSZzWvRJeDyfhIcmAWXflHMxpEcYNLUhlpcRu</element9><element10>rVfdkHRZUYnifWFWjlhEONYnITFzVhOCHcUYIeUWFibnZMFCeE</element10><element11>BzWQYduSrsUohwWEtyGPLxrxsPdlVLRUydwOIwwaePOfZiUFUS</element11><element12>TrwoiMNZjzOiUqLvWHcAAOChMALFDKkrEwiskpdiYrqOzDUtiI</element12><element13>bOiRGAQwytoqDDkCPcQJlKeDszosnAspeBkXFWiGXssYFcLYTS</element13><element14>LNgUccjJdYWQxqAmPDgQNALFMfnNAERNoGAAWRWYRoHQikOexO</element14><element15>sJkjnvfjybxJkQDDKtfJdcqXItQuHjwyTqRrTTfncnsBYYGDPL</element15><element16>LdhLrzAudBZmjcGEbKMbAsIxYtKvqkHYrpCPHsuKRelWSnMGik</element16><element17>WgVxqUHsFoiHdUeSrCkkCuVYJtbjkyPYlnqZIFxuwDRQnbPfGR</element17><element18>HPHiVqaByPiOIyqlUlEtCiuLqNGcUOKVWSPjtZQPvLKACifbJJ</element18><element19>cCktlSTSDEthnLIChHDHUPgAgQlYGUEOHMEjTByScXbBFiAEXU</element19><element20>TUDMehzjfUuDOCNHMYSIGDTXjKJVeOAkUammTanlARBFclVFAc</element20><element21>FLtuhlyLOEUEbtwxwrJrztgjdZobrfEDQGRNtEbAHhbYOPgwGc</element21><element22>qymAPLqKLHpRlLedVNtOWuTOIAwbZuwthQJhOTbKGwMkqESfdh</element22><element23>GnLvkubyMesEjCCkJVVSyLSlIZBXPfrFIchmeenXrvYmocroEv</element23><element24>hPBzEAvYTiXzYGZgpggtSXnNZnzckIrTDzJUEOnyziUMqwGKpt</element24><element25>sauxKQgDuawfHEIpTVOreAUVuvlPZYEiuKtkzaNCmgZwbpgYdz</element25><element26>ojUxuqGnPwSheumgEUDgNuakfbVSNdKOytnefGKxDRMDKkBuho</element26><element27>FKQzDlCfEETnAlPJsyOlwCAEZJXqKyHJpFVPadWgHAOMMggiLT</element27><element28>MqTSBRLwHjUcBpYKfnewJpyyyjHAObETKpKZZNkhdzFWRyHafC</element28><element29>EMdiKxQdAmMVDzOqytqinIFUUzYpoDKVDqkpoNIAGAcUaSAOiu</element29><element30>xdPKhbPOGlZXkZfLPvAopwJuREKQKdRwMTuMBGOaptPxjBJSPR</element30><element31>WRGbSAUYvjdpeYPmYPptwpwjnTtcnmUQBlApMECAkUomQZPLfY</element31><element32>gEREKZWNBirSwFpFElrQCtleKlKkrcwhyjjRMOoQGVufuqDwCA</element32><element33>RXPkJGKJGlDbsnbCmhTlFvMFFiFRrmVOTLgJlVYbgfKTobnikC</element33><element34>ZSyIErPXdOnqNZmcVfyZeReNQyDEyiDqUxhlfczsOyGPBsfPao</element34><element35>PhWUBdlzWLRIwhdgdVIiTiBBbJaexQTzZcpTaKUfpGAZJtKYpq</element35><element36>wXoPkeXCzUWJpLgOjiTrBBQCPjgwpEbAyzBZSPxyIntqnXeXsv</element36><element37>VqfGLSwiNcDxZfymxHVoVxfXMJSgczcopivIAnIIuJbwiHvrGQ</element37><element38>STfScyXDoYJHKtnDYZUGxpDcQFmkvwDDnXasiXRexHRnkWyJwQ</element38><element39>OcMfQfLescngNqBBVOIdPYMnitaWVnhffyxwqXAbJwPJMKVMar</element39><element40>qXsoigViJdLYZmTpczDnxoYAmoDnlFzJfGNXxUzEuvdhxtBDOJ</element40><element41>GZtskGoyzbmvRIjWiFWMarfjWocPGeSWCsykfUrUjncWLcKcUz</element41><element42>JNimMOQLUuZsVJzpJDPgZxuPGFCkziYjbIxwHKULXUXFPqlPAP</element42><element43>ZkgJjQWVAbiruaVlOkAzmjuKRZPZTzkAOyKANMapjVOfBKdFol</element43><element44>bqQPYMKUTidKZOriShvKONFlkUUCdzHuBpXpOkZTTQmcAeWBHg</element44></root>